Unnamed: 0,actual_price,average_rating,brand,category,description,discount,pid,selling_price,sub_category,title,discount_rate,sales,repeat_rate,text,fabric,color,main_color,style
0,2999.0,3.9,Yorker,Clothing and Accessories,"Yorker trackpants made from 100% rich combed cotton giving it a rich look.Designed for Comfort,Skin friendly fabric,itch-free waistband & great for all year round use Proudly made in India",69% off,TKPFCZ9EA7H5FYZH,921.0,Bottomwear,Solid Men Multicolor Track Pants,0.3071023674558186,2861,0.0327,"Solid Men Multicolor Track Pants Yorker trackpants made from 100% rich combed cotton giving it a rich look.Designed for Comfort,Skin friendly fabric,itch-free waistband & great for all year round use Proudly made in India",100% rich comb,Multicolor,white,style_2
1,1499.0,3.9,Yorker,Clothing and Accessories,"Yorker trackpants made from 100% rich combed cotton giving it a rich look.Designed for Comfort,Skin friendly fabric,itch-free waistband & great for all year round use Proudly made in India",66% off,TKPFCZ9EJZV2UVRZ,499.0,Bottomwear,Solid Men Blue Track Pants,0.3328885923949299,3996,0.0346,"Solid Men Blue Track Pants Yorker trackpants made from 100% rich combed cotton giving it a rich look.Designed for Comfort,Skin friendly fabric,itch-free waistband & great for all year round use Proudly made in India",100% rich comb,Blue,white,style_2
2,2999.0,3.9,Yorker,Clothing and Accessories,"Yorker trackpants made from 100% rich combed cotton giving it a rich look.Designed for Comfort,Skin friendly fabric,itch-free waistband & great for all year round use Proudly made in India",68% off,TKPFCZ9EHFCY5Z4Y,931.0,Bottomwear,Solid Men Multicolor Track Pants,0.3104368122707569,3532,0.0365,"Solid Men Multicolor Track Pants Yorker trackpants made from 100% rich combed cotton giving it a rich look.Designed for Comfort,Skin friendly fabric,itch-free waistband & great for all year round use Proudly made in India",100% rich comb,Multicolor,white,style_2
3,2999.0,3.9,Yorker,Clothing and Accessories,"Yorker trackpants made from 100% rich combed cotton giving it a rich look.Designed for Comfort,Skin friendly fabric,itch-free waistband & great for all year round use Proudly made in India",69% off,TKPFCZ9ESZZ7YWEF,911.0,Bottomwear,Solid Men Multicolor Track Pants,0.3037679226408803,3270,0.0277,"Solid Men Multicolor Track Pants Yorker trackpants made from 100% rich combed cotton giving it a rich look.Designed for Comfort,Skin friendly fabric,itch-free waistband & great for all year round use Proudly made in India",100% rich comb,Multicolor,white,style_2
4,2999.0,3.9,Yorker,Clothing and Accessories,"Yorker trackpants made from 100% rich combed cotton giving it a rich look.Designed for Comfort,Skin friendly fabric,itch-free waistband & great for all year round use Proudly made in India",68% off,TKPFCZ9EVXKBSUD7,943.0,Bottomwear,"Solid Men Brown, Grey Track Pants",0.3144381460486829,2467,0.0316,"Solid Men Brown, Grey Track Pants Yorker trackpants made from 100% rich combed cotton giving it a rich look.Designed for Comfort,Skin friendly fabric,itch-free waistband & great for all year round use Proudly made in India",100% rich comb,"Brown, Grey",white,style_2
5,4499.0,3.8,Yorker,Clothing and Accessories,"Yorker trackpants made from 100% rich combed cotton giving it a rich look.Designed for Comfort,Skin friendly fabric,itch-free waistband & great for all year round use Proudly made in India",74% off,TKPFCZ9EFK9DNWDA,1169.0,Bottomwear,Solid Men Multicolor Track Pants,0.2598355190042231,2346,0.0284,"Solid Men Multicolor Track Pants Yorker trackpants made from 100% rich combed cotton giving it a rich look.Designed for Comfort,Skin friendly fabric,itch-free waistband & great for all year round use Proudly made in India",100% rich comb,Multicolor,white,style_2
6,1499.0,3.8,Yorker,Clothing and Accessories,"Yorker trackpants made from 100% rich combed cotton giving it a rich look.Designed for Comfort,Skin friendly fabric,itch-free waistband & great for all year round use Proudly made in India",68% off,TKPFDABN3GXYPFHE,466.0,Bottomwear,Solid Men Dark Blue Track Pants,0.3108739159439626,2246,0.0397,"Solid Men Dark Blue Track Pants Yorker trackpants made from 100% rich combed cotton giving it a rich look.Designed for Comfort,Skin friendly fabric,itch-free waistband & great for all year round use Proudly made in India",100% rich comb,Dark Blue,white,style_2
7,1499.0,3.8,Yorker,Clothing and Accessories,"Yorker trackpants made from 100% rich combed cotton giving it a rich look.Designed for Comfort,Skin friendly fabric,itch-free waistband & great for all year round use Proudly made in India",63% off,TKPFCZ9ESGZYT8NH,545.0,Bottomwear,Solid Men Beige Track Pants,0.3635757171447631,3854,0.0338,"Solid Men Beige Track Pants Yorker trackpants made from 100% rich combed cotton giving it a rich look.Designed for Comfort,Skin friendly fabric,itch-free waistband & great for all year round use Proudly made in India",100% rich comb,Beige,gray,style_2
8,1499.0,3.8,Yorker,Clothing and Accessories,"Yorker trackpants made from 100% rich combed cotton giving it a rich look.Designed for Comfort,Skin friendly fabric,itch-free waistband & great for all year round use Proudly made in India",67% off,TKPFCZ9DYU33FFXS,489.0,Bottomwear,Solid Men Black Track Pants,0.3262174783188792,3274,0.0378,"Solid Men Black Track Pants Yorker trackpants made from 100% rich combed cotton giving it a rich look.Designed for Comfort,Skin friendly fabric,itch-free waistband & great for all year round use Proudly made in India",100% rich comb,Black,white,style_2
9,1499.0,3.7,Yorker,Clothing and Accessories,"Yorker trackpants made from 100% rich combed cotton giving it a rich look.Designed for Comfort,Skin friendly fabric,itch-free waistband & great for all year round use Proudly made in India",64% off,TKPFDABN4NQFVKZY,531.0,Bottomwear,Solid Men Grey Track Pants,0.3542361574382922,3481,0.0323,"Solid Men Grey Track Pants Yorker trackpants made from 100% rich combed cotton giving it a rich look.Designed for Comfort,Skin friendly fabric,itch-free waistband & great for all year round use Proudly made in India",100% rich comb,Grey,beige,style_2
10,4499.0,3.8,Yorker,Clothing and Accessories,"Yorker trackpants made from 100% rich combed cotton giving it a rich look.Designed for Comfort,Skin friendly fabric,itch-free waistband & great for all year round use Proudly made in India",76% off,TKPFCZ9ENWGMX23W,1074.0,Bottomwear,"Checkered Men Blue, Black, Grey Track Pants",0.2387197154923316,2076,0.0272,"Checkered Men Blue, Black, Grey Track Pants Yorker trackpants made from 100% rich combed cotton giving it a rich look.Designed for Comfort,Skin friendly fabric,itch-free waistband & great for all year round use Proudly made in India",100% rich comb,"Blue, Black, Grey",white,style_2
19,2999.0,3.9,Yorker,Clothing and Accessories,"Yorker trackpants made from 100% rich combed cotton giving it a rich look.Designed for Comfort,Skin friendly fabric,itch-free waistband & great for all year round use Proudly made in India",69% off,TKPFCZ9EHCNAPKPU,921.0,Bottomwear,Solid Men Multicolor Track Pants,0.3071023674558186,2706,0.0284,"Solid Men Multicolor Track Pants Yorker trackpants made from 100% rich combed cotton giving it a rich look.Designed for Comfort,Skin friendly fabric,itch-free waistband & great for all year round use Proudly made in India",100% rich comb,Multicolor,white,style_2
20,1799.0,4.5,Yorker,Clothing and Accessories,"Yorker trackpants made from 100% rich combed cotton giving it a rich look.Designed for Comfort,Skin friendly fabric,itch-free waistband & great for all year round use Proudly made in India",70% off,TKPFDACEXAWUHGR7,531.0,Bottomwear,Solid Men Dark Blue Track Pants,0.2951639799888827,3561,0.0421,"Solid Men Dark Blue Track Pants Yorker trackpants made from 100% rich combed cotton giving it a rich look.Designed for Comfort,Skin friendly fabric,itch-free waistband & great for all year round use Proudly made in India",100% rich comb,Dark Blue,white,style_2
21,1499.0,3.8,Yorker,Clothing and Accessories,"Yorker trackpants made from 100% rich combed cotton giving it a rich look.Designed for Comfort,Skin friendly fabric,itch-free waistband & great for all year round use Proudly made in India",67% off,TKPFCZ9ETR6YVXNG,489.0,Bottomwear,Color Block Men Grey Track Pants,0.3262174783188792,2419,0.0342,"Color Block Men Grey Track Pants Yorker trackpants made from 100% rich combed cotton giving it a rich look.Designed for Comfort,Skin friendly fabric,itch-free waistband & great for all year round use Proudly made in India",100% rich comb,Grey,beige,style_2
22,1799.0,4.5,Yorker,Clothing and Accessories,"Yorker trackpants made from 100% rich combed cotton giving it a rich look.Designed for Comfort,Skin friendly fabric,itch-free waistband & great for all year round use Proudly made in India",70% off,TKPFD3K6K5TNYZGF,531.0,Bottomwear,Color Block Men Grey Track Pants,0.2951639799888827,2921,0.0346,"Color Block Men Grey Track Pants Yorker trackpants made from 100% rich combed cotton giving it a rich look.Designed for Comfort,Skin friendly fabric,itch-free waistband & great for all year round use Proudly made in India",100% rich comb,Grey,white,style_2
23,4599.0,3.8,Yorker,Clothing and Accessories,"Yorker trackpants made from 100% rich combed cotton giving it a rich look.Designed for Comfort,Skin friendly fabric,itch-free waistband & great for all year round use Proudly made in India",76% off,TKPFCZ9EGGYENTZS,1074.0,Bottomwear,Color Block Men Multicolor Track Pants,0.2335290280495759,2672,0.0299,"Color Block Men Multicolor Track Pants Yorker trackpants made from 100% rich combed cotton giving it a rich look.Designed for Comfort,Skin friendly fabric,itch-free waistband & great for all year round use Proudly made in India",100% rich comb,Multicolor,white,style_2
24,1799.0,4.5,Yorker,Clothing and Accessories,"Yorker trackpants made from 100% rich combed cotton giving it a rich look.Designed for Comfort,Skin friendly fabric,itch-free waistband & great for all year round use Proudly made in India",71% off,TKPFD3K6ZMN79MPH,521.0,Bottomwear,Color Block Men Blue Track Pants,0.2896053362979433,3237,0.0395,"Color Block Men Blue Track Pants Yorker trackpants made from 100% rich combed cotton giving it a rich look.Designed for Comfort,Skin friendly fabric,itch-free waistband & great for all year round use Proudly made in India",100% rich comb,Blue,white,style_2
25,1799.0,4.5,Yorker,Clothing and Accessories,"Yorker trackpants made from 100% rich combed cotton giving it a rich look.Designed for Comfort,Skin friendly fabric,itch-free waistband & great for all year round use Proudly made in India",70% off,TKPFD3K6UZBYDZNY,531.0,Bottomwear,Color Block Men Black Track Pants,0.2951639799888827,3908,0.0353,"Color Block Men Black Track Pants Yorker trackpants made from 100% rich combed cotton giving it a rich look.Designed for Comfort,Skin friendly fabric,itch-free waistband & great for all year round use Proudly made in India",100% rich comb,Black,black,style_2
26,1799.0,4.5,Yorker,Clothing and Accessories,"Yorker trackpants made from 100% rich combed cotton giving it a rich look.Designed for Comfort,Skin friendly fabric,itch-free waistband & great for all year round use Proudly made in India",71% off,TKPFD3K62JB9PEMR,511.0,Bottomwear,Solid Men Brown Track Pants,0.2840466926070039,2716,0.0316,"Solid Men Brown Track Pants Yorker trackpants made from 100% rich combed cotton giving it a rich look.Designed for Comfort,Skin friendly fabric,itch-free waistband & great for all year round use Proudly made in India",100% rich comb,Brown,gray,style_2
27,4599.0,3.8,Yorker,Clothing and Accessories,"Yorker trackpants made from 100% rich combed cotton giving it a rich look.Designed for Comfort,Skin friendly fabric,itch-free waistband & great for all year round use Proudly made in India",76% off,TKPFCZ9EZDPZR5AH,1067.0,Bottomwear,Solid Men Multicolor Track Pants,0.2320069580343552,2927,0.0311,"Solid Men Multicolor Track Pants Yorker trackpants made from 100% rich combed cotton giving it a rich look.Designed for Comfort,Skin friendly fabric,itch-free waistband & great for all year round use Proudly made in India",100% rich comb,Multicolor,white,style_2
30,1499.0,3.8,Yorker,Clothing and Accessories,"Yorker trackpants made from 100% rich combed cotton giving it a rich look.Designed for Comfort,Skin friendly fabric,itch-free waistband & great for all year round use Proudly made in India",66% off,TKPFCZ9EVM2GZ4GF,499.0,Bottomwear,Solid Men Brown Track Pants,0.3328885923949299,3299,0.037,"Solid Men Brown Track Pants Yorker trackpants made from 100% rich combed cotton giving it a rich look.Designed for Comfort,Skin friendly fabric,itch-free waistband & great for all year round use Proudly made in India",100% rich comb,Brown,white,style_2
32,2999.0,3.9,Yorker,Clothing and Accessories,"Yorker trackpants made from 100% rich combed cotton giving it a rich look.Designed for Comfort,Skin friendly fabric,itch-free waistband & great for all year round use Proudly made in India",68% off,TKPFCZ9E2UC3DR3F,931.0,Bottomwear,"Solid Men Blue, Beige Track Pants",0.3104368122707569,2291,0.0366,"Solid Men Blue, Beige Track Pants Yorker trackpants made from 100% rich combed cotton giving it a rich look.Designed for Comfort,Skin friendly fabric,itch-free waistband & great for all year round use Proudly made in India",100% rich comb,"Blue, Beige",white,style_2
33,1499.0,3.5,Yorker,Clothing and Accessories,"Yorker trackpants made from 100% rich combed cotton giving it a rich look.Designed for Comfort,Skin friendly fabric,itch-free waistband & great for all year round use Proudly made in India",64% off,TKPFCZ9ECDYYDNKA,537.0,Bottomwear,Solid Men Dark Green Track Pants,0.3582388258839226,3821,0.0368,"Solid Men Dark Green Track Pants Yorker trackpants made from 100% rich combed cotton giving it a rich look.Designed for Comfort,Skin friendly fabric,itch-free waistband & great for all year round use Proudly made in India",100% rich comb,Dark Green,white,style_2
34,399.0,4.2,Ac,Clothing and Accessories,"These men's socks from Acort house give comfort to your feet while on the move. The heavy cushion embedded in these socks keeps your feet comfortable and relaxed all day. All our cotton socks are knitted using the most advanced and cutting edge machines, ensuring that every sock is well crafted and comfortable. These socks are made of 80% combed cotton, which ensures that the socks are soft and breathable so that your feet remain comfortable and fresh all day long. They are 40% thicker and heavier than regular socks and are able to absorb sweat better, making them ideal for sports, athletic and casual activities. The inbuilt mesh ventilation layer improves air flow and breathability for enhanced comfort. The socks are available in a pack of 4 and come in Beige, Grey, Blue and black colours.",29% off,SOCFVCCYUDEN2AVH,280.0,Clothing Accessories,Men Self Design Ankle Length  (Pack of 4),0.7017543859649122,4314,0.0423,"Men Self Design Ankle Length  (Pack of 4) These men's socks from Acort house give comfort to your feet while on the move. The heavy cushion embedded in these socks keeps your feet comfortable and relaxed all day. All our cotton socks are knitted using the most advanced and cutting edge machines, ensuring that every sock is well crafted and comfortable. These socks are made of 80% combed cotton, which ensures that the socks are soft and breathable so that your feet remain comfortable and fresh all day long. They are 40% thicker and heavier than regular socks and are able to absorb sweat better, making them ideal for sports, athletic and casual activities. The inbuilt mesh ventilation layer improves air flow and breathability for enhanced comfort. The socks are available in a pack of 4 and come in Beige, Grey, Blue and black colours.",% combed cotton,"Beige, Grey, Blue, black",white,style_0
35,2469.0,4.3,nu-Lite,Clothing and Accessories,"Provides you nu-Lite men Necktie, Pocket Square, Cufflink. The tie is often the centerpiece of the dress, it's important to choose your tie wisely. These fashion accessory kits are a way to step up your wardrobe and make the perfect gift (even if it's for yourself). Either it is or a formal occasion, our classy accessory set will never fail to add that touch of class to your personality. You can wear this for long hours without any discomfort. The tie has sophisticated design and colour. Comes with elegant primary packing, great choice for gifting purpose. Each set comes with:",79% off,CTPFVZTEMJWEJJJV,499.0,Clothing Accessories,nu-Lite Satin Tie & Cufflink  (Red),0.202106115836371,3014,0.0332,"nu-Lite Satin Tie & Cufflink  (Red) Provides you nu-Lite men Necktie, Pocket Square, Cufflink. The tie is often the centerpiece of the dress, it's important to choose your tie wisely. These fashion accessory kits are a way to step up your wardrobe and make the perfect gift (even if it's for yourself). Either it is or a formal occasion, our classy accessory set will never fail to add that touch of class to your personality. You can wear this for long hours without any discomfort. The tie has sophisticated design and colour. Comes with elegant primary packing, great choice for gifting purpose. Each set comes with:",Satin,Red,white,style_0
38,2599.0,4.3,nu-Lite,Clothing and Accessories,"We NextEdgeRetails are a professional tie manufacturer. We focus on ties for many years and In our store, we have many other styles (neckties,bow ties,tie sets,etc.) for sell which are bound to meet your needs, you can click our brand name nu-Lite to choose. Our products are famous for their comfort, durability and design because of the reliable quality, our products have been highly favored of the majority of customers. Besides they also would be perfect gifts or excellent additions to your wardrobe as well as for all fashion forward men, this tie is going to be a perfect pick. Make your Monday meetings more fun with this tie and show the world your style. Wearing an elegant man tie is an effective way to make you look charming and energetic. Be stylish and make a new style statement with nu-Lite that includes a great range of formal/casual slim neckties with pocket square for men. These ties looks good with most shirts, winning you compliments wherever you go and it. Comes with elegant primary packing of wooden box, it's a great choice for gifting purpose. Material: Wrinkle-resistant with ultra-fine POLYESTER microfiber, looks and feels like silk and even more durable OCCASIONS: nu-Lite ties collection are great choices for formal, casual and less formal occasions, such as office events, dinner dates, and simple day to day activities and also for Wedding, Engagement, Prom Ball Party, Business, Office, Meeting, Birthday Gifts, Holiday Presents, Thanks Giving, Christmas, Events Dressing. HOW TO CARE: Dry Cleaning Recommended and Before the first use please use Low Temperature Ironing to smooth the wrinkles. NOTE: In case you don't like the ties simply send them back, our team is here for any question.",80% off,CTPFVZHSA7G4PFC5,499.0,Clothing Accessories,nu-Lite Satin Tie & Cufflink  (Grey),0.1919969218930357,2805,0.029,"nu-Lite Satin Tie & Cufflink  (Grey) We NextEdgeRetails are a professional tie manufacturer. We focus on ties for many years and In our store, we have many other styles (neckties,bow ties,tie sets,etc.) for sell which are bound to meet your needs, you can click our brand name nu-Lite to choose. Our products are famous for their comfort, durability and design because of the reliable quality, our products have been highly favored of the majority of customers. Besides they also would be perfect gifts or excellent additions to your wardrobe as well as for all fashion forward men, this tie is going to be a perfect pick. Make your Monday meetings more fun with this tie and show the world your style. Wearing an elegant man tie is an effective way to make you look charming and energetic. Be stylish and make a new style statement with nu-Lite that includes a great range of formal/casual slim neckties with pocket square for men. These ties looks good with most shirts, winning you compliments wherever you go and it. Comes with elegant primary packing of wooden box, it's a great choice for gifting purpose. Material: Wrinkle-resistant with ultra-fine POLYESTER microfiber, looks and feels like silk and even more durable OCCASIONS: nu-Lite ties collection are great choices for formal, casual and less formal occasions, such as office events, dinner dates, and simple day to day activities and also for Wedding, Engagement, Prom Ball Party, Business, Office, Meeting, Birthday Gifts, Holiday Presents, Thanks Giving, Christmas, Events Dressing. HOW TO CARE: Dry Cleaning Recommended and Before the first use please use Low Temperature Ironing to smooth the wrinkles. NOTE: In case you don't like the ties simply send them back, our team is here for any question.",Satin,Grey,white,style_0
39,2469.0,2.7,nu-Lite,Clothing and Accessories,"We NextEdgeRetails are a professional tie manufacturer. We focus on ties for many years and In our store, we have many other styles (neckties,bow ties,tie sets,etc.) for sell which are bound to meet your needs, you can click our brand name nu-Lite to choose. Our products are famous for their comfort, durability and design because of the reliable quality, our products have been highly favored of the majority of customers. Besides they also would be perfect gifts or excellent additions to your wardrobe as well as for all fashion forward men, this tie is going to be a perfect pick. Make your Monday meetings more fun with this tie and show the world your style. Wearing an elegant man tie is an effective way to make you look charming and energetic. Be stylish and make a new style statement with nu-Lite that includes a great range of formal/casual slim neckties with pocket square for men. These ties looks good with most shirts, winning you compliments wherever you go and it. Comes with elegant primary packing of wooden box, it's a great choice for gifting purpose. Material: Wrinkle-resistant with ultra-fine POLYESTER microfiber, looks and feels like silk and even more durable OCCASIONS: nu-Lite ties collection are great choices for formal, casual and less formal occasions, such as office events, dinner dates, and simple day to day activities and also for Wedding, Engagement, Prom Ball Party, Business, Office, Meeting, Birthday Gifts, Holiday Presents, Thanks Giving, Christmas, Events Dressing. HOW TO CARE: Dry Cleaning Recommended and Before the first use please use Low Temperature Ironing to smooth the wrinkles. NOTE: In case you don't like the ties simply send them back, our team is here for any question.",79% off,CTPFVZD8CNSZ3AMR,499.0,Clothing Accessories,nu-Lite Satin Tie & Cufflink  (Multicolor),0.202106115836371,1915,0.0279,"nu-Lite Satin Tie & Cufflink  (Multicolor) We NextEdgeRetails are a professional tie manufacturer. We focus on ties for many years and In our store, we have many other styles (neckties,bow ties,tie sets,etc.) for sell which are bound to meet your needs, you can click our brand name nu-Lite to choose. Our products are famous for their comfort, durability and design because of the reliable quality, our products have been highly favored of the majority of customers. Besides they also would be perfect gifts or excellent additions to your wardrobe as well as for all fashion forward men, this tie is going to be a perfect pick. Make your Monday meetings more fun with this tie and show the world your style. Wearing an elegant man tie is an effective way to make you look charming and energetic. Be stylish and make a new style statement with nu-Lite that includes a great range of formal/casual slim neckties with pocket square for men. These ties looks good with most shirts, winning you compliments wherever you go and it. Comes with elegant primary packing of wooden box, it's a great choice for gifting purpose. Material: Wrinkle-resistant with ultra-fine POLYESTER microfiber, looks and feels like silk and even more durable OCCASIONS: nu-Lite ties collection are great choices for formal, casual and less formal occasions, such as office events, dinner dates, and simple day to day activities and also for Wedding, Engagement, Prom Ball Party, Business, Office, Meeting, Birthday Gifts, Holiday Presents, Thanks Giving, Christmas, Events Dressing. HOW TO CARE: Dry Cleaning Recommended and Before the first use please use Low Temperature Ironing to smooth the wrinkles. NOTE: In case you don't like the ties simply send them back, our team is here for any question.",Satin,Multicolor,white,style_0
40,2469.0,2.7,nu-Lite,Clothing and Accessories,"We NextEdgeRetails are a professional tie manufacturer. We focus on ties for many years and In our store, we have many other styles (neckties,bow ties,tie sets,etc.) for sell which are bound to meet your needs, you can click our brand name Axlon to choose. Our products are famous for their comfort, durability and design because of the reliable quality, our products have been highly favored of the majority of customers. Besides they also would be perfect gifts or excellent additions to your wardrobe as well as for all fashion forward men, this tie is going to be a perfect pick. Make your Monday meetings more fun with this tie and show the world your style. Wearing an elegant man tie is an effective way to make you look charming and energetic. Be stylish and make a new style statement with Axlon that includes a great range of formal/casual slim neckties with pocket square for men. These ties looks good with most shirts, winning you compliments wherever you go and it. Comes with elegant primary packing of wooden box, it's a great choice for gifting purpose.  Material: Wrinkle-resistant with ultra-fine POLYESTER microfiber, looks and feels like silk and even more durable.  OCCASIONS: Axlon ties collection are great choices for formal, casual and less formal occasions, such as office events, dinner dates, and simple day to day activities and also for Wedding, Engagement, Prom Ball Party, Business, Office, Meeting, Birthday Gifts, Holiday Presents, Thanks Giving, Christmas, Events Dressing.  HOW TO CARE: Dry Cleaning Recommended and Before the first use please use Low Temperature Ironing to smooth the wrinkles.  NOTE: In case you don't like the ties simply send them back, our team is here for any question.",79% off,CTPFVQNNHGYFTGFN,499.0,Clothing Accessories,nu-Lite Satin Tie & Cufflink  (Blue),0.202106115836371,1535,0.0339,"nu-Lite Satin Tie & Cufflink  (Blue) We NextEdgeRetails are a professional tie manufacturer. We focus on ties for many years and In our store, we have many other styles (neckties,bow ties,tie sets,etc.) for sell which are bound to meet your needs, you can click our brand name Axlon to choose. Our products are famous for their comfort, durability and design because of the reliable quality, our products have been highly favored of the majority of customers. Besides they also would be perfect gifts or excellent additions to your wardrobe as well as for all fashion forward men, this tie is going to be a perfect pick. Make your Monday meetings more fun with this tie and show the world your style. Wearing an elegant man tie is an effective way to make you look charming and energetic. Be stylish and make a new style statement with Axlon that includes a great range of formal/casual slim neckties with pocket square for men. These ties looks good with most shirts, winning you compliments wherever you go and it. Comes with elegant primary packing of wooden box, it's a great choice for gifting purpose.  Material: Wrinkle-resistant with ultra-fine POLYESTER microfiber, looks and feels like silk and even more durable.  OCCASIONS: Axlon ties collection are great choices for formal, casual and less formal occasions, such as office events, dinner dates, and simple day to day activities and also for Wedding, Engagement, Prom Ball Party, Business, Office, Meeting, Birthday Gifts, Holiday Presents, Thanks Giving, Christmas, Events Dressing.  HOW TO CARE: Dry Cleaning Recommended and Before the first use please use Low Temperature Ironing to smooth the wrinkles.  NOTE: In case you don't like the ties simply send them back, our team is here for any question.",POLYESTER,Blue,white,style_0
41,3299.0,2.7,nu-Lite,Clothing and Accessories,"Wearing an elegant man tie is an effective way to make you look charming and energetic. nu-Lite includes an amazing range of formal/casual slim neckties with pocket square for men. Further the classy & stylish appeal of these ties will certainly appeal to all & is bound to turn all heads. Adding complementing pocket square will enhance overall attire. It looks great with any dress or button up shirt. We have an enormous selection of ties to choose from, you can find the most elegant necktie designs and colors for each season of the year. These ties looks good with most shirts, winning you compliments wherever you go. Comes with elegant primary packing, great choice for gifting purpose. Each set comes with:",81% off,CTPFVZT3UFN99ZTH,599.0,Clothing Accessories,nu-Lite Satin Tie & Cufflink  (Yellow),0.1815701727796302,1952,0.0286,"nu-Lite Satin Tie & Cufflink  (Yellow) Wearing an elegant man tie is an effective way to make you look charming and energetic. nu-Lite includes an amazing range of formal/casual slim neckties with pocket square for men. Further the classy & stylish appeal of these ties will certainly appeal to all & is bound to turn all heads. Adding complementing pocket square will enhance overall attire. It looks great with any dress or button up shirt. We have an enormous selection of ties to choose from, you can find the most elegant necktie designs and colors for each season of the year. These ties looks good with most shirts, winning you compliments wherever you go. Comes with elegant primary packing, great choice for gifting purpose. Each set comes with:",Satin,Yellow,white,style_0
43,2599.0,4.5,nu-Lite,Clothing and Accessories,"We are professional tie manufacturer. We focus on ties for many years and In our store, we have many other styles (neckties,bow ties,tie sets,etc.) for sell which are bound to meet your needs, you can click our brand name nu-Lite to choose. Our products are famous for their comfort, durability and design because of the reliable quality, our products have been highly favored of the majority of customers. Besides they also would be perfect gifts or excellent additions to your wardrobe as well as for all fashion forward men, this tie is going to be a perfect pick. Make your Monday meetings more fun with this tie and show the world your style. Wearing an elegant man tie is an effective way to make you look charming and energetic. Be stylish and make a new style statement with nu-Lite that includes a great range of formal/casual slim neckties with pocket square for men. These ties looks good with most shirts, winning you compliments wherever you go and it. Comes with elegant primary packing of wooden box, it's a great choice for gifting purpose. Material: Wrinkle-resistant with ultra-fine POLYESTER microfiber, looks and feels like silk and even more durable OCCASIONS: nu-Lite ties collection are great choices for formal, casual and less formal occasions, such as office events, dinner dates, and simple day to day activities and also for Wedding, Engagement, Prom Ball Party, Business, Office, Meeting, Birthday Gifts, Holiday Presents, Thanks Giving, Christmas, Events Dressing. HOW TO CARE: Dry Cleaning Recommended and Before the first use please use Low Temperature Ironing to smooth the wrinkles. NOTE: In case you don't like the ties simply send them back, our team is here for any question.",80% off,CTPFVSU7CXFCXEHD,499.0,Clothing Accessories,nu-Lite Satin Tie & Cufflink  (Blue),0.1919969218930357,3233,0.0332,"nu-Lite Satin Tie & Cufflink  (Blue) We are professional tie manufacturer. We focus on ties for many years and In our store, we have many other styles (neckties,bow ties,tie sets,etc.) for sell which are bound to meet your needs, you can click our brand name nu-Lite to choose. Our products are famous for their comfort, durability and design because of the reliable quality, our products have been highly favored of the majority of customers. Besides they also would be perfect gifts or excellent additions to your wardrobe as well as for all fashion forward men, this tie is going to be a perfect pick. Make your Monday meetings more fun with this tie and show the world your style. Wearing an elegant man tie is an effective way to make you look charming and energetic. Be stylish and make a new style statement with nu-Lite that includes a great range of formal/casual slim neckties with pocket square for men. These ties looks good with most shirts, winning you compliments wherever you go and it. Comes with elegant primary packing of wooden box, it's a great choice for gifting purpose. Material: Wrinkle-resistant with ultra-fine POLYESTER microfiber, looks and feels like silk and even more durable OCCASIONS: nu-Lite ties collection are great choices for formal, casual and less formal occasions, such as office events, dinner dates, and simple day to day activities and also for Wedding, Engagement, Prom Ball Party, Business, Office, Meeting, Birthday Gifts, Holiday Presents, Thanks Giving, Christmas, Events Dressing. HOW TO CARE: Dry Cleaning Recommended and Before the first use please use Low Temperature Ironing to smooth the wrinkles. NOTE: In case you don't like the ties simply send them back, our team is here for any question.",POLYESTER,Blue,white,style_0
44,2469.0,2.7,nu-Lite,Clothing and Accessories,"We NextEdgeRetails are a professional tie manufacturer. We focus on ties for many years and In our store, we have many other styles (neckties,bow ties,tie sets,etc.) for sell which are bound to meet your needs, you can click our brand name nu-Lite to choose. Our products are famous for their comfort, durability and design because of the reliable quality, our products have been highly favored of the majority of customers. Besides they also would be perfect gifts or excellent additions to your wardrobe as well as for all fashion forward men, this tie is going to be a perfect pick. Make your Monday meetings more fun with this tie and show the world your style. Wearing an elegant man tie is an effective way to make you look charming and energetic. Be stylish and make a new style statement with nu-Lite that includes a great range of formal/casual slim neckties with pocket square for men. These ties looks good with most shirts, winning you compliments wherever you go and it. Comes with elegant primary packing of wooden box, it's a great choice for gifting purpose. Material: Wrinkle-resistant with ultra-fine POLYESTER microfiber, looks and feels like silk and even more durable OCCASIONS: nu-Lite ties collection are great choices for formal, casual and less formal occasions, such as office events, dinner dates, and simple day to day activities and also for Wedding, Engagement, Prom Ball Party, Business, Office, Meeting, Birthday Gifts, Holiday Presents, Thanks Giving, Christmas, Events Dressing. HOW TO CARE: Dry Cleaning Recommended and Before the first use please use Low Temperature Ironing to smooth the wrinkles. NOTE: In case you don't like the ties simply send them back, our team is here for any question.",79% off,CTPFVZGRKPGSFPUU,499.0,Clothing Accessories,nu-Lite Satin Tie & Cufflink  (Black),0.202106115836371,1698,0.0321,"nu-Lite Satin Tie & Cufflink  (Black) We NextEdgeRetails are a professional tie manufacturer. We focus on ties for many years and In our store, we have many other styles (neckties,bow ties,tie sets,etc.) for sell which are bound to meet your needs, you can click our brand name nu-Lite to choose. Our products are famous for their comfort, durability and design because of the reliable quality, our products have been highly favored of the majority of customers. Besides they also would be perfect gifts or excellent additions to your wardrobe as well as for all fashion forward men, this tie is going to be a perfect pick. Make your Monday meetings more fun with this tie and show the world your style. Wearing an elegant man tie is an effective way to make you look charming and energetic. Be stylish and make a new style statement with nu-Lite that includes a great range of formal/casual slim neckties with pocket square for men. These ties looks good with most shirts, winning you compliments wherever you go and it. Comes with elegant primary packing of wooden box, it's a great choice for gifting purpose. Material: Wrinkle-resistant with ultra-fine POLYESTER microfiber, looks and feels like silk and even more durable OCCASIONS: nu-Lite ties collection are great choices for formal, casual and less formal occasions, such as office events, dinner dates, and simple day to day activities and also for Wedding, Engagement, Prom Ball Party, Business, Office, Meeting, Birthday Gifts, Holiday Presents, Thanks Giving, Christmas, Events Dressing. HOW TO CARE: Dry Cleaning Recommended and Before the first use please use Low Temperature Ironing to smooth the wrinkles. NOTE: In case you don't like the ties simply send them back, our team is here for any question.",Satin,Black,white,style_0
45,3299.0,4.3,nu-Lite,Clothing and Accessories,"Wearing an elegant man tie is an effective way to make you look charming and energetic. nu-Lite includes an amazing range of formal/casual slim neckties with pocket square for men. Further the classy & stylish appeal of these ties will certainly appeal to all & is bound to turn all heads. Adding complementing pocket square will enhance overall attire. It looks great with any dress or button up shirt. We have an enormous selection of ties to choose from, you can find the most elegant necktie designs and colors for each season of the year. These ties looks good with most shirts, winning you compliments wherever you go. Comes with elegant primary packing, great choice for gifting purpose. Each set comes with:",72% off,CTPFVZT7EFZWVRUP,899.0,Clothing Accessories,nu-Lite Satin Tie & Cufflink  (Blue),0.2725068202485601,2927,0.0334,"nu-Lite Satin Tie & Cufflink  (Blue) Wearing an elegant man tie is an effective way to make you look charming and energetic. nu-Lite includes an amazing range of formal/casual slim neckties with pocket square for men. Further the classy & stylish appeal of these ties will certainly appeal to all & is bound to turn all heads. Adding complementing pocket square will enhance overall attire. It looks great with any dress or button up shirt. We have an enormous selection of ties to choose from, you can find the most elegant necktie designs and colors for each season of the year. These ties looks good with most shirts, winning you compliments wherever you go. Comes with elegant primary packing, great choice for gifting purpose. Each set comes with:",Satin,Blue,black,style_0
46,2499.0,2.7,nu-Lite,Clothing and Accessories,Good quality of product for you.,80% off,CTPFVXGGEHH6YY8G,499.0,Clothing Accessories,nu-Lite Satin Tie & Cufflink  (Red),0.1996798719487795,1759,0.0297,nu-Lite Satin Tie & Cufflink  (Red) Good quality of product for you.,Satin,Red,white,style_0
49,3299.0,2.7,nu-Lite,Clothing and Accessories,"Wearing an elegant man tie is an effective way to make you look charming and energetic. nu-Lite includes an amazing range of formal/casual slim neckties with pocket square for men. Further the classy & stylish appeal of these ties will certainly appeal to all & is bound to turn all heads. Adding complementing pocket square will enhance overall attire. It looks great with any dress or button up shirt. We have an enormous selection of ties to choose from, you can find the most elegant necktie designs and colors for each season of the year. These ties looks good with most shirts, winning you compliments wherever you go. Comes with elegant primary packing, great choice for gifting purpose. Each set comes with:",81% off,CTPFVZT2GYAVYEE6,599.0,Clothing Accessories,nu-Lite Satin Tie & Cufflink  (Multicolor),0.1815701727796302,1588,0.04,"nu-Lite Satin Tie & Cufflink  (Multicolor) Wearing an elegant man tie is an effective way to make you look charming and energetic. nu-Lite includes an amazing range of formal/casual slim neckties with pocket square for men. Further the classy & stylish appeal of these ties will certainly appeal to all & is bound to turn all heads. Adding complementing pocket square will enhance overall attire. It looks great with any dress or button up shirt. We have an enormous selection of ties to choose from, you can find the most elegant necktie designs and colors for each season of the year. These ties looks good with most shirts, winning you compliments wherever you go. Comes with elegant primary packing, great choice for gifting purpose. Each set comes with:",Satin,Multicolor,black,style_0
50,2469.0,2.7,nu-Lite,Clothing and Accessories,"We NextEdgeRetails are a professional tie manufacturer. We focus on ties for many years and In our store, we have many other styles (neckties,bow ties,tie sets,etc.) for sell which are bound to meet your needs, you can click our brand name nu-Lite to choose. Our products are famous for their comfort, durability and design because of the reliable quality, our products have been highly favored of the majority of customers. Besides they also would be perfect gifts or excellent additions to your wardrobe as well as for all fashion forward men, this tie is going to be a perfect pick. Make your Monday meetings more fun with this tie and show the world your style. Wearing an elegant man tie is an effective way to make you look charming and energetic. Be stylish and make a new style statement with nu-Lite that includes a great range of formal/casual slim neckties with pocket square for men. These ties looks good with most shirts, winning you compliments wherever you go and it. Comes with elegant primary packing of wooden box, it's a great choice for gifting purpose. Material: Wrinkle-resistant with ultra-fine POLYESTER microfiber, looks and feels like silk and even more durable OCCASIONS: nu-Lite ties collection are great choices for formal, casual and less formal occasions, such as office events, dinner dates, and simple day to day activities and also for Wedding, Engagement, Prom Ball Party, Business, Office, Meeting, Birthday Gifts, Holiday Presents, Thanks Giving, Christmas, Events Dressing. HOW TO CARE: Dry Cleaning Recommended and Before the first use please use Low Temperature Ironing to smooth the wrinkles. NOTE: In case you don't like the ties simply send them back, our team is here for any question.",79% off,CTPFVZHFTSBTMH9M,499.0,Clothing Accessories,nu-Lite Satin Tie & Cufflink  (Blue),0.202106115836371,2546,0.0325,"nu-Lite Satin Tie & Cufflink  (Blue) We NextEdgeRetails are a professional tie manufacturer. We focus on ties for many years and In our store, we have many other styles (neckties,bow ties,tie sets,etc.) for sell which are bound to meet your needs, you can click our brand name nu-Lite to choose. Our products are famous for their comfort, durability and design because of the reliable quality, our products have been highly favored of the majority of customers. Besides they also would be perfect gifts or excellent additions to your wardrobe as well as for all fashion forward men, this tie is going to be a perfect pick. Make your Monday meetings more fun with this tie and show the world your style. Wearing an elegant man tie is an effective way to make you look charming and energetic. Be stylish and make a new style statement with nu-Lite that includes a great range of formal/casual slim neckties with pocket square for men. These ties looks good with most shirts, winning you compliments wherever you go and it. Comes with elegant primary packing of wooden box, it's a great choice for gifting purpose. Material: Wrinkle-resistant with ultra-fine POLYESTER microfiber, looks and feels like silk and even more durable OCCASIONS: nu-Lite ties collection are great choices for formal, casual and less formal occasions, such as office events, dinner dates, and simple day to day activities and also for Wedding, Engagement, Prom Ball Party, Business, Office, Meeting, Birthday Gifts, Holiday Presents, Thanks Giving, Christmas, Events Dressing. HOW TO CARE: Dry Cleaning Recommended and Before the first use please use Low Temperature Ironing to smooth the wrinkles. NOTE: In case you don't like the ties simply send them back, our team is here for any question.",Satin,Blue,white,style_0
51,2469.0,2.7,nu-Lite,Clothing and Accessories,"We NextEdgeRetails are a professional tie manufacturer. We focus on ties for many years and In our store, we have many other styles (neckties,bow ties,tie sets,etc.) for sell which are bound to meet your needs, you can click our brand name nu-Lite to choose. Our products are famous for their comfort, durability and design because of the reliable quality, our products have been highly favored of the majority of customers. Besides they also would be perfect gifts or excellent additions to your wardrobe as well as for all fashion forward men, this tie is going to be a perfect pick. Make your Monday meetings more fun with this tie and show the world your style. Wearing an elegant man tie is an effective way to make you look charming and energetic. Be stylish and make a new style statement with nu-Lite that includes a great range of formal/casual slim neckties with pocket square for men. These ties looks good with most shirts, winning you compliments wherever you go and it. Comes with elegant primary packing of wooden box, it's a great choice for gifting purpose. Material: Wrinkle-resistant with ultra-fine POLYESTER microfiber, looks and feels like silk and even more durable OCCASIONS: nu-Lite ties collection are great choices for formal, casual and less formal occasions, such as office events, dinner dates, and simple day to day activities and also for Wedding, Engagement, Prom Ball Party, Business, Office, Meeting, Birthday Gifts, Holiday Presents, Thanks Giving, Christmas, Events Dressing. HOW TO CARE: Dry Cleaning Recommended and Before the first use please use Low Temperature Ironing to smooth the wrinkles. NOTE: In case you don't like the ties simply send them back, our team is here for any question.",79% off,CTPFVZTPGHGVFCFE,499.0,Clothing Accessories,nu-Lite Satin Tie & Cufflink  (Multicolor),0.202106115836371,2314,0.041,"nu-Lite Satin Tie & Cufflink  (Multicolor) We NextEdgeRetails are a professional tie manufacturer. We focus on ties for many years and In our store, we have many other styles (neckties,bow ties,tie sets,etc.) for sell which are bound to meet your needs, you can click our brand name nu-Lite to choose. Our products are famous for their comfort, durability and design because of the reliable quality, our products have been highly favored of the majority of customers. Besides they also would be perfect gifts or excellent additions to your wardrobe as well as for all fashion forward men, this tie is going to be a perfect pick. Make your Monday meetings more fun with this tie and show the world your style. Wearing an elegant man tie is an effective way to make you look charming and energetic. Be stylish and make a new style statement with nu-Lite that includes a great range of formal/casual slim neckties with pocket square for men. These ties looks good with most shirts, winning you compliments wherever you go and it. Comes with elegant primary packing of wooden box, it's a great choice for gifting purpose. Material: Wrinkle-resistant with ultra-fine POLYESTER microfiber, looks and feels like silk and even more durable OCCASIONS: nu-Lite ties collection are great choices for formal, casual and less formal occasions, such as office events, dinner dates, and simple day to day activities and also for Wedding, Engagement, Prom Ball Party, Business, Office, Meeting, Birthday Gifts, Holiday Presents, Thanks Giving, Christmas, Events Dressing. HOW TO CARE: Dry Cleaning Recommended and Before the first use please use Low Temperature Ironing to smooth the wrinkles. NOTE: In case you don't like the ties simply send them back, our team is here for any question.",Satin,Multicolor,beige,style_0
55,3299.0,2.7,nu-Lite,Clothing and Accessories,"Provides you nu-Lite men Necktie, Pocket Square, Cufflink. The tie is often the centerpiece of the dress, it's important to choose your tie wisely. These fashion accessory kits are a way to step up your wardrobe and make the perfect gift (even if it's for yourself). Either it is or a formal occasion, our classy accessory set will never fail to add that touch of class to your personality. You can wear this for long hours without any discomfort. The tie has sophisticated design and colour. Comes with elegant primary packing, great choice for gifting purpose. Each set comes with:",81% off,CTPFVZTCQC7ZFWSH,599.0,Clothing Accessories,nu-Lite Satin Tie & Cufflink  (Black),0.1815701727796302,2454,0.0375,"nu-Lite Satin Tie & Cufflink  (Black) Provides you nu-Lite men Necktie, Pocket Square, Cufflink. The tie is often the centerpiece of the dress, it's important to choose your tie wisely. These fashion accessory kits are a way to step up your wardrobe and make the perfect gift (even if it's for yourself). Either it is or a formal occasion, our classy accessory set will never fail to add that touch of class to your personality. You can wear this for long hours without any discomfort. The tie has sophisticated design and colour. Comes with elegant primary packing, great choice for gifting purpose. Each set comes with:",Satin,Black,white,style_0
56,2469.0,2.7,nu-Lite,Clothing and Accessories,"We are a professional tie manufacturer. We focus on ties for many years and In our store, we have many other styles (neckties,bow ties,tie sets,etc.) for sell which are bound to meet your needs, you can click our brand name Axlon to choose. Our products are famous for their comfort, durability and design because of the reliable quality, our products have been highly favored of the majority of customers. Besides they also would be perfect gifts or excellent additions to your wardrobe as well as for all fashion forward men, this tie is going to be a perfect pick. Make your Monday meetings more fun with this tie and show the world your style. Wearing an elegant man tie is an effective way to make you look charming and energetic. Be stylish and make a new style statement with Axlon that includes a great range of formal/casual slim neckties with pocket square for men. These ties looks good with most shirts, winning you compliments wherever you go and it. Comes with elegant primary packing of wooden box, it's a great choice for gifting purpose.  Material: Wrinkle-resistant with ultra-fine POLYESTER microfiber, looks and feels like silk and even more durable.  OCCASIONS: Axlon ties collection are great choices for formal, casual and less formal occasions, such as office events, dinner dates, and simple day to day activities and also for Wedding, Engagement, Prom Ball Party, Business, Office, Meeting, Birthday Gifts, Holiday Presents, Thanks Giving, Christmas, Events Dressing.  HOW TO CARE: Dry Cleaning Recommended and Before the first use please use Low Temperature Ironing to smooth the wrinkles.  NOTE: In case you don't like the ties simply send them back, our team is here for any question.",79% off,CTPFVSSQHD96FH9Z,499.0,Clothing Accessories,nu-Lite Satin Tie & Cufflink  (Red),0.202106115836371,1496,0.0387,"nu-Lite Satin Tie & Cufflink  (Red) We are a professional tie manufacturer. We focus on ties for many years and In our store, we have many other styles (neckties,bow ties,tie sets,etc.) for sell which are bound to meet your needs, you can click our brand name Axlon to choose. Our products are famous for their comfort, durability and design because of the reliable quality, our products have been highly favored of the majority of customers. Besides they also would be perfect gifts or excellent additions to your wardrobe as well as for all fashion forward men, this tie is going to be a perfect pick. Make your Monday meetings more fun with this tie and show the world your style. Wearing an elegant man tie is an effective way to make you look charming and energetic. Be stylish and make a new style statement with Axlon that includes a great range of formal/casual slim neckties with pocket square for men. These ties looks good with most shirts, winning you compliments wherever you go and it. Comes with elegant primary packing of wooden box, it's a great choice for gifting purpose.  Material: Wrinkle-resistant with ultra-fine POLYESTER microfiber, looks and feels like silk and even more durable.  OCCASIONS: Axlon ties collection are great choices for formal, casual and less formal occasions, such as office events, dinner dates, and simple day to day activities and also for Wedding, Engagement, Prom Ball Party, Business, Office, Meeting, Birthday Gifts, Holiday Presents, Thanks Giving, Christmas, Events Dressing.  HOW TO CARE: Dry Cleaning Recommended and Before the first use please use Low Temperature Ironing to smooth the wrinkles.  NOTE: In case you don't like the ties simply send them back, our team is here for any question.",POLYESTER,Red,beige,style_0
57,2469.0,2.7,nu-Lite,Clothing and Accessories,"We NextEdgeRetails are a professional tie manufacturer. We focus on ties for many years and In our store, we have many other styles (neckties,bow ties,tie sets,etc.) for sell which are bound to meet your needs, you can click our brand name nu-Lite to choose. Our products are famous for their comfort, durability and design because of the reliable quality, our products have been highly favored of the majority of customers. Besides they also would be perfect gifts or excellent additions to your wardrobe as well as for all fashion forward men, this tie is going to be a perfect pick. Make your Monday meetings more fun with this tie and show the world your style. Wearing an elegant man tie is an effective way to make you look charming and energetic. Be stylish and make a new style statement with nu-Lite that includes a great range of formal/casual slim neckties with pocket square for men. These ties looks good with most shirts, winning you compliments wherever you go and it. Comes with elegant primary packing of wooden box, it's a great choice for gifting purpose. Material: Wrinkle-resistant with ultra-fine POLYESTER microfiber, looks and feels like silk and even more durable OCCASIONS: nu-Lite ties collection are great choices for formal, casual and less formal occasions, such as office events, dinner dates, and simple day to day activities and also for Wedding, Engagement, Prom Ball Party, Business, Office, Meeting, Birthday Gifts, Holiday Presents, Thanks Giving, Christmas, Events Dressing. HOW TO CARE: Dry Cleaning Recommended and Before the first use please use Low Temperature Ironing to smooth the wrinkles. NOTE: In case you don't like the ties simply send them back, our team is here for any question.",79% off,CTPFVZEYHCRQ27Y2,499.0,Clothing Accessories,nu-Lite Satin Tie & Cufflink  (Multicolor),0.202106115836371,1624,0.0282,"nu-Lite Satin Tie & Cufflink  (Multicolor) We NextEdgeRetails are a professional tie manufacturer. We focus on ties for many years and In our store, we have many other styles (neckties,bow ties,tie sets,etc.) for sell which are bound to meet your needs, you can click our brand name nu-Lite to choose. Our products are famous for their comfort, durability and design because of the reliable quality, our products have been highly favored of the majority of customers. Besides they also would be perfect gifts or excellent additions to your wardrobe as well as for all fashion forward men, this tie is going to be a perfect pick. Make your Monday meetings more fun with this tie and show the world your style. Wearing an elegant man tie is an effective way to make you look charming and energetic. Be stylish and make a new style statement with nu-Lite that includes a great range of formal/casual slim neckties with pocket square for men. These ties looks good with most shirts, winning you compliments wherever you go and it. Comes with elegant primary packing of wooden box, it's a great choice for gifting purpose. Material: Wrinkle-resistant with ultra-fine POLYESTER microfiber, looks and feels like silk and even more durable OCCASIONS: nu-Lite ties collection are great choices for formal, casual and less formal occasions, such as office events, dinner dates, and simple day to day activities and also for Wedding, Engagement, Prom Ball Party, Business, Office, Meeting, Birthday Gifts, Holiday Presents, Thanks Giving, Christmas, Events Dressing. HOW TO CARE: Dry Cleaning Recommended and Before the first use please use Low Temperature Ironing to smooth the wrinkles. NOTE: In case you don't like the ties simply send them back, our team is here for any question.",Satin,Multicolor,white,style_0
61,2469.0,2.7,nu-Lite,Clothing and Accessories,"We NextEdgeRetails are a professional tie manufacturer. We focus on ties for many years and In our store, we have many other styles (neckties,bow ties,tie sets,etc.) for sell which are bound to meet your needs, you can click our brand name nu-Lite to choose. Our products are famous for their comfort, durability and design because of the reliable quality, our products have been highly favored of the majority of customers. Besides they also would be perfect gifts or excellent additions to your wardrobe as well as for all fashion forward men, this tie is going to be a perfect pick. Make your Monday meetings more fun with this tie and show the world your style. Wearing an elegant man tie is an effective way to make you look charming and energetic. Be stylish and make a new style statement with nu-Lite that includes a great range of formal/casual slim neckties with pocket square for men. These ties looks good with most shirts, winning you compliments wherever you go and it. Comes with elegant primary packing of wooden box, it's a great choice for gifting purpose. Material: Wrinkle-resistant with ultra-fine POLYESTER microfiber, looks and feels like silk and even more durable OCCASIONS: nu-Lite ties collection are great choices for formal, casual and less formal occasions, such as office events, dinner dates, and simple day to day activities and also for Wedding, Engagement, Prom Ball Party, Business, Office, Meeting, Birthday Gifts, Holiday Presents, Thanks Giving, Christmas, Events Dressing. HOW TO CARE: Dry Cleaning Recommended and Before the first use please use Low Temperature Ironing to smooth the wrinkles. NOTE: In case you don't like the ties simply send them back, our team is here for any question.",79% off,CTPFVZFYR8KGYYBJ,499.0,Clothing Accessories,nu-Lite Satin Tie & Cufflink  (Multicolor),0.202106115836371,1713,0.0284,"nu-Lite Satin Tie & Cufflink  (Multicolor) We NextEdgeRetails are a professional tie manufacturer. We focus on ties for many years and In our store, we have many other styles (neckties,bow ties,tie sets,etc.) for sell which are bound to meet your needs, you can click our brand name nu-Lite to choose. Our products are famous for their comfort, durability and design because of the reliable quality, our products have been highly favored of the majority of customers. Besides they also would be perfect gifts or excellent additions to your wardrobe as well as for all fashion forward men, this tie is going to be a perfect pick. Make your Monday meetings more fun with this tie and show the world your style. Wearing an elegant man tie is an effective way to make you look charming and energetic. Be stylish and make a new style statement with nu-Lite that includes a great range of formal/casual slim neckties with pocket square for men. These ties looks good with most shirts, winning you compliments wherever you go and it. Comes with elegant primary packing of wooden box, it's a great choice for gifting purpose. Material: Wrinkle-resistant with ultra-fine POLYESTER microfiber, looks and feels like silk and even more durable OCCASIONS: nu-Lite ties collection are great choices for formal, casual and less formal occasions, such as office events, dinner dates, and simple day to day activities and also for Wedding, Engagement, Prom Ball Party, Business, Office, Meeting, Birthday Gifts, Holiday Presents, Thanks Giving, Christmas, Events Dressing. HOW TO CARE: Dry Cleaning Recommended and Before the first use please use Low Temperature Ironing to smooth the wrinkles. NOTE: In case you don't like the ties simply send them back, our team is here for any question.",Satin,Multicolor,beige,style_0
72,2469.0,2.7,nu-Lite,Clothing and Accessories,"We NextEdgeRetails are a professional tie manufacturer. We focus on ties for many years and In our store, we have many other styles (neckties,bow ties,tie sets,etc.) for sell which are bound to meet your needs, you can click our brand name Axlon to choose. Our products are famous for their comfort, durability and design because of the reliable quality, our products have been highly favored of the majority of customers. Besides they also would be perfect gifts or excellent additions to your wardrobe as well as for all fashion forward men, this tie is going to be a perfect pick. Make your Monday meetings more fun with this tie and show the world your style. Wearing an elegant man tie is an effective way to make you look charming and energetic. Be stylish and make a new style statement with Axlon that includes a great range of formal/casual slim neckties with pocket square for men. These ties looks good with most shirts, winning you compliments wherever you go and it. Comes with elegant primary packing of wooden box, it's a great choice for gifting purpose.  Material: Wrinkle-resistant with ultra-fine POLYESTER microfiber, looks and feels like silk and even more durable.  OCCASIONS: Axlon ties collection are great choices for formal, casual and less formal occasions, such as office events, dinner dates, and simple day to day activities and also for Wedding, Engagement, Prom Ball Party, Business, Office, Meeting, Birthday Gifts, Holiday Presents, Thanks Giving, Christmas, Events Dressing.  HOW TO CARE: Dry Cleaning Recommended and Before the first use please use Low Temperature Ironing to smooth the wrinkles.  NOTE: In case you don't like the ties simply send them back, our team is here for any question.",79% off,CTPFVQNGFCRGYK2H,499.0,Clothing Accessories,nu-Lite Satin Tie & Cufflink  (Beige),0.202106115836371,1397,0.0325,"nu-Lite Satin Tie & Cufflink  (Beige) We NextEdgeRetails are a professional tie manufacturer. We focus on ties for many years and In our store, we have many other styles (neckties,bow ties,tie sets,etc.) for sell which are bound to meet your needs, you can click our brand name Axlon to choose. Our products are famous for their comfort, durability and design because of the reliable quality, our products have been highly favored of the majority of customers. Besides they also would be perfect gifts or excellent additions to your wardrobe as well as for all fashion forward men, this tie is going to be a perfect pick. Make your Monday meetings more fun with this tie and show the world your style. Wearing an elegant man tie is an effective way to make you look charming and energetic. Be stylish and make a new style statement with Axlon that includes a great range of formal/casual slim neckties with pocket square for men. These ties looks good with most shirts, winning you compliments wherever you go and it. Comes with elegant primary packing of wooden box, it's a great choice for gifting purpose.  Material: Wrinkle-resistant with ultra-fine POLYESTER microfiber, looks and feels like silk and even more durable.  OCCASIONS: Axlon ties collection are great choices for formal, casual and less formal occasions, such as office events, dinner dates, and simple day to day activities and also for Wedding, Engagement, Prom Ball Party, Business, Office, Meeting, Birthday Gifts, Holiday Presents, Thanks Giving, Christmas, Events Dressing.  HOW TO CARE: Dry Cleaning Recommended and Before the first use please use Low Temperature Ironing to smooth the wrinkles.  NOTE: In case you don't like the ties simply send them back, our team is here for any question.",POLYESTER,Beige,white,style_0
75,2469.0,2.7,nu-Lite,Clothing and Accessories,"We NextEdgeRetails are a professional tie manufacturer. We focus on ties for many years and In our store, we have many other styles (neckties,bow ties,tie sets,etc.) for sell which are bound to meet your needs, you can click our brand name nu-Lite to choose. Our products are famous for their comfort, durability and design because of the reliable quality, our products have been highly favored of the majority of customers. Besides they also would be perfect gifts or excellent additions to your wardrobe as well as for all fashion forward men, this tie is going to be a perfect pick. Make your Monday meetings more fun with this tie and show the world your style. Wearing an elegant man tie is an effective way to make you look charming and energetic. Be stylish and make a new style statement with nu-Lite that includes a great range of formal/casual slim neckties with pocket square for men. These ties looks good with most shirts, winning you compliments wherever you go and it. Comes with elegant primary packing of wooden box, it's a great choice for gifting purpose. Material: Wrinkle-resistant with ultra-fine POLYESTER microfiber, looks and feels like silk and even more durable OCCASIONS: nu-Lite ties collection are great choices for formal, casual and less formal occasions, such as office events, dinner dates, and simple day to day activities and also for Wedding, Engagement, Prom Ball Party, Business, Office, Meeting, Birthday Gifts, Holiday Presents, Thanks Giving, Christmas, Events Dressing. HOW TO CARE: Dry Cleaning Recommended and Before the first use please use Low Temperature Ironing to smooth the wrinkles. NOTE: In case you don't like the ties simply send them back, our team is here for any question.",79% off,CTPFVPN4CUY6QZXD,499.0,Clothing Accessories,nu-Lite Satin Tie & Cufflink  (Multicolor),0.202106115836371,2259,0.0319,"nu-Lite Satin Tie & Cufflink  (Multicolor) We NextEdgeRetails are a professional tie manufacturer. We focus on ties for many years and In our store, we have many other styles (neckties,bow ties,tie sets,etc.) for sell which are bound to meet your needs, you can click our brand name nu-Lite to choose. Our products are famous for their comfort, durability and design because of the reliable quality, our products have been highly favored of the majority of customers. Besides they also would be perfect gifts or excellent additions to your wardrobe as well as for all fashion forward men, this tie is going to be a perfect pick. Make your Monday meetings more fun with this tie and show the world your style. Wearing an elegant man tie is an effective way to make you look charming and energetic. Be stylish and make a new style statement with nu-Lite that includes a great range of formal/casual slim neckties with pocket square for men. These ties looks good with most shirts, winning you compliments wherever you go and it. Comes with elegant primary packing of wooden box, it's a great choice for gifting purpose. Material: Wrinkle-resistant with ultra-fine POLYESTER microfiber, looks and feels like silk and even more durable OCCASIONS: nu-Lite ties collection are great choices for formal, casual and less formal occasions, such as office events, dinner dates, and simple day to day activities and also for Wedding, Engagement, Prom Ball Party, Business, Office, Meeting, Birthday Gifts, Holiday Presents, Thanks Giving, Christmas, Events Dressing. HOW TO CARE: Dry Cleaning Recommended and Before the first use please use Low Temperature Ironing to smooth the wrinkles. NOTE: In case you don't like the ties simply send them back, our team is here for any question.",Satin,Multicolor,black,style_0
76,2469.0,2.7,nu-Lite,Clothing and Accessories,"We NextEdgeRetails are a professional tie manufacturer. We focus on ties for many years and In our store, we have many other styles (neckties,bow ties,tie sets,etc.) for sell which are bound to meet your needs, you can click our brand name nu-Lite to choose. Our products are famous for their comfort, durability and design because of the reliable quality, our products have been highly favored of the majority of customers. Besides they also would be perfect gifts or excellent additions to your wardrobe as well as for all fashion forward men, this tie is going to be a perfect pick. Make your Monday meetings more fun with this tie and show the world your style. Wearing an elegant man tie is an effective way to make you look charming and energetic. Be stylish and make a new style statement with nu-Lite that includes a great range of formal/casual slim neckties with pocket square for men. These ties looks good with most shirts, winning you compliments wherever you go and it. Comes with elegant primary packing of wooden box, it's a great choice for gifting purpose. Material: Wrinkle-resistant with ultra-fine POLYESTER microfiber, looks and feels like silk and even more durable OCCASIONS: nu-Lite ties collection are great choices for formal, casual and less formal occasions, such as office events, dinner dates, and simple day to day activities and also for Wedding, Engagement, Prom Ball Party, Business, Office, Meeting, Birthday Gifts, Holiday Presents, Thanks Giving, Christmas, Events Dressing. HOW TO CARE: Dry Cleaning Recommended and Before the first use please use Low Temperature Ironing to smooth the wrinkles. NOTE: In case you don't like the ties simply send them back, our team is here for any question.",79% off,CTPFVPMUAHEJX8EW,499.0,Clothing Accessories,nu-Lite Satin Tie & Cufflink  (Multicolor),0.202106115836371,2309,0.0352,"nu-Lite Satin Tie & Cufflink  (Multicolor) We NextEdgeRetails are a professional tie manufacturer. We focus on ties for many years and In our store, we have many other styles (neckties,bow ties,tie sets,etc.) for sell which are bound to meet your needs, you can click our brand name nu-Lite to choose. Our products are famous for their comfort, durability and design because of the reliable quality, our products have been highly favored of the majority of customers. Besides they also would be perfect gifts or excellent additions to your wardrobe as well as for all fashion forward men, this tie is going to be a perfect pick. Make your Monday meetings more fun with this tie and show the world your style. Wearing an elegant man tie is an effective way to make you look charming and energetic. Be stylish and make a new style statement with nu-Lite that includes a great range of formal/casual slim neckties with pocket square for men. These ties looks good with most shirts, winning you compliments wherever you go and it. Comes with elegant primary packing of wooden box, it's a great choice for gifting purpose. Material: Wrinkle-resistant with ultra-fine POLYESTER microfiber, looks and feels like silk and even more durable OCCASIONS: nu-Lite ties collection are great choices for formal, casual and less formal occasions, such as office events, dinner dates, and simple day to day activities and also for Wedding, Engagement, Prom Ball Party, Business, Office, Meeting, Birthday Gifts, Holiday Presents, Thanks Giving, Christmas, Events Dressing. HOW TO CARE: Dry Cleaning Recommended and Before the first use please use Low Temperature Ironing to smooth the wrinkles. NOTE: In case you don't like the ties simply send them back, our team is here for any question.",Satin,Multicolor,beige,style_0
79,1539.0,2.7,nu-Lite,Clothing and Accessories,"We NextEdgeRetails are a professional tie manufacturer. We focus on ties for many years and In our store, we have many other styles (neckties,bow ties,tie sets,etc.) for sell which are bound to meet your needs, you can click our brand name nu-Lite to choose. Our products are famous for their comfort, durability and design because of the reliable quality, our products have been highly favored of the majority of customers. Besides they also would be perfect gifts or excellent additions to your wardrobe as well as for all fashion forward men, this tie is going to be a perfect pick. Make your Monday meetings more fun with this tie and show the world your style. Wearing an elegant man tie is an effective way to make you look charming and energetic. Be stylish and make a new style statement with nu-Lite that includes a great range of formal/casual slim neckties with pocket square for men. These ties looks good with most shirts, winning you compliments wherever you go and it. Comes with elegant primary packing of wooden box, it's a great choice for gifting purpose. Material: Wrinkle-resistant with ultra-fine POLYESTER microfiber, looks and feels like silk and even more durable OCCASIONS: nu-Lite ties collection are great choices for formal, casual and less formal occasions, such as office events, dinner dates, and simple day to day activities and also for Wedding, Engagement, Prom Ball Party, Business, Office, Meeting, Birthday Gifts, Holiday Presents, Thanks Giving, Christmas, Events Dressing. HOW TO CARE: Dry Cleaning Recommended and Before the first use please use Low Temperature Ironing to smooth the wrinkles. NOTE: In case you don't like the ties simply send them back, our team is here for any question.",77% off,CTPFVPMZV7RCDNVR,349.0,Clothing Accessories,nu-Lite Satin Tie & Cufflink  (Red),0.2267706302794022,1554,0.032,"nu-Lite Satin Tie & Cufflink  (Red) We NextEdgeRetails are a professional tie manufacturer. We focus on ties for many years and In our store, we have many other styles (neckties,bow ties,tie sets,etc.) for sell which are bound to meet your needs, you can click our brand name nu-Lite to choose. Our products are famous for their comfort, durability and design because of the reliable quality, our products have been highly favored of the majority of customers. Besides they also would be perfect gifts or excellent additions to your wardrobe as well as for all fashion forward men, this tie is going to be a perfect pick. Make your Monday meetings more fun with this tie and show the world your style. Wearing an elegant man tie is an effective way to make you look charming and energetic. Be stylish and make a new style statement with nu-Lite that includes a great range of formal/casual slim neckties with pocket square for men. These ties looks good with most shirts, winning you compliments wherever you go and it. Comes with elegant primary packing of wooden box, it's a great choice for gifting purpose. Material: Wrinkle-resistant with ultra-fine POLYESTER microfiber, looks and feels like silk and even more durable OCCASIONS: nu-Lite ties collection are great choices for formal, casual and less formal occasions, such as office events, dinner dates, and simple day to day activities and also for Wedding, Engagement, Prom Ball Party, Business, Office, Meeting, Birthday Gifts, Holiday Presents, Thanks Giving, Christmas, Events Dressing. HOW TO CARE: Dry Cleaning Recommended and Before the first use please use Low Temperature Ironing to smooth the wrinkles. NOTE: In case you don't like the ties simply send them back, our team is here for any question.",Satin,Red,white,style_0
80,3299.0,2.7,nu-Lite,Clothing and Accessories,"Wearing an elegant man tie is an effective way to make you look charming and energetic. nu-Lite includes an amazing range of formal/casual slim neckties with pocket square for men. Further the classy & stylish appeal of these ties will certainly appeal to all & is bound to turn all heads. Adding complementing pocket square will enhance overall attire. It looks great with any dress or button up shirt. We have an enormous selection of ties to choose from, you can find the most elegant necktie designs and colors for each season of the year. These ties looks good with most shirts, winning you compliments wherever you go. Comes with elegant primary packing, great choice for gifting purpose. Each set comes with:",81% off,CTPFVZT46SYT5GTB,599.0,Clothing Accessories,nu-Lite Satin Tie & Cufflink  (Purple),0.1815701727796302,2385,0.0385,"nu-Lite Satin Tie & Cufflink  (Purple) Wearing an elegant man tie is an effective way to make you look charming and energetic. nu-Lite includes an amazing range of formal/casual slim neckties with pocket square for men. Further the classy & stylish appeal of these ties will certainly appeal to all & is bound to turn all heads. Adding complementing pocket square will enhance overall attire. It looks great with any dress or button up shirt. We have an enormous selection of ties to choose from, you can find the most elegant necktie designs and colors for each season of the year. These ties looks good with most shirts, winning you compliments wherever you go. Comes with elegant primary packing, great choice for gifting purpose. Each set comes with:",Satin,Purple,white,style_0
83,3299.0,2.7,nu-Lite,Clothing and Accessories,"Wearing an elegant man tie is an effective way to make you look charming and energetic. nu-Lite includes an amazing range of formal/casual slim neckties with pocket square for men. Further the classy & stylish appeal of these ties will certainly appeal to all & is bound to turn all heads. Adding complementing pocket square will enhance overall attire. It looks great with any dress or button up shirt. We have an enormous selection of ties to choose from, you can find the most elegant necktie designs and colors for each season of the year. These ties looks good with most shirts, winning you compliments wherever you go. Comes with elegant primary packing, great choice for gifting purpose. Each set comes with:",81% off,CTPFVZT9ZYJB4WJZ,599.0,Clothing Accessories,nu-Lite Satin Tie & Cufflink  (Multicolor),0.1815701727796302,1445,0.0335,"nu-Lite Satin Tie & Cufflink  (Multicolor) Wearing an elegant man tie is an effective way to make you look charming and energetic. nu-Lite includes an amazing range of formal/casual slim neckties with pocket square for men. Further the classy & stylish appeal of these ties will certainly appeal to all & is bound to turn all heads. Adding complementing pocket square will enhance overall attire. It looks great with any dress or button up shirt. We have an enormous selection of ties to choose from, you can find the most elegant necktie designs and colors for each season of the year. These ties looks good with most shirts, winning you compliments wherever you go. Comes with elegant primary packing, great choice for gifting purpose. Each set comes with:",Satin,Multicolor,black,style_0
86,3019.0,2.7,nu-Lite,Clothing and Accessories,"We NextEdgeRetails are a professional tie manufacturer. We focus on ties for many years and In our store, we have many other styles (neckties,bow ties,tie sets,etc.) for sell which are bound to meet your needs, you can click our brand name nu-Lite to choose. Our products are famous for their comfort, durability and design because of the reliable quality, our products have been highly favored of the majority of customers. Besides they also would be perfect gifts or excellent additions to your wardrobe as well as for all fashion forward men, this tie is going to be a perfect pick. Make your Monday meetings more fun with this tie and show the world your style. Wearing an elegant man tie is an effective way to make you look charming and energetic. Be stylish and make a new style statement with nu-Lite that includes a great range of formal/casual slim neckties with pocket square for men. These ties looks good with most shirts, winning you compliments wherever you go and it. Comes with elegant primary packing of wooden box, it's a great choice for gifting purpose.  Material: Wrinkle-resistant with ultra-fine POLYESTER microfiber, looks and feels like silk and even more durable.  OCCASIONS: nu-Lite ties collection are great choices for formal, casual and less formal occasions, such as office events, dinner dates, and simple day to day activities and also for Wedding, Engagement, Prom Ball Party, Business, Office, Meeting, Birthday Gifts, Holiday Presents, Thanks Giving, Christmas, Events Dressing.  HOW TO CARE: Dry Cleaning Recommended and Before the first use please use Low Temperature Ironing to smooth the wrinkles.  NOTE: In case you don't like the ties simply send them back, our team is here for any question.",76% off,CTPFVTZ9GYNEDU54,699.0,Clothing Accessories,"nu-Lite Satin Tie & Cufflink  (Red, Blue)",0.2315336204041073,2305,0.0377,"nu-Lite Satin Tie & Cufflink  (Red, Blue) We NextEdgeRetails are a professional tie manufacturer. We focus on ties for many years and In our store, we have many other styles (neckties,bow ties,tie sets,etc.) for sell which are bound to meet your needs, you can click our brand name nu-Lite to choose. Our products are famous for their comfort, durability and design because of the reliable quality, our products have been highly favored of the majority of customers. Besides they also would be perfect gifts or excellent additions to your wardrobe as well as for all fashion forward men, this tie is going to be a perfect pick. Make your Monday meetings more fun with this tie and show the world your style. Wearing an elegant man tie is an effective way to make you look charming and energetic. Be stylish and make a new style statement with nu-Lite that includes a great range of formal/casual slim neckties with pocket square for men. These ties looks good with most shirts, winning you compliments wherever you go and it. Comes with elegant primary packing of wooden box, it's a great choice for gifting purpose.  Material: Wrinkle-resistant with ultra-fine POLYESTER microfiber, looks and feels like silk and even more durable.  OCCASIONS: nu-Lite ties collection are great choices for formal, casual and less formal occasions, such as office events, dinner dates, and simple day to day activities and also for Wedding, Engagement, Prom Ball Party, Business, Office, Meeting, Birthday Gifts, Holiday Presents, Thanks Giving, Christmas, Events Dressing.  HOW TO CARE: Dry Cleaning Recommended and Before the first use please use Low Temperature Ironing to smooth the wrinkles.  NOTE: In case you don't like the ties simply send them back, our team is here for any question.",Satin,"Red, Blue",white,style_0
87,2469.0,2.7,nu-Lite,Clothing and Accessories,"We NextEdgeRetails are a professional tie manufacturer. We focus on ties for many years and In our store, we have many other styles (neckties,bow ties,tie sets,etc.) for sell which are bound to meet your needs, you can click our brand name nu-Lite to choose. Our products are famous for their comfort, durability and design because of the reliable quality, our products have been highly favored of the majority of customers. Besides they also would be perfect gifts or excellent additions to your wardrobe as well as for all fashion forward men, this tie is going to be a perfect pick. Make your Monday meetings more fun with this tie and show the world your style. Wearing an elegant man tie is an effective way to make you look charming and energetic. Be stylish and make a new style statement with nu-Lite that includes a great range of formal/casual slim neckties with pocket square for men. These ties looks good with most shirts, winning you compliments wherever you go and it. Comes with elegant primary packing of wooden box, it's a great choice for gifting purpose. Material: Wrinkle-resistant with ultra-fine POLYESTER microfiber, looks and feels like silk and even more durable OCCASIONS: nu-Lite ties collection are great choices for formal, casual and less formal occasions, such as office events, dinner dates, and simple day to day activities and also for Wedding, Engagement, Prom Ball Party, Business, Office, Meeting, Birthday Gifts, Holiday Presents, Thanks Giving, Christmas, Events Dressing. HOW TO CARE: Dry Cleaning Recommended and Before the first use please use Low Temperature Ironing to smooth the wrinkles. NOTE: In case you don't like the ties simply send them back, our team is here for any question.",79% off,CTPFVZTZNFBGXUMD,499.0,Clothing Accessories,nu-Lite Satin Tie & Cufflink  (Red),0.202106115836371,2150,0.0357,"nu-Lite Satin Tie & Cufflink  (Red) We NextEdgeRetails are a professional tie manufacturer. We focus on ties for many years and In our store, we have many other styles (neckties,bow ties,tie sets,etc.) for sell which are bound to meet your needs, you can click our brand name nu-Lite to choose. Our products are famous for their comfort, durability and design because of the reliable quality, our products have been highly favored of the majority of customers. Besides they also would be perfect gifts or excellent additions to your wardrobe as well as for all fashion forward men, this tie is going to be a perfect pick. Make your Monday meetings more fun with this tie and show the world your style. Wearing an elegant man tie is an effective way to make you look charming and energetic. Be stylish and make a new style statement with nu-Lite that includes a great range of formal/casual slim neckties with pocket square for men. These ties looks good with most shirts, winning you compliments wherever you go and it. Comes with elegant primary packing of wooden box, it's a great choice for gifting purpose. Material: Wrinkle-resistant with ultra-fine POLYESTER microfiber, looks and feels like silk and even more durable OCCASIONS: nu-Lite ties collection are great choices for formal, casual and less formal occasions, such as office events, dinner dates, and simple day to day activities and also for Wedding, Engagement, Prom Ball Party, Business, Office, Meeting, Birthday Gifts, Holiday Presents, Thanks Giving, Christmas, Events Dressing. HOW TO CARE: Dry Cleaning Recommended and Before the first use please use Low Temperature Ironing to smooth the wrinkles. NOTE: In case you don't like the ties simply send them back, our team is here for any question.",Satin,Red,white,style_0
89,3299.0,2.7,nu-Lite,Clothing and Accessories,"Wearing an elegant man tie is an effective way to make you look charming and energetic. nu-Lite includes an amazing range of formal/casual slim neckties with pocket square for men. Further the classy & stylish appeal of these ties will certainly appeal to all & is bound to turn all heads. Adding complementing pocket square will enhance overall attire. It looks great with any dress or button up shirt. We have an enormous selection of ties to choose from, you can find the most elegant necktie designs and colors for each season of the year. These ties looks good with most shirts, winning you compliments wherever you go. Comes with elegant primary packing, great choice for gifting purpose. Each set comes with:",81% off,CTPFVZTBCHWHDMGJ,599.0,Clothing Accessories,nu-Lite Satin Tie & Cufflink  (Blue),0.1815701727796302,1925,0.0302,"nu-Lite Satin Tie & Cufflink  (Blue) Wearing an elegant man tie is an effective way to make you look charming and energetic. nu-Lite includes an amazing range of formal/casual slim neckties with pocket square for men. Further the classy & stylish appeal of these ties will certainly appeal to all & is bound to turn all heads. Adding complementing pocket square will enhance overall attire. It looks great with any dress or button up shirt. We have an enormous selection of ties to choose from, you can find the most elegant necktie designs and colors for each season of the year. These ties looks good with most shirts, winning you compliments wherever you go. Comes with elegant primary packing, great choice for gifting purpose. Each set comes with:",Satin,Blue,white,style_0
90,2469.0,3.3,nu-Lite,Clothing and Accessories,"We are a professional tie manufacturer. We focus on ties for many years and In our store, we have many other styles (neckties,bow ties,tie sets,etc.) for sell which are bound to meet your needs, you can click our brand name Axlon to choose. Our products are famous for their comfort, durability and design because of the reliable quality, our products have been highly favored of the majority of customers. Besides they also would be perfect gifts or excellent additions to your wardrobe as well as for all fashion forward men, this tie is going to be a perfect pick. Make your Monday meetings more fun with this tie and show the world your style. Wearing an elegant man tie is an effective way to make you look charming and energetic. Be stylish and make a new style statement with Axlon that includes a great range of formal/casual slim neckties with pocket square for men. These ties looks good with most shirts, winning you compliments wherever you go and it. Comes with elegant primary packing of wooden box, it's a great choice for gifting purpose.  Material: Wrinkle-resistant with ultra-fine POLYESTER microfiber, looks and feels like silk and even more durable.  OCCASIONS: Axlon ties collection are great choices for formal, casual and less formal occasions, such as office events, dinner dates, and simple day to day activities and also for Wedding, Engagement, Prom Ball Party, Business, Office, Meeting, Birthday Gifts, Holiday Presents, Thanks Giving, Christmas, Events Dressing.  HOW TO CARE: Dry Cleaning Recommended and Before the first use please use Low Temperature Ironing to smooth the wrinkles.  NOTE: In case you don't like the ties simply send them back, our team is here for any question.",79% off,CTPFVQSGZGPHUEFX,499.0,Clothing Accessories,nu-Lite Satin Tie & Cufflink  (Black),0.202106115836371,1694,0.0384,"nu-Lite Satin Tie & Cufflink  (Black) We are a professional tie manufacturer. We focus on ties for many years and In our store, we have many other styles (neckties,bow ties,tie sets,etc.) for sell which are bound to meet your needs, you can click our brand name Axlon to choose. Our products are famous for their comfort, durability and design because of the reliable quality, our products have been highly favored of the majority of customers. Besides they also would be perfect gifts or excellent additions to your wardrobe as well as for all fashion forward men, this tie is going to be a perfect pick. Make your Monday meetings more fun with this tie and show the world your style. Wearing an elegant man tie is an effective way to make you look charming and energetic. Be stylish and make a new style statement with Axlon that includes a great range of formal/casual slim neckties with pocket square for men. These ties looks good with most shirts, winning you compliments wherever you go and it. Comes with elegant primary packing of wooden box, it's a great choice for gifting purpose.  Material: Wrinkle-resistant with ultra-fine POLYESTER microfiber, looks and feels like silk and even more durable.  OCCASIONS: Axlon ties collection are great choices for formal, casual and less formal occasions, such as office events, dinner dates, and simple day to day activities and also for Wedding, Engagement, Prom Ball Party, Business, Office, Meeting, Birthday Gifts, Holiday Presents, Thanks Giving, Christmas, Events Dressing.  HOW TO CARE: Dry Cleaning Recommended and Before the first use please use Low Temperature Ironing to smooth the wrinkles.  NOTE: In case you don't like the ties simply send them back, our team is here for any question.",POLYESTER,Black,white,style_0
91,3299.0,2.7,nu-Lite,Clothing and Accessories,"Wearing an elegant man tie is an effective way to make you look charming and energetic. nu-Lite includes an amazing range of formal/casual slim neckties with pocket square for men. Further the classy & stylish appeal of these ties will certainly appeal to all & is bound to turn all heads. Adding complementing pocket square will enhance overall attire. It looks great with any dress or button up shirt. We have an enormous selection of ties to choose from, you can find the most elegant necktie designs and colors for each season of the year. These ties looks good with most shirts, winning you compliments wherever you go. Comes with elegant primary packing, great choice for gifting purpose. Each set comes with:",84% off,CTPFVZTBN4GRZKXH,499.0,Clothing Accessories,nu-Lite Satin Tie & Cufflink  (Red),0.1512579569566535,2162,0.0369,"nu-Lite Satin Tie & Cufflink  (Red) Wearing an elegant man tie is an effective way to make you look charming and energetic. nu-Lite includes an amazing range of formal/casual slim neckties with pocket square for men. Further the classy & stylish appeal of these ties will certainly appeal to all & is bound to turn all heads. Adding complementing pocket square will enhance overall attire. It looks great with any dress or button up shirt. We have an enormous selection of ties to choose from, you can find the most elegant necktie designs and colors for each season of the year. These ties looks good with most shirts, winning you compliments wherever you go. Comes with elegant primary packing, great choice for gifting purpose. Each set comes with:",Satin,Red,white,style_0
92,2469.0,2.7,nu-Lite,Clothing and Accessories,"Provides you nu-Lite men Necktie, Pocket Square, Cufflink. The tie is often the centerpiece of the dress, it's important to choose your tie wisely. These fashion accessory kits are a way to step up your wardrobe and make the perfect gift (even if it's for yourself). Either it is or a formal occasion, our classy accessory set will never fail to add that touch of class to your personality. You can wear this for long hours without any discomfort. The tie has sophisticated design and colour. Comes with elegant primary packing, great choice for gifting purpose. Each set comes with:",79% off,CTPFVZTKAE4MZ8VM,499.0,Clothing Accessories,nu-Lite Satin Tie & Cufflink  (Black),0.202106115836371,2297,0.0311,"nu-Lite Satin Tie & Cufflink  (Black) Provides you nu-Lite men Necktie, Pocket Square, Cufflink. The tie is often the centerpiece of the dress, it's important to choose your tie wisely. These fashion accessory kits are a way to step up your wardrobe and make the perfect gift (even if it's for yourself). Either it is or a formal occasion, our classy accessory set will never fail to add that touch of class to your personality. You can wear this for long hours without any discomfort. The tie has sophisticated design and colour. Comes with elegant primary packing, great choice for gifting purpose. Each set comes with:",Satin,Black,white,style_0
94,1539.0,4.3,nu-Lite,Clothing and Accessories,"We NextEdgeRetails are a professional tie manufacturer. We focus on ties for many years and In our store, we have many other styles (neckties,bow ties,tie sets,etc.) for sell which are bound to meet your needs, you can click our brand name nu-Lite to choose. Our products are famous for their comfort, durability and design because of the reliable quality, our products have been highly favored of the majority of customers. Besides they also would be perfect gifts or excellent additions to your wardrobe as well as for all fashion forward men, this tie is going to be a perfect pick. Make your Monday meetings more fun with this tie and show the world your style. Wearing an elegant man tie is an effective way to make you look charming and energetic. Be stylish and make a new style statement with nu-Lite that includes a great range of formal/casual slim neckties with pocket square for men. These ties looks good with most shirts, winning you compliments wherever you go and it. Comes with elegant primary packing of wooden box, it's a great choice for gifting purpose. Material: Wrinkle-resistant with ultra-fine POLYESTER microfiber, looks and feels like silk and even more durable OCCASIONS: nu-Lite ties collection are great choices for formal, casual and less formal occasions, such as office events, dinner dates, and simple day to day activities and also for Wedding, Engagement, Prom Ball Party, Business, Office, Meeting, Birthday Gifts, Holiday Presents, Thanks Giving, Christmas, Events Dressing. HOW TO CARE: Dry Cleaning Recommended and Before the first use please use Low Temperature Ironing to smooth the wrinkles. NOTE: In case you don't like the ties simply send them back, our team is here for any question.",77% off,CTPFVPKKWBZUCH7Y,349.0,Clothing Accessories,nu-Lite Satin Tie Pin Set  (Green),0.2267706302794022,3007,0.0415,"nu-Lite Satin Tie Pin Set  (Green) We NextEdgeRetails are a professional tie manufacturer. We focus on ties for many years and In our store, we have many other styles (neckties,bow ties,tie sets,etc.) for sell which are bound to meet your needs, you can click our brand name nu-Lite to choose. Our products are famous for their comfort, durability and design because of the reliable quality, our products have been highly favored of the majority of customers. Besides they also would be perfect gifts or excellent additions to your wardrobe as well as for all fashion forward men, this tie is going to be a perfect pick. Make your Monday meetings more fun with this tie and show the world your style. Wearing an elegant man tie is an effective way to make you look charming and energetic. Be stylish and make a new style statement with nu-Lite that includes a great range of formal/casual slim neckties with pocket square for men. These ties looks good with most shirts, winning you compliments wherever you go and it. Comes with elegant primary packing of wooden box, it's a great choice for gifting purpose. Material: Wrinkle-resistant with ultra-fine POLYESTER microfiber, looks and feels like silk and even more durable OCCASIONS: nu-Lite ties collection are great choices for formal, casual and less formal occasions, such as office events, dinner dates, and simple day to day activities and also for Wedding, Engagement, Prom Ball Party, Business, Office, Meeting, Birthday Gifts, Holiday Presents, Thanks Giving, Christmas, Events Dressing. HOW TO CARE: Dry Cleaning Recommended and Before the first use please use Low Temperature Ironing to smooth the wrinkles. NOTE: In case you don't like the ties simply send them back, our team is here for any question.",Satin,Green,white,style_0
95,2469.0,2.7,nu-Lite,Clothing and Accessories,"We NextEdgeRetails are a professional tie manufacturer. We focus on ties for many years and In our store, we have many other styles (neckties,bow ties,tie sets,etc.) for sell which are bound to meet your needs, you can click our brand name nu-Lite to choose. Our products are famous for their comfort, durability and design because of the reliable quality, our products have been highly favored of the majority of customers. Besides they also would be perfect gifts or excellent additions to your wardrobe as well as for all fashion forward men, this tie is going to be a perfect pick. Make your Monday meetings more fun with this tie and show the world your style. Wearing an elegant man tie is an effective way to make you look charming and energetic. Be stylish and make a new style statement with nu-Lite that includes a great range of formal/casual slim neckties with pocket square for men. These ties looks good with most shirts, winning you compliments wherever you go and it. Comes with elegant primary packing of wooden box, it's a great choice for gifting purpose. Material: Wrinkle-resistant with ultra-fine POLYESTER microfiber, looks and feels like silk and even more durable OCCASIONS: nu-Lite ties collection are great choices for formal, casual and less formal occasions, such as office events, dinner dates, and simple day to day activities and also for Wedding, Engagement, Prom Ball Party, Business, Office, Meeting, Birthday Gifts, Holiday Presents, Thanks Giving, Christmas, Events Dressing. HOW TO CARE: Dry Cleaning Recommended and Before the first use please use Low Temperature Ironing to smooth the wrinkles. NOTE: In case you don't like the ties simply send them back, our team is here for any question.",79% off,CTPFVZGY4PQHQNFH,499.0,Clothing Accessories,nu-Lite Satin Tie & Cufflink  (Grey),0.202106115836371,1979,0.0401,"nu-Lite Satin Tie & Cufflink  (Grey) We NextEdgeRetails are a professional tie manufacturer. We focus on ties for many years and In our store, we have many other styles (neckties,bow ties,tie sets,etc.) for sell which are bound to meet your needs, you can click our brand name nu-Lite to choose. Our products are famous for their comfort, durability and design because of the reliable quality, our products have been highly favored of the majority of customers. Besides they also would be perfect gifts or excellent additions to your wardrobe as well as for all fashion forward men, this tie is going to be a perfect pick. Make your Monday meetings more fun with this tie and show the world your style. Wearing an elegant man tie is an effective way to make you look charming and energetic. Be stylish and make a new style statement with nu-Lite that includes a great range of formal/casual slim neckties with pocket square for men. These ties looks good with most shirts, winning you compliments wherever you go and it. Comes with elegant primary packing of wooden box, it's a great choice for gifting purpose. Material: Wrinkle-resistant with ultra-fine POLYESTER microfiber, looks and feels like silk and even more durable OCCASIONS: nu-Lite ties collection are great choices for formal, casual and less formal occasions, such as office events, dinner dates, and simple day to day activities and also for Wedding, Engagement, Prom Ball Party, Business, Office, Meeting, Birthday Gifts, Holiday Presents, Thanks Giving, Christmas, Events Dressing. HOW TO CARE: Dry Cleaning Recommended and Before the first use please use Low Temperature Ironing to smooth the wrinkles. NOTE: In case you don't like the ties simply send them back, our team is here for any question.",Satin,Grey,white,style_0
96,2499.0,2.7,nu-Lite,Clothing and Accessories,"We NextEdgeRetails are a professional tie manufacturer. We focus on ties for many years and In our store, we have many other styles (neckties,bow ties,tie sets,etc.) for sell which are bound to meet your needs, you can click our brand name nu-Lite to choose. Our products are famous for their comfort, durability and design because of the reliable quality, our products have been highly favored of the majority of customers. Besides they also would be perfect gifts or excellent additions to your wardrobe as well as for all fashion forward men, this tie is going to be a perfect pick. Make your Monday meetings more fun with this tie and show the world your style. Wearing an elegant man tie is an effective way to make you look charming and energetic. Be stylish and make a new style statement with nu-Lite that includes a great range of formal/casual slim neckties with pocket square for men. These ties looks good with most shirts, winning you compliments wherever you go and it. Comes with elegant primary packing of wooden box, it's a great choice for gifting purpose. Material: Wrinkle-resistant with ultra-fine POLYESTER microfiber, looks and feels like silk and even more durable OCCASIONS: nu-Lite ties collection are great choices for formal, casual and less formal occasions, such as office events, dinner dates, and simple day to day activities and also for Wedding, Engagement, Prom Ball Party, Business, Office, Meeting, Birthday Gifts, Holiday Presents, Thanks Giving, Christmas, Events Dressing. HOW TO CARE: Dry Cleaning Recommended and Before the first use please use Low Temperature Ironing to smooth the wrinkles. NOTE: In case you don't like the ties simply send them back, our team is here for any question.",80% off,CTPFVPH2JGZRW6FV,499.0,Clothing Accessories,nu-Lite Satin Tie & Cufflink  (Pink),0.1996798719487795,2010,0.0374,"nu-Lite Satin Tie & Cufflink  (Pink) We NextEdgeRetails are a professional tie manufacturer. We focus on ties for many years and In our store, we have many other styles (neckties,bow ties,tie sets,etc.) for sell which are bound to meet your needs, you can click our brand name nu-Lite to choose. Our products are famous for their comfort, durability and design because of the reliable quality, our products have been highly favored of the majority of customers. Besides they also would be perfect gifts or excellent additions to your wardrobe as well as for all fashion forward men, this tie is going to be a perfect pick. Make your Monday meetings more fun with this tie and show the world your style. Wearing an elegant man tie is an effective way to make you look charming and energetic. Be stylish and make a new style statement with nu-Lite that includes a great range of formal/casual slim neckties with pocket square for men. These ties looks good with most shirts, winning you compliments wherever you go and it. Comes with elegant primary packing of wooden box, it's a great choice for gifting purpose. Material: Wrinkle-resistant with ultra-fine POLYESTER microfiber, looks and feels like silk and even more durable OCCASIONS: nu-Lite ties collection are great choices for formal, casual and less formal occasions, such as office events, dinner dates, and simple day to day activities and also for Wedding, Engagement, Prom Ball Party, Business, Office, Meeting, Birthday Gifts, Holiday Presents, Thanks Giving, Christmas, Events Dressing. HOW TO CARE: Dry Cleaning Recommended and Before the first use please use Low Temperature Ironing to smooth the wrinkles. NOTE: In case you don't like the ties simply send them back, our team is here for any question.",Satin,Pink,white,style_0
97,1539.0,4.4,nu-Lite,Clothing and Accessories,"We NextEdgeRetails are a professional tie manufacturer. We focus on ties for many years and In our store, we have many other styles (neckties,bow ties,tie sets,etc.) for sell which are bound to meet your needs, you can click our brand name nu-Lite to choose. Our products are famous for their comfort, durability and design because of the reliable quality, our products have been highly favored of the majority of customers. Besides they also would be perfect gifts or excellent additions to your wardrobe as well as for all fashion forward men, this tie is going to be a perfect pick. Make your Monday meetings more fun with this tie and show the world your style. Wearing an elegant man tie is an effective way to make you look charming and energetic. Be stylish and make a new style statement with nu-Lite that includes a great range of formal/casual slim neckties with pocket square for men. These ties looks good with most shirts, winning you compliments wherever you go and it. Comes with elegant primary packing of wooden box, it's a great choice for gifting purpose. Material: Wrinkle-resistant with ultra-fine POLYESTER microfiber, looks and feels like silk and even more durable OCCASIONS: nu-Lite ties collection are great choices for formal, casual and less formal occasions, such as office events, dinner dates, and simple day to day activities and also for Wedding, Engagement, Prom Ball Party, Business, Office, Meeting, Birthday Gifts, Holiday Presents, Thanks Giving, Christmas, Events Dressing. HOW TO CARE: Dry Cleaning Recommended and Before the first use please use Low Temperature Ironing to smooth the wrinkles. NOTE: In case you don't like the ties simply send them back, our team is here for any question.",77% off,CTPFVPKJUJDPNCCR,349.0,Clothing Accessories,nu-Lite Satin Tie Pin Set  (Red),0.2267706302794022,2508,0.0291,"nu-Lite Satin Tie Pin Set  (Red) We NextEdgeRetails are a professional tie manufacturer. We focus on ties for many years and In our store, we have many other styles (neckties,bow ties,tie sets,etc.) for sell which are bound to meet your needs, you can click our brand name nu-Lite to choose. Our products are famous for their comfort, durability and design because of the reliable quality, our products have been highly favored of the majority of customers. Besides they also would be perfect gifts or excellent additions to your wardrobe as well as for all fashion forward men, this tie is going to be a perfect pick. Make your Monday meetings more fun with this tie and show the world your style. Wearing an elegant man tie is an effective way to make you look charming and energetic. Be stylish and make a new style statement with nu-Lite that includes a great range of formal/casual slim neckties with pocket square for men. These ties looks good with most shirts, winning you compliments wherever you go and it. Comes with elegant primary packing of wooden box, it's a great choice for gifting purpose. Material: Wrinkle-resistant with ultra-fine POLYESTER microfiber, looks and feels like silk and even more durable OCCASIONS: nu-Lite ties collection are great choices for formal, casual and less formal occasions, such as office events, dinner dates, and simple day to day activities and also for Wedding, Engagement, Prom Ball Party, Business, Office, Meeting, Birthday Gifts, Holiday Presents, Thanks Giving, Christmas, Events Dressing. HOW TO CARE: Dry Cleaning Recommended and Before the first use please use Low Temperature Ironing to smooth the wrinkles. NOTE: In case you don't like the ties simply send them back, our team is here for any question.",Satin,Red,white,style_0
100,2469.0,2.7,nu-Lite,Clothing and Accessories,"We are a professional tie manufacturer. We focus on ties for many years and In our store, we have many other styles (neckties,bow ties,tie sets,etc.) for sell which are bound to meet your needs, you can click our brand name nu-Lite to choose. Our products are famous for their comfort, durability and design because of the reliable quality, our products have been highly favored of the majority of customers. Besides they also would be perfect gifts or excellent additions to your wardrobe as well as for all fashion forward men, this tie is going to be a perfect pick. Make your Monday meetings more fun with this tie and show the world your style. Wearing an elegant man tie is an effective way to make you look charming and energetic. Be stylish and make a new style statement with nu-Lite that includes a great range of formal/casual slim neckties with pocket square for men. These ties looks good with most shirts, winning you compliments wherever you go and it. Comes with elegant primary packing of wooden box, it's a great choice for gifting purpose. Material: Wrinkle-resistant with ultra-fine POLYESTER microfiber, looks and feels like silk and even more durable OCCASIONS: nu-Lite ties collection are great choices for formal, casual and less formal occasions, such as office events, dinner dates, and simple day to day activities and also for Wedding, Engagement, Prom Ball Party, Business, Office, Meeting, Birthday Gifts, Holiday Presents, Thanks Giving, Christmas, Events Dressing. HOW TO CARE: Dry Cleaning Recommended and Before the first use please use Low Temperature Ironing to smooth the wrinkles. NOTE: In case you don't like the ties simply send them back, our team is here for any question.",79% off,CTPFVPJZKBVGK2FV,499.0,Clothing Accessories,nu-Lite Satin Tie & Cufflink  (Multicolor),0.202106115836371,1427,0.0317,"nu-Lite Satin Tie & Cufflink  (Multicolor) We are a professional tie manufacturer. We focus on ties for many years and In our store, we have many other styles (neckties,bow ties,tie sets,etc.) for sell which are bound to meet your needs, you can click our brand name nu-Lite to choose. Our products are famous for their comfort, durability and design because of the reliable quality, our products have been highly favored of the majority of customers. Besides they also would be perfect gifts or excellent additions to your wardrobe as well as for all fashion forward men, this tie is going to be a perfect pick. Make your Monday meetings more fun with this tie and show the world your style. Wearing an elegant man tie is an effective way to make you look charming and energetic. Be stylish and make a new style statement with nu-Lite that includes a great range of formal/casual slim neckties with pocket square for men. These ties looks good with most shirts, winning you compliments wherever you go and it. Comes with elegant primary packing of wooden box, it's a great choice for gifting purpose. Material: Wrinkle-resistant with ultra-fine POLYESTER microfiber, looks and feels like silk and even more durable OCCASIONS: nu-Lite ties collection are great choices for formal, casual and less formal occasions, such as office events, dinner dates, and simple day to day activities and also for Wedding, Engagement, Prom Ball Party, Business, Office, Meeting, Birthday Gifts, Holiday Presents, Thanks Giving, Christmas, Events Dressing. HOW TO CARE: Dry Cleaning Recommended and Before the first use please use Low Temperature Ironing to smooth the wrinkles. NOTE: In case you don't like the ties simply send them back, our team is here for any question.",POLYESTER,Multicolor,white,style_0
103,1539.0,2.7,nu-Lite,Clothing and Accessories,"We NextEdgeRetails are a professional tie manufacturer. We focus on ties for many years and In our store, we have many other styles (neckties,bow ties,tie sets,etc.) for sell which are bound to meet your needs, you can click our brand name nu-Lite to choose. Our products are famous for their comfort, durability and design because of the reliable quality, our products have been highly favored of the majority of customers. Besides they also would be perfect gifts or excellent additions to your wardrobe as well as for all fashion forward men, this tie is going to be a perfect pick. Make your Monday meetings more fun with this tie and show the world your style. Wearing an elegant man tie is an effective way to make you look charming and energetic. Be stylish and make a new style statement with nu-Lite that includes a great range of formal/casual slim neckties with pocket square for men. These ties looks good with most shirts, winning you compliments wherever you go and it. Comes with elegant primary packing of wooden box, it's a great choice for gifting purpose. Material: Wrinkle-resistant with ultra-fine POLYESTER microfiber, looks and feels like silk and even more durable OCCASIONS: nu-Lite ties collection are great choices for formal, casual and less formal occasions, such as office events, dinner dates, and simple day to day activities and also for Wedding, Engagement, Prom Ball Party, Business, Office, Meeting, Birthday Gifts, Holiday Presents, Thanks Giving, Christmas, Events Dressing. HOW TO CARE: Dry Cleaning Recommended and Before the first use please use Low Temperature Ironing to smooth the wrinkles. NOTE: In case you don't like the ties simply send them back, our team is here for any question.",77% off,CTPFVSXYFFS9XHDG,349.0,Clothing Accessories,nu-Lite Satin Tie Pin Set  (Brown),0.2267706302794022,2030,0.0282,"nu-Lite Satin Tie Pin Set  (Brown) We NextEdgeRetails are a professional tie manufacturer. We focus on ties for many years and In our store, we have many other styles (neckties,bow ties,tie sets,etc.) for sell which are bound to meet your needs, you can click our brand name nu-Lite to choose. Our products are famous for their comfort, durability and design because of the reliable quality, our products have been highly favored of the majority of customers. Besides they also would be perfect gifts or excellent additions to your wardrobe as well as for all fashion forward men, this tie is going to be a perfect pick. Make your Monday meetings more fun with this tie and show the world your style. Wearing an elegant man tie is an effective way to make you look charming and energetic. Be stylish and make a new style statement with nu-Lite that includes a great range of formal/casual slim neckties with pocket square for men. These ties looks good with most shirts, winning you compliments wherever you go and it. Comes with elegant primary packing of wooden box, it's a great choice for gifting purpose. Material: Wrinkle-resistant with ultra-fine POLYESTER microfiber, looks and feels like silk and even more durable OCCASIONS: nu-Lite ties collection are great choices for formal, casual and less formal occasions, such as office events, dinner dates, and simple day to day activities and also for Wedding, Engagement, Prom Ball Party, Business, Office, Meeting, Birthday Gifts, Holiday Presents, Thanks Giving, Christmas, Events Dressing. HOW TO CARE: Dry Cleaning Recommended and Before the first use please use Low Temperature Ironing to smooth the wrinkles. NOTE: In case you don't like the ties simply send them back, our team is here for any question.",Satin,Brown,white,style_0
104,3299.0,2.7,nu-Lite,Clothing and Accessories,"Provides you nu-Lite men Necktie, Pocket Square, Cufflink. The tie is often the centerpiece of the dress, it's important to choose your tie wisely. These fashion accessory kits are a way to step up your wardrobe and make the perfect gift (even if it's for yourself). Either it is or a formal occasion, our classy accessory set will never fail to add that touch of class to your personality. You can wear this for long hours without any discomfort. The tie has sophisticated design and colour. Comes with elegant primary packing, great choice for gifting purpose. Each set comes with:",81% off,CTPFVZTHJZUD3JTX,599.0,Clothing Accessories,nu-Lite Satin Tie & Cufflink  (Purple),0.1815701727796302,2437,0.0378,"nu-Lite Satin Tie & Cufflink  (Purple) Provides you nu-Lite men Necktie, Pocket Square, Cufflink. The tie is often the centerpiece of the dress, it's important to choose your tie wisely. These fashion accessory kits are a way to step up your wardrobe and make the perfect gift (even if it's for yourself). Either it is or a formal occasion, our classy accessory set will never fail to add that touch of class to your personality. You can wear this for long hours without any discomfort. The tie has sophisticated design and colour. Comes with elegant primary packing, great choice for gifting purpose. Each set comes with:",Satin,Purple,white,style_0
105,1539.0,2.7,nu-Lite,Clothing and Accessories,"We NextEdgeRetails are a professional tie manufacturer. We focus on ties for many years and In our store, we have many other styles (neckties,bow ties,tie sets,etc.) for sell which are bound to meet your needs, you can click our brand name nu-Lite to choose. Our products are famous for their comfort, durability and design because of the reliable quality, our products have been highly favored of the majority of customers. Besides they also would be perfect gifts or excellent additions to your wardrobe as well as for all fashion forward men, this tie is going to be a perfect pick. Make your Monday meetings more fun with this tie and show the world your style. Wearing an elegant man tie is an effective way to make you look charming and energetic. Be stylish and make a new style statement with nu-Lite that includes a great range of formal/casual slim neckties with pocket square for men. These ties looks good with most shirts, winning you compliments wherever you go and it. Comes with elegant primary packing of wooden box, it's a great choice for gifting purpose. Material: Wrinkle-resistant with ultra-fine POLYESTER microfiber, looks and feels like silk and even more durable OCCASIONS: nu-Lite ties collection are great choices for formal, casual and less formal occasions, such as office events, dinner dates, and simple day to day activities and also for Wedding, Engagement, Prom Ball Party, Business, Office, Meeting, Birthday Gifts, Holiday Presents, Thanks Giving, Christmas, Events Dressing. HOW TO CARE: Dry Cleaning Recommended and Before the first use please use Low Temperature Ironing to smooth the wrinkles. NOTE: In case you don't like the ties simply send them back, our team is here for any question.",54% off,CTPFVZHVZVU4VQW9,699.0,Clothing Accessories,nu-Lite Satin Tie & Cufflink  (Grey),0.4541910331384015,1980,0.0307,"nu-Lite Satin Tie & Cufflink  (Grey) We NextEdgeRetails are a professional tie manufacturer. We focus on ties for many years and In our store, we have many other styles (neckties,bow ties,tie sets,etc.) for sell which are bound to meet your needs, you can click our brand name nu-Lite to choose. Our products are famous for their comfort, durability and design because of the reliable quality, our products have been highly favored of the majority of customers. Besides they also would be perfect gifts or excellent additions to your wardrobe as well as for all fashion forward men, this tie is going to be a perfect pick. Make your Monday meetings more fun with this tie and show the world your style. Wearing an elegant man tie is an effective way to make you look charming and energetic. Be stylish and make a new style statement with nu-Lite that includes a great range of formal/casual slim neckties with pocket square for men. These ties looks good with most shirts, winning you compliments wherever you go and it. Comes with elegant primary packing of wooden box, it's a great choice for gifting purpose. Material: Wrinkle-resistant with ultra-fine POLYESTER microfiber, looks and feels like silk and even more durable OCCASIONS: nu-Lite ties collection are great choices for formal, casual and less formal occasions, such as office events, dinner dates, and simple day to day activities and also for Wedding, Engagement, Prom Ball Party, Business, Office, Meeting, Birthday Gifts, Holiday Presents, Thanks Giving, Christmas, Events Dressing. HOW TO CARE: Dry Cleaning Recommended and Before the first use please use Low Temperature Ironing to smooth the wrinkles. NOTE: In case you don't like the ties simply send them back, our team is here for any question.",Satin,Grey,white,style_0
106,3299.0,2.7,nu-Lite,Clothing and Accessories,"Wearing an elegant man tie is an effective way to make you look charming and energetic. nu-Lite includes an amazing range of formal/casual slim neckties with pocket square for men. Further the classy & stylish appeal of these ties will certainly appeal to all & is bound to turn all heads. Adding complementing pocket square will enhance overall attire. It looks great with any dress or button up shirt. We have an enormous selection of ties to choose from, you can find the most elegant necktie designs and colors for each season of the year. These ties looks good with most shirts, winning you compliments wherever you go. Comes with elegant primary packing, great choice for gifting purpose. Each set comes with:",81% off,CTPFVZT6GAFZ7BJX,599.0,Clothing Accessories,nu-Lite Satin Tie & Cufflink  (Blue),0.1815701727796302,1853,0.0278,"nu-Lite Satin Tie & Cufflink  (Blue) Wearing an elegant man tie is an effective way to make you look charming and energetic. nu-Lite includes an amazing range of formal/casual slim neckties with pocket square for men. Further the classy & stylish appeal of these ties will certainly appeal to all & is bound to turn all heads. Adding complementing pocket square will enhance overall attire. It looks great with any dress or button up shirt. We have an enormous selection of ties to choose from, you can find the most elegant necktie designs and colors for each season of the year. These ties looks good with most shirts, winning you compliments wherever you go. Comes with elegant primary packing, great choice for gifting purpose. Each set comes with:",Satin,Blue,white,style_0
107,3299.0,2.7,nu-Lite,Clothing and Accessories,"Wearing an elegant man tie is an effective way to make you look charming and energetic. nu-Lite includes an amazing range of formal/casual slim neckties with pocket square for men. Further the classy & stylish appeal of these ties will certainly appeal to all & is bound to turn all heads. Adding complementing pocket square will enhance overall attire. It looks great with any dress or button up shirt. We have an enormous selection of ties to choose from, you can find the most elegant necktie designs and colors for each season of the year. These ties looks good with most shirts, winning you compliments wherever you go. Comes with elegant primary packing, great choice for gifting purpose. Each set comes with:",72% off,CTPFVZT2F5UPM4YT,899.0,Clothing Accessories,nu-Lite Satin Tie & Cufflink  (Pink),0.2725068202485601,2402,0.0294,"nu-Lite Satin Tie & Cufflink  (Pink) Wearing an elegant man tie is an effective way to make you look charming and energetic. nu-Lite includes an amazing range of formal/casual slim neckties with pocket square for men. Further the classy & stylish appeal of these ties will certainly appeal to all & is bound to turn all heads. Adding complementing pocket square will enhance overall attire. It looks great with any dress or button up shirt. We have an enormous selection of ties to choose from, you can find the most elegant necktie designs and colors for each season of the year. These ties looks good with most shirts, winning you compliments wherever you go. Comes with elegant primary packing, great choice for gifting purpose. Each set comes with:",Satin,Pink,white,style_0
109,1539.0,2.7,nu-Lite,Clothing and Accessories,"We NextEdgeRetails are a professional tie manufacturer. We focus on ties for many years and In our store, we have many other styles (neckties,bow ties,tie sets,etc.) for sell which are bound to meet your needs, you can click our brand name nu-Lite to choose. Our products are famous for their comfort, durability and design because of the reliable quality, our products have been highly favored of the majority of customers. Besides they also would be perfect gifts or excellent additions to your wardrobe as well as for all fashion forward men, this tie is going to be a perfect pick. Make your Monday meetings more fun with this tie and show the world your style. Wearing an elegant man tie is an effective way to make you look charming and energetic. Be stylish and make a new style statement with nu-Lite that includes a great range of formal/casual slim neckties with pocket square for men. These ties looks good with most shirts, winning you compliments wherever you go and it. Comes with elegant primary packing of wooden box, it's a great choice for gifting purpose. Material: Wrinkle-resistant with ultra-fine POLYESTER microfiber, looks and feels like silk and even more durable OCCASIONS: nu-Lite ties collection are great choices for formal, casual and less formal occasions, such as office events, dinner dates, and simple day to day activities and also for Wedding, Engagement, Prom Ball Party, Business, Office, Meeting, Birthday Gifts, Holiday Presents, Thanks Giving, Christmas, Events Dressing. HOW TO CARE: Dry Cleaning Recommended and Before the first use please use Low Temperature Ironing to smooth the wrinkles. NOTE: In case you don't like the ties simply send them back, our team is here for any question.",77% off,CTPFVPFPUWYQC9M5,349.0,Clothing Accessories,nu-Lite Satin Tie Pin Set  (Black),0.2267706302794022,1507,0.0298,"nu-Lite Satin Tie Pin Set  (Black) We NextEdgeRetails are a professional tie manufacturer. We focus on ties for many years and In our store, we have many other styles (neckties,bow ties,tie sets,etc.) for sell which are bound to meet your needs, you can click our brand name nu-Lite to choose. Our products are famous for their comfort, durability and design because of the reliable quality, our products have been highly favored of the majority of customers. Besides they also would be perfect gifts or excellent additions to your wardrobe as well as for all fashion forward men, this tie is going to be a perfect pick. Make your Monday meetings more fun with this tie and show the world your style. Wearing an elegant man tie is an effective way to make you look charming and energetic. Be stylish and make a new style statement with nu-Lite that includes a great range of formal/casual slim neckties with pocket square for men. These ties looks good with most shirts, winning you compliments wherever you go and it. Comes with elegant primary packing of wooden box, it's a great choice for gifting purpose. Material: Wrinkle-resistant with ultra-fine POLYESTER microfiber, looks and feels like silk and even more durable OCCASIONS: nu-Lite ties collection are great choices for formal, casual and less formal occasions, such as office events, dinner dates, and simple day to day activities and also for Wedding, Engagement, Prom Ball Party, Business, Office, Meeting, Birthday Gifts, Holiday Presents, Thanks Giving, Christmas, Events Dressing. HOW TO CARE: Dry Cleaning Recommended and Before the first use please use Low Temperature Ironing to smooth the wrinkles. NOTE: In case you don't like the ties simply send them back, our team is here for any question.",Satin,Black,white,style_0
115,1539.0,2.7,nu-Lite,Clothing and Accessories,"We NextEdgeRetails are a professional tie manufacturer. We focus on ties for many years and In our store, we have many other styles (neckties,bow ties,tie sets,etc.) for sell which are bound to meet your needs, you can click our brand name nu-Lite to choose. Our products are famous for their comfort, durability and design because of the reliable quality, our products have been highly favored of the majority of customers. Besides they also would be perfect gifts or excellent additions to your wardrobe as well as for all fashion forward men, this tie is going to be a perfect pick. Make your Monday meetings more fun with this tie and show the world your style. Wearing an elegant man tie is an effective way to make you look charming and energetic. Be stylish and make a new style statement with nu-Lite that includes a great range of formal/casual slim neckties with pocket square for men. These ties looks good with most shirts, winning you compliments wherever you go and it. Comes with elegant primary packing of wooden box, it's a great choice for gifting purpose. Material: Wrinkle-resistant with ultra-fine POLYESTER microfiber, looks and feels like silk and even more durable OCCASIONS: nu-Lite ties collection are great choices for formal, casual and less formal occasions, such as office events, dinner dates, and simple day to day activities and also for Wedding, Engagement, Prom Ball Party, Business, Office, Meeting, Birthday Gifts, Holiday Presents, Thanks Giving, Christmas, Events Dressing. HOW TO CARE: Dry Cleaning Recommended and Before the first use please use Low Temperature Ironing to smooth the wrinkles. NOTE: In case you don't like the ties simply send them back, our team is here for any question.",77% off,CTPFVPFPHGWGF6DS,349.0,Clothing Accessories,nu-Lite Satin Tie Pin Set  (Blue),0.2267706302794022,2470,0.0295,"nu-Lite Satin Tie Pin Set  (Blue) We NextEdgeRetails are a professional tie manufacturer. We focus on ties for many years and In our store, we have many other styles (neckties,bow ties,tie sets,etc.) for sell which are bound to meet your needs, you can click our brand name nu-Lite to choose. Our products are famous for their comfort, durability and design because of the reliable quality, our products have been highly favored of the majority of customers. Besides they also would be perfect gifts or excellent additions to your wardrobe as well as for all fashion forward men, this tie is going to be a perfect pick. Make your Monday meetings more fun with this tie and show the world your style. Wearing an elegant man tie is an effective way to make you look charming and energetic. Be stylish and make a new style statement with nu-Lite that includes a great range of formal/casual slim neckties with pocket square for men. These ties looks good with most shirts, winning you compliments wherever you go and it. Comes with elegant primary packing of wooden box, it's a great choice for gifting purpose. Material: Wrinkle-resistant with ultra-fine POLYESTER microfiber, looks and feels like silk and even more durable OCCASIONS: nu-Lite ties collection are great choices for formal, casual and less formal occasions, such as office events, dinner dates, and simple day to day activities and also for Wedding, Engagement, Prom Ball Party, Business, Office, Meeting, Birthday Gifts, Holiday Presents, Thanks Giving, Christmas, Events Dressing. HOW TO CARE: Dry Cleaning Recommended and Before the first use please use Low Temperature Ironing to smooth the wrinkles. NOTE: In case you don't like the ties simply send them back, our team is here for any question.",Satin,Blue,white,style_0
119,1539.0,2.7,nu-Lite,Clothing and Accessories,"We NextEdgeRetails are a professional tie manufacturer. We focus on ties for many years and In our store, we have many other styles (neckties,bow ties,tie sets,etc.) for sell which are bound to meet your needs, you can click our brand name nu-Lite to choose. Our products are famous for their comfort, durability and design because of the reliable quality, our products have been highly favored of the majority of customers. Besides they also would be perfect gifts or excellent additions to your wardrobe as well as for all fashion forward men, this tie is going to be a perfect pick. Make your Monday meetings more fun with this tie and show the world your style. Wearing an elegant man tie is an effective way to make you look charming and energetic. Be stylish and make a new style statement with nu-Lite that includes a great range of formal/casual slim neckties with pocket square for men. These ties looks good with most shirts, winning you compliments wherever you go and it. Comes with elegant primary packing of wooden box, it's a great choice for gifting purpose. Material: Wrinkle-resistant with ultra-fine POLYESTER microfiber, looks and feels like silk and even more durable OCCASIONS: nu-Lite ties collection are great choices for formal, casual and less formal occasions, such as office events, dinner dates, and simple day to day activities and also for Wedding, Engagement, Prom Ball Party, Business, Office, Meeting, Birthday Gifts, Holiday Presents, Thanks Giving, Christmas, Events Dressing. HOW TO CARE: Dry Cleaning Recommended and Before the first use please use Low Temperature Ironing to smooth the wrinkles. NOTE: In case you don't like the ties simply send them back, our team is here for any question.",77% off,CTPFVHUJMZSAHPFG,349.0,Clothing Accessories,nu-Lite Satin Tie Pin Set  (Yellow),0.2267706302794022,2067,0.0299,"nu-Lite Satin Tie Pin Set  (Yellow) We NextEdgeRetails are a professional tie manufacturer. We focus on ties for many years and In our store, we have many other styles (neckties,bow ties,tie sets,etc.) for sell which are bound to meet your needs, you can click our brand name nu-Lite to choose. Our products are famous for their comfort, durability and design because of the reliable quality, our products have been highly favored of the majority of customers. Besides they also would be perfect gifts or excellent additions to your wardrobe as well as for all fashion forward men, this tie is going to be a perfect pick. Make your Monday meetings more fun with this tie and show the world your style. Wearing an elegant man tie is an effective way to make you look charming and energetic. Be stylish and make a new style statement with nu-Lite that includes a great range of formal/casual slim neckties with pocket square for men. These ties looks good with most shirts, winning you compliments wherever you go and it. Comes with elegant primary packing of wooden box, it's a great choice for gifting purpose. Material: Wrinkle-resistant with ultra-fine POLYESTER microfiber, looks and feels like silk and even more durable OCCASIONS: nu-Lite ties collection are great choices for formal, casual and less formal occasions, such as office events, dinner dates, and simple day to day activities and also for Wedding, Engagement, Prom Ball Party, Business, Office, Meeting, Birthday Gifts, Holiday Presents, Thanks Giving, Christmas, Events Dressing. HOW TO CARE: Dry Cleaning Recommended and Before the first use please use Low Temperature Ironing to smooth the wrinkles. NOTE: In case you don't like the ties simply send them back, our team is here for any question.",Satin,Yellow,white,style_0
126,1539.0,2.7,nu-Lite,Clothing and Accessories,"We NextEdgeRetails are a professional tie manufacturer. We focus on ties for many years and In our store, we have many other styles (neckties,bow ties,tie sets,etc.) for sell which are bound to meet your needs, you can click our brand name nu-Lite to choose. Our products are famous for their comfort, durability and design because of the reliable quality, our products have been highly favored of the majority of customers. Besides they also would be perfect gifts or excellent additions to your wardrobe as well as for all fashion forward men, this tie is going to be a perfect pick. Make your Monday meetings more fun with this tie and show the world your style. Wearing an elegant man tie is an effective way to make you look charming and energetic. Be stylish and make a new style statement with nu-Lite that includes a great range of formal/casual slim neckties with pocket square for men. These ties looks good with most shirts, winning you compliments wherever you go and it. Comes with elegant primary packing of wooden box, it's a great choice for gifting purpose. Material: Wrinkle-resistant with ultra-fine POLYESTER microfiber, looks and feels like silk and even more durable OCCASIONS: nu-Lite ties collection are great choices for formal, casual and less formal occasions, such as office events, dinner dates, and simple day to day activities and also for Wedding, Engagement, Prom Ball Party, Business, Office, Meeting, Birthday Gifts, Holiday Presents, Thanks Giving, Christmas, Events Dressing. HOW TO CARE: Dry Cleaning Recommended and Before the first use please use Low Temperature Ironing to smooth the wrinkles. NOTE: In case you don't like the ties simply send them back, our team is here for any question.",77% off,CTPFVPDB593WABGP,349.0,Clothing Accessories,nu-Lite Satin Tie Pin Set  (Red),0.2267706302794022,2405,0.038,"nu-Lite Satin Tie Pin Set  (Red) We NextEdgeRetails are a professional tie manufacturer. We focus on ties for many years and In our store, we have many other styles (neckties,bow ties,tie sets,etc.) for sell which are bound to meet your needs, you can click our brand name nu-Lite to choose. Our products are famous for their comfort, durability and design because of the reliable quality, our products have been highly favored of the majority of customers. Besides they also would be perfect gifts or excellent additions to your wardrobe as well as for all fashion forward men, this tie is going to be a perfect pick. Make your Monday meetings more fun with this tie and show the world your style. Wearing an elegant man tie is an effective way to make you look charming and energetic. Be stylish and make a new style statement with nu-Lite that includes a great range of formal/casual slim neckties with pocket square for men. These ties looks good with most shirts, winning you compliments wherever you go and it. Comes with elegant primary packing of wooden box, it's a great choice for gifting purpose. Material: Wrinkle-resistant with ultra-fine POLYESTER microfiber, looks and feels like silk and even more durable OCCASIONS: nu-Lite ties collection are great choices for formal, casual and less formal occasions, such as office events, dinner dates, and simple day to day activities and also for Wedding, Engagement, Prom Ball Party, Business, Office, Meeting, Birthday Gifts, Holiday Presents, Thanks Giving, Christmas, Events Dressing. HOW TO CARE: Dry Cleaning Recommended and Before the first use please use Low Temperature Ironing to smooth the wrinkles. NOTE: In case you don't like the ties simply send them back, our team is here for any question.",Satin,Red,white,style_0
132,1539.0,2.7,nu-Lite,Clothing and Accessories,"We are a professional tie manufacturer. We focus on ties for many years and In our store, we have many other styles (neckties,bow ties,tie sets,etc.) for sell which are bound to meet your needs, you can click our brand name nu-Lite to choose. Our products are famous for their comfort, durability and design because of the reliable quality, our products have been highly favored of the majority of customers. Besides they also would be perfect gifts or excellent additions to your wardrobe as well as for all fashion forward men, this tie is going to be a perfect pick. Make your Monday meetings more fun with this tie and show the world your style. Wearing an elegant man tie is an effective way to make you look charming and energetic. Be stylish and make a new style statement with nu-Lite that includes a great range of formal/casual slim neckties with pocket square for men. These ties looks good with most shirts, winning you compliments wherever you go and it. Comes with elegant primary packing of wooden box, it's a great choice for gifting purpose. Material: Wrinkle-resistant with ultra-fine POLYESTER microfiber, looks and feels like silk and even more durable OCCASIONS: nu-Lite ties collection are great choices for formal, casual and less formal occasions, such as office events, dinner dates, and simple day to day activities and also for Wedding, Engagement, Prom Ball Party, Business, Office, Meeting, Birthday Gifts, Holiday Presents, Thanks Giving, Christmas, Events Dressing. HOW TO CARE: Dry Cleaning Recommended and Before the first use please use Low Temperature Ironing to smooth the wrinkles. NOTE: In case you don't like the ties simply send them back, our team is here for any question.",77% off,CTPFVPHAGX8YA7RD,349.0,Clothing Accessories,nu-Lite Satin Tie Pin Set  (Blue),0.2267706302794022,1559,0.0404,"nu-Lite Satin Tie Pin Set  (Blue) We are a professional tie manufacturer. We focus on ties for many years and In our store, we have many other styles (neckties,bow ties,tie sets,etc.) for sell which are bound to meet your needs, you can click our brand name nu-Lite to choose. Our products are famous for their comfort, durability and design because of the reliable quality, our products have been highly favored of the majority of customers. Besides they also would be perfect gifts or excellent additions to your wardrobe as well as for all fashion forward men, this tie is going to be a perfect pick. Make your Monday meetings more fun with this tie and show the world your style. Wearing an elegant man tie is an effective way to make you look charming and energetic. Be stylish and make a new style statement with nu-Lite that includes a great range of formal/casual slim neckties with pocket square for men. These ties looks good with most shirts, winning you compliments wherever you go and it. Comes with elegant primary packing of wooden box, it's a great choice for gifting purpose. Material: Wrinkle-resistant with ultra-fine POLYESTER microfiber, looks and feels like silk and even more durable OCCASIONS: nu-Lite ties collection are great choices for formal, casual and less formal occasions, such as office events, dinner dates, and simple day to day activities and also for Wedding, Engagement, Prom Ball Party, Business, Office, Meeting, Birthday Gifts, Holiday Presents, Thanks Giving, Christmas, Events Dressing. HOW TO CARE: Dry Cleaning Recommended and Before the first use please use Low Temperature Ironing to smooth the wrinkles. NOTE: In case you don't like the ties simply send them back, our team is here for any question.",POLYESTER,Blue,white,style_0
134,1539.0,2.7,nu-Lite,Clothing and Accessories,"We are a professional tie manufacturer. We focus on ties for many years and In our store, we have many other styles (neckties,bow ties,tie sets,etc.) for sell which are bound to meet your needs, you can click our brand name nu-Lite to choose. Our products are famous for their comfort, durability and design because of the reliable quality, our products have been highly favored of the majority of customers. Besides they also would be perfect gifts or excellent additions to your wardrobe as well as for all fashion forward men, this tie is going to be a perfect pick. Make your Monday meetings more fun with this tie and show the world your style. Wearing an elegant man tie is an effective way to make you look charming and energetic. Be stylish and make a new style statement with nu-Lite that includes a great range of formal/casual slim neckties with pocket square for men. These ties looks good with most shirts, winning you compliments wherever you go and it. Comes with elegant primary packing of wooden box, it's a great choice for gifting purpose. Material: Wrinkle-resistant with ultra-fine POLYESTER microfiber, looks and feels like silk and even more durable OCCASIONS: nu-Lite ties collection are great choices for formal, casual and less formal occasions, such as office events, dinner dates, and simple day to day activities and also for Wedding, Engagement, Prom Ball Party, Business, Office, Meeting, Birthday Gifts, Holiday Presents, Thanks Giving, Christmas, Events Dressing. HOW TO CARE: Dry Cleaning Recommended and Before the first use please use Low Temperature Ironing to smooth the wrinkles. NOTE: In case you don't like the ties simply send them back, our team is here for any question.",77% off,CTPFVPGPW8DU3XJF,349.0,Clothing Accessories,nu-Lite Satin Tie Pin Set  (Red),0.2267706302794022,2557,0.0401,"nu-Lite Satin Tie Pin Set  (Red) We are a professional tie manufacturer. We focus on ties for many years and In our store, we have many other styles (neckties,bow ties,tie sets,etc.) for sell which are bound to meet your needs, you can click our brand name nu-Lite to choose. Our products are famous for their comfort, durability and design because of the reliable quality, our products have been highly favored of the majority of customers. Besides they also would be perfect gifts or excellent additions to your wardrobe as well as for all fashion forward men, this tie is going to be a perfect pick. Make your Monday meetings more fun with this tie and show the world your style. Wearing an elegant man tie is an effective way to make you look charming and energetic. Be stylish and make a new style statement with nu-Lite that includes a great range of formal/casual slim neckties with pocket square for men. These ties looks good with most shirts, winning you compliments wherever you go and it. Comes with elegant primary packing of wooden box, it's a great choice for gifting purpose. Material: Wrinkle-resistant with ultra-fine POLYESTER microfiber, looks and feels like silk and even more durable OCCASIONS: nu-Lite ties collection are great choices for formal, casual and less formal occasions, such as office events, dinner dates, and simple day to day activities and also for Wedding, Engagement, Prom Ball Party, Business, Office, Meeting, Birthday Gifts, Holiday Presents, Thanks Giving, Christmas, Events Dressing. HOW TO CARE: Dry Cleaning Recommended and Before the first use please use Low Temperature Ironing to smooth the wrinkles. NOTE: In case you don't like the ties simply send them back, our team is here for any question.",POLYESTER,Red,white,style_0
137,1539.0,3.5,nu-Lite,Clothing and Accessories,"We are a professional tie manufacturer. We focus on ties for many years and In our store, we have many other styles (neckties,bow ties,tie sets,etc.) for sell which are bound to meet your needs, you can click our brand name nu-Lite to choose. Our products are famous for their comfort, durability and design because of the reliable quality, our products have been highly favored of the majority of customers. Besides they also would be perfect gifts or excellent additions to your wardrobe as well as for all fashion forward men, this tie is going to be a perfect pick. Make your Monday meetings more fun with this tie and show the world your style. Wearing an elegant man tie is an effective way to make you look charming and energetic. Be stylish and make a new style statement with nu-Lite that includes a great range of formal/casual slim neckties with pocket square for men. These ties looks good with most shirts, winning you compliments wherever you go and it. Comes with elegant primary packing of wooden box, it's a great choice for gifting purpose. Material: Wrinkle-resistant with ultra-fine POLYESTER microfiber, looks and feels like silk and even more durable OCCASIONS: nu-Lite ties collection are great choices for formal, casual and less formal occasions, such as office events, dinner dates, and simple day to day activities and also for Wedding, Engagement, Prom Ball Party, Business, Office, Meeting, Birthday Gifts, Holiday Presents, Thanks Giving, Christmas, Events Dressing. HOW TO CARE: Dry Cleaning Recommended and Before the first use please use Low Temperature Ironing to smooth the wrinkles. NOTE: In case you don't like the ties simply send them back, our team is here for any question.",77% off,CTPFVPGH5AGD8PZX,349.0,Clothing Accessories,nu-Lite Satin Tie Pin Set  (Black),0.2267706302794022,2584,0.0406,"nu-Lite Satin Tie Pin Set  (Black) We are a professional tie manufacturer. We focus on ties for many years and In our store, we have many other styles (neckties,bow ties,tie sets,etc.) for sell which are bound to meet your needs, you can click our brand name nu-Lite to choose. Our products are famous for their comfort, durability and design because of the reliable quality, our products have been highly favored of the majority of customers. Besides they also would be perfect gifts or excellent additions to your wardrobe as well as for all fashion forward men, this tie is going to be a perfect pick. Make your Monday meetings more fun with this tie and show the world your style. Wearing an elegant man tie is an effective way to make you look charming and energetic. Be stylish and make a new style statement with nu-Lite that includes a great range of formal/casual slim neckties with pocket square for men. These ties looks good with most shirts, winning you compliments wherever you go and it. Comes with elegant primary packing of wooden box, it's a great choice for gifting purpose. Material: Wrinkle-resistant with ultra-fine POLYESTER microfiber, looks and feels like silk and even more durable OCCASIONS: nu-Lite ties collection are great choices for formal, casual and less formal occasions, such as office events, dinner dates, and simple day to day activities and also for Wedding, Engagement, Prom Ball Party, Business, Office, Meeting, Birthday Gifts, Holiday Presents, Thanks Giving, Christmas, Events Dressing. HOW TO CARE: Dry Cleaning Recommended and Before the first use please use Low Temperature Ironing to smooth the wrinkles. NOTE: In case you don't like the ties simply send them back, our team is here for any question.",POLYESTER,Black,white,style_0
138,1539.0,2.7,nu-Lite,Clothing and Accessories,"We are a professional tie manufacturer. We focus on ties for many years and In our store, we have many other styles (neckties,bow ties,tie sets,etc.) for sell which are bound to meet your needs, you can click our brand name nu-Lite to choose. Our products are famous for their comfort, durability and design because of the reliable quality, our products have been highly favored of the majority of customers. Besides they also would be perfect gifts or excellent additions to your wardrobe as well as for all fashion forward men, this tie is going to be a perfect pick. Make your Monday meetings more fun with this tie and show the world your style. Wearing an elegant man tie is an effective way to make you look charming and energetic. Be stylish and make a new style statement with nu-Lite that includes a great range of formal/casual slim neckties with pocket square for men. These ties looks good with most shirts, winning you compliments wherever you go and it. Comes with elegant primary packing of wooden box, it's a great choice for gifting purpose. Material: Wrinkle-resistant with ultra-fine POLYESTER microfiber, looks and feels like silk and even more durable OCCASIONS: nu-Lite ties collection are great choices for formal, casual and less formal occasions, such as office events, dinner dates, and simple day to day activities and also for Wedding, Engagement, Prom Ball Party, Business, Office, Meeting, Birthday Gifts, Holiday Presents, Thanks Giving, Christmas, Events Dressing. HOW TO CARE: Dry Cleaning Recommended and Before the first use please use Low Temperature Ironing to smooth the wrinkles. NOTE: In case you don't like the ties simply send them back, our team is here for any question.",77% off,CTPFVPGMZ6GTZNZH,349.0,Clothing Accessories,nu-Lite Satin Tie Pin Set  (Black),0.2267706302794022,1854,0.0402,"nu-Lite Satin Tie Pin Set  (Black) We are a professional tie manufacturer. We focus on ties for many years and In our store, we have many other styles (neckties,bow ties,tie sets,etc.) for sell which are bound to meet your needs, you can click our brand name nu-Lite to choose. Our products are famous for their comfort, durability and design because of the reliable quality, our products have been highly favored of the majority of customers. Besides they also would be perfect gifts or excellent additions to your wardrobe as well as for all fashion forward men, this tie is going to be a perfect pick. Make your Monday meetings more fun with this tie and show the world your style. Wearing an elegant man tie is an effective way to make you look charming and energetic. Be stylish and make a new style statement with nu-Lite that includes a great range of formal/casual slim neckties with pocket square for men. These ties looks good with most shirts, winning you compliments wherever you go and it. Comes with elegant primary packing of wooden box, it's a great choice for gifting purpose. Material: Wrinkle-resistant with ultra-fine POLYESTER microfiber, looks and feels like silk and even more durable OCCASIONS: nu-Lite ties collection are great choices for formal, casual and less formal occasions, such as office events, dinner dates, and simple day to day activities and also for Wedding, Engagement, Prom Ball Party, Business, Office, Meeting, Birthday Gifts, Holiday Presents, Thanks Giving, Christmas, Events Dressing. HOW TO CARE: Dry Cleaning Recommended and Before the first use please use Low Temperature Ironing to smooth the wrinkles. NOTE: In case you don't like the ties simply send them back, our team is here for any question.",POLYESTER,Black,white,style_0
139,1539.0,2.7,nu-Lite,Clothing and Accessories,"We are a professional tie manufacturer. We focus on ties for many years and In our store, we have many other styles (neckties,bow ties,tie sets,etc.) for sell which are bound to meet your needs, you can click our brand name nu-Lite to choose. Our products are famous for their comfort, durability and design because of the reliable quality, our products have been highly favored of the majority of customers. Besides they also would be perfect gifts or excellent additions to your wardrobe as well as for all fashion forward men, this tie is going to be a perfect pick. Make your Monday meetings more fun with this tie and show the world your style. Wearing an elegant man tie is an effective way to make you look charming and energetic. Be stylish and make a new style statement with nu-Lite that includes a great range of formal/casual slim neckties with pocket square for men. These ties looks good with most shirts, winning you compliments wherever you go and it. Comes with elegant primary packing of wooden box, it's a great choice for gifting purpose. Material: Wrinkle-resistant with ultra-fine POLYESTER microfiber, looks and feels like silk and even more durable OCCASIONS: nu-Lite ties collection are great choices for formal, casual and less formal occasions, such as office events, dinner dates, and simple day to day activities and also for Wedding, Engagement, Prom Ball Party, Business, Office, Meeting, Birthday Gifts, Holiday Presents, Thanks Giving, Christmas, Events Dressing. HOW TO CARE: Dry Cleaning Recommended and Before the first use please use Low Temperature Ironing to smooth the wrinkles. NOTE: In case you don't like the ties simply send them back, our team is here for any question.",77% off,CTPFVPJ7HY68S45F,349.0,Clothing Accessories,nu-Lite Satin Tie Pin Set  (Green),0.2267706302794022,2592,0.0343,"nu-Lite Satin Tie Pin Set  (Green) We are a professional tie manufacturer. We focus on ties for many years and In our store, we have many other styles (neckties,bow ties,tie sets,etc.) for sell which are bound to meet your needs, you can click our brand name nu-Lite to choose. Our products are famous for their comfort, durability and design because of the reliable quality, our products have been highly favored of the majority of customers. Besides they also would be perfect gifts or excellent additions to your wardrobe as well as for all fashion forward men, this tie is going to be a perfect pick. Make your Monday meetings more fun with this tie and show the world your style. Wearing an elegant man tie is an effective way to make you look charming and energetic. Be stylish and make a new style statement with nu-Lite that includes a great range of formal/casual slim neckties with pocket square for men. These ties looks good with most shirts, winning you compliments wherever you go and it. Comes with elegant primary packing of wooden box, it's a great choice for gifting purpose. Material: Wrinkle-resistant with ultra-fine POLYESTER microfiber, looks and feels like silk and even more durable OCCASIONS: nu-Lite ties collection are great choices for formal, casual and less formal occasions, such as office events, dinner dates, and simple day to day activities and also for Wedding, Engagement, Prom Ball Party, Business, Office, Meeting, Birthday Gifts, Holiday Presents, Thanks Giving, Christmas, Events Dressing. HOW TO CARE: Dry Cleaning Recommended and Before the first use please use Low Temperature Ironing to smooth the wrinkles. NOTE: In case you don't like the ties simply send them back, our team is here for any question.",POLYESTER,Green,white,style_0
140,1539.0,2.7,nu-Lite,Clothing and Accessories,"We are a professional tie manufacturer. We focus on ties for many years and In our store, we have many other styles (neckties,bow ties,tie sets,etc.) for sell which are bound to meet your needs, you can click our brand name nu-Lite to choose. Our products are famous for their comfort, durability and design because of the reliable quality, our products have been highly favored of the majority of customers. Besides they also would be perfect gifts or excellent additions to your wardrobe as well as for all fashion forward men, this tie is going to be a perfect pick. Make your Monday meetings more fun with this tie and show the world your style. Wearing an elegant man tie is an effective way to make you look charming and energetic. Be stylish and make a new style statement with nu-Lite that includes a great range of formal/casual slim neckties with pocket square for men. These ties looks good with most shirts, winning you compliments wherever you go and it. Comes with elegant primary packing of wooden box, it's a great choice for gifting purpose.   Material: Wrinkle-resistant with ultra-fine POLYESTER microfiber, looks and feels like silk and even more durable.  OCCASIONS: nu-Lite ties collection are great choices for formal, casual and less formal occasions, such as office events, dinner dates, and simple day to day activities and also for Wedding, Engagement, Prom Ball Party, Business, Office, Meeting, Birthday Gifts, Holiday Presents, Thanks Giving, Christmas, Events Dressing.  HOW TO CARE: Dry Cleaning Recommended and Before the first use please use Low Temperature Ironing to smooth the wrinkles.  NOTE: In case you don't like the ties simply send them back, our team is here for any question.",77% off,CTPFWYNJF8KMYKWG,349.0,Clothing Accessories,nu-Lite Satin Tie Pin Set  (Purple),0.2267706302794022,2580,0.0394,"nu-Lite Satin Tie Pin Set  (Purple) We are a professional tie manufacturer. We focus on ties for many years and In our store, we have many other styles (neckties,bow ties,tie sets,etc.) for sell which are bound to meet your needs, you can click our brand name nu-Lite to choose. Our products are famous for their comfort, durability and design because of the reliable quality, our products have been highly favored of the majority of customers. Besides they also would be perfect gifts or excellent additions to your wardrobe as well as for all fashion forward men, this tie is going to be a perfect pick. Make your Monday meetings more fun with this tie and show the world your style. Wearing an elegant man tie is an effective way to make you look charming and energetic. Be stylish and make a new style statement with nu-Lite that includes a great range of formal/casual slim neckties with pocket square for men. These ties looks good with most shirts, winning you compliments wherever you go and it. Comes with elegant primary packing of wooden box, it's a great choice for gifting purpose.   Material: Wrinkle-resistant with ultra-fine POLYESTER microfiber, looks and feels like silk and even more durable.  OCCASIONS: nu-Lite ties collection are great choices for formal, casual and less formal occasions, such as office events, dinner dates, and simple day to day activities and also for Wedding, Engagement, Prom Ball Party, Business, Office, Meeting, Birthday Gifts, Holiday Presents, Thanks Giving, Christmas, Events Dressing.  HOW TO CARE: Dry Cleaning Recommended and Before the first use please use Low Temperature Ironing to smooth the wrinkles.  NOTE: In case you don't like the ties simply send them back, our team is here for any question.",POLYESTER,Purple,white,style_0
144,1539.0,2.7,nu-Lite,Clothing and Accessories,"We NextEdgeRetails are a professional tie manufacturer. We focus on ties for many years and In our store, we have many other styles (neckties,bow ties,tie sets,etc.) for sell which are bound to meet your needs, you can click our brand name nu-Lite to choose. Our products are famous for their comfort, durability and design because of the reliable quality, our products have been highly favored of the majority of customers. Besides they also would be perfect gifts or excellent additions to your wardrobe as well as for all fashion forward men, this tie is going to be a perfect pick. Make your Monday meetings more fun with this tie and show the world your style. Wearing an elegant man tie is an effective way to make you look charming and energetic. Be stylish and make a new style statement with nu-Lite that includes a great range of formal/casual slim neckties with pocket square for men. These ties looks good with most shirts, winning you compliments wherever you go and it. Comes with elegant primary packing of wooden box, it's a great choice for gifting purpose. Material: Wrinkle-resistant with ultra-fine POLYESTER microfiber, looks and feels like silk and even more durable OCCASIONS: nu-Lite ties collection are great choices for formal, casual and less formal occasions, such as office events, dinner dates, and simple day to day activities and also for Wedding, Engagement, Prom Ball Party, Business, Office, Meeting, Birthday Gifts, Holiday Presents, Thanks Giving, Christmas, Events Dressing. HOW TO CARE: Dry Cleaning Recommended and Before the first use please use Low Temperature Ironing to smooth the wrinkles. NOTE: In case you don't like the ties simply send them back, our team is here for any question.",77% off,CTPFVSU95M2RQUCM,349.0,Clothing Accessories,nu-Lite Satin Tie Pin Set  (Blue),0.2267706302794022,1759,0.0374,"nu-Lite Satin Tie Pin Set  (Blue) We NextEdgeRetails are a professional tie manufacturer. We focus on ties for many years and In our store, we have many other styles (neckties,bow ties,tie sets,etc.) for sell which are bound to meet your needs, you can click our brand name nu-Lite to choose. Our products are famous for their comfort, durability and design because of the reliable quality, our products have been highly favored of the majority of customers. Besides they also would be perfect gifts or excellent additions to your wardrobe as well as for all fashion forward men, this tie is going to be a perfect pick. Make your Monday meetings more fun with this tie and show the world your style. Wearing an elegant man tie is an effective way to make you look charming and energetic. Be stylish and make a new style statement with nu-Lite that includes a great range of formal/casual slim neckties with pocket square for men. These ties looks good with most shirts, winning you compliments wherever you go and it. Comes with elegant primary packing of wooden box, it's a great choice for gifting purpose. Material: Wrinkle-resistant with ultra-fine POLYESTER microfiber, looks and feels like silk and even more durable OCCASIONS: nu-Lite ties collection are great choices for formal, casual and less formal occasions, such as office events, dinner dates, and simple day to day activities and also for Wedding, Engagement, Prom Ball Party, Business, Office, Meeting, Birthday Gifts, Holiday Presents, Thanks Giving, Christmas, Events Dressing. HOW TO CARE: Dry Cleaning Recommended and Before the first use please use Low Temperature Ironing to smooth the wrinkles. NOTE: In case you don't like the ties simply send them back, our team is here for any question.",Satin,Blue,white,style_0
145,1539.0,2.7,nu-Lite,Clothing and Accessories,"We NextEdgeRetails are a professional tie manufacturer. We focus on ties for many years and In our store, we have many other styles (neckties,bow ties,tie sets,etc.) for sell which are bound to meet your needs, you can click our brand name nu-Lite to choose. Our products are famous for their comfort, durability and design because of the reliable quality, our products have been highly favored of the majority of customers. Besides they also would be perfect gifts or excellent additions to your wardrobe as well as for all fashion forward men, this tie is going to be a perfect pick. Make your Monday meetings more fun with this tie and show the world your style. Wearing an elegant man tie is an effective way to make you look charming and energetic. Be stylish and make a new style statement with nu-Lite that includes a great range of formal/casual slim neckties with pocket square for men. These ties looks good with most shirts, winning you compliments wherever you go and it. Comes with elegant primary packing of wooden box, it's a great choice for gifting purpose. Material: Wrinkle-resistant with ultra-fine POLYESTER microfiber, looks and feels like silk and even more durable OCCASIONS: nu-Lite ties collection are great choices for formal, casual and less formal occasions, such as office events, dinner dates, and simple day to day activities and also for Wedding, Engagement, Prom Ball Party, Business, Office, Meeting, Birthday Gifts, Holiday Presents, Thanks Giving, Christmas, Events Dressing. HOW TO CARE: Dry Cleaning Recommended and Before the first use please use Low Temperature Ironing to smooth the wrinkles. NOTE: In case you don't like the ties simply send them back, our team is here for any question.",77% off,CTPFVPKG8EMXFHMV,349.0,Clothing Accessories,nu-Lite Satin Tie Pin Set  (Black),0.2267706302794022,1458,0.0316,"nu-Lite Satin Tie Pin Set  (Black) We NextEdgeRetails are a professional tie manufacturer. We focus on ties for many years and In our store, we have many other styles (neckties,bow ties,tie sets,etc.) for sell which are bound to meet your needs, you can click our brand name nu-Lite to choose. Our products are famous for their comfort, durability and design because of the reliable quality, our products have been highly favored of the majority of customers. Besides they also would be perfect gifts or excellent additions to your wardrobe as well as for all fashion forward men, this tie is going to be a perfect pick. Make your Monday meetings more fun with this tie and show the world your style. Wearing an elegant man tie is an effective way to make you look charming and energetic. Be stylish and make a new style statement with nu-Lite that includes a great range of formal/casual slim neckties with pocket square for men. These ties looks good with most shirts, winning you compliments wherever you go and it. Comes with elegant primary packing of wooden box, it's a great choice for gifting purpose. Material: Wrinkle-resistant with ultra-fine POLYESTER microfiber, looks and feels like silk and even more durable OCCASIONS: nu-Lite ties collection are great choices for formal, casual and less formal occasions, such as office events, dinner dates, and simple day to day activities and also for Wedding, Engagement, Prom Ball Party, Business, Office, Meeting, Birthday Gifts, Holiday Presents, Thanks Giving, Christmas, Events Dressing. HOW TO CARE: Dry Cleaning Recommended and Before the first use please use Low Temperature Ironing to smooth the wrinkles. NOTE: In case you don't like the ties simply send them back, our team is here for any question.",Satin,Black,white,style_0
147,1539.0,2.7,nu-Lite,Clothing and Accessories,"We NextEdgeRetails are a professional tie manufacturer. We focus on ties for many years and In our store, we have many other styles (neckties,bow ties,tie sets,etc.) for sell which are bound to meet your needs, you can click our brand name nu-Lite to choose. Our products are famous for their comfort, durability and design because of the reliable quality, our products have been highly favored of the majority of customers. Besides they also would be perfect gifts or excellent additions to your wardrobe as well as for all fashion forward men, this tie is going to be a perfect pick. Make your Monday meetings more fun with this tie and show the world your style. Wearing an elegant man tie is an effective way to make you look charming and energetic. Be stylish and make a new style statement with nu-Lite that includes a great range of formal/casual slim neckties with pocket square for men. These ties looks good with most shirts, winning you compliments wherever you go and it. Comes with elegant primary packing of wooden box, it's a great choice for gifting purpose. Material: Wrinkle-resistant with ultra-fine POLYESTER microfiber, looks and feels like silk and even more durable OCCASIONS: nu-Lite ties collection are great choices for formal, casual and less formal occasions, such as office events, dinner dates, and simple day to day activities and also for Wedding, Engagement, Prom Ball Party, Business, Office, Meeting, Birthday Gifts, Holiday Presents, Thanks Giving, Christmas, Events Dressing. HOW TO CARE: Dry Cleaning Recommended and Before the first use please use Low Temperature Ironing to smooth the wrinkles. NOTE: In case you don't like the ties simply send them back, our team is here for any question.",77% off,CTPFVSXF9FNZGKXP,349.0,Clothing Accessories,nu-Lite Satin Tie Pin Set  (Brown),0.2267706302794022,2023,0.0285,"nu-Lite Satin Tie Pin Set  (Brown) We NextEdgeRetails are a professional tie manufacturer. We focus on ties for many years and In our store, we have many other styles (neckties,bow ties,tie sets,etc.) for sell which are bound to meet your needs, you can click our brand name nu-Lite to choose. Our products are famous for their comfort, durability and design because of the reliable quality, our products have been highly favored of the majority of customers. Besides they also would be perfect gifts or excellent additions to your wardrobe as well as for all fashion forward men, this tie is going to be a perfect pick. Make your Monday meetings more fun with this tie and show the world your style. Wearing an elegant man tie is an effective way to make you look charming and energetic. Be stylish and make a new style statement with nu-Lite that includes a great range of formal/casual slim neckties with pocket square for men. These ties looks good with most shirts, winning you compliments wherever you go and it. Comes with elegant primary packing of wooden box, it's a great choice for gifting purpose. Material: Wrinkle-resistant with ultra-fine POLYESTER microfiber, looks and feels like silk and even more durable OCCASIONS: nu-Lite ties collection are great choices for formal, casual and less formal occasions, such as office events, dinner dates, and simple day to day activities and also for Wedding, Engagement, Prom Ball Party, Business, Office, Meeting, Birthday Gifts, Holiday Presents, Thanks Giving, Christmas, Events Dressing. HOW TO CARE: Dry Cleaning Recommended and Before the first use please use Low Temperature Ironing to smooth the wrinkles. NOTE: In case you don't like the ties simply send them back, our team is here for any question.",Satin,Brown,white,style_0
149,3299.0,2.7,nu-Lite,Clothing and Accessories,"Wearing an elegant man tie is an effective way to make you look charming and energetic. nu-Lite includes an amazing range of formal/casual slim neckties with pocket square for men. Further the classy & stylish appeal of these ties will certainly appeal to all & is bound to turn all heads. Adding complementing pocket square will enhance overall attire. It looks great with any dress or button up shirt. We have an enormous selection of ties to choose from, you can find the most elegant necktie designs and colors for each season of the year. These ties looks good with most shirts, winning you compliments wherever you go. Comes with elegant primary packing, great choice for gifting purpose. Each set comes with:",81% off,CTPFVZTBFX56AB3T,599.0,Clothing Accessories,nu-Lite Satin Tie & Cufflink  (Red),0.1815701727796302,1698,0.0292,"nu-Lite Satin Tie & Cufflink  (Red) Wearing an elegant man tie is an effective way to make you look charming and energetic. nu-Lite includes an amazing range of formal/casual slim neckties with pocket square for men. Further the classy & stylish appeal of these ties will certainly appeal to all & is bound to turn all heads. Adding complementing pocket square will enhance overall attire. It looks great with any dress or button up shirt. We have an enormous selection of ties to choose from, you can find the most elegant necktie designs and colors for each season of the year. These ties looks good with most shirts, winning you compliments wherever you go. Comes with elegant primary packing, great choice for gifting purpose. Each set comes with:",Satin,Red,white,style_0
150,3299.0,2.7,nu-Lite,Clothing and Accessories,"Wearing an elegant man tie is an effective way to make you look charming and energetic. nu-Lite includes an amazing range of formal/casual slim neckties with pocket square for men. Further the classy & stylish appeal of these ties will certainly appeal to all & is bound to turn all heads. Adding complementing pocket square will enhance overall attire. It looks great with any dress or button up shirt. We have an enormous selection of ties to choose from, you can find the most elegant necktie designs and colors for each season of the year. These ties looks good with most shirts, winning you compliments wherever you go. Comes with elegant primary packing, great choice for gifting purpose. Each set comes with:",81% off,CTPFVZT38N9RHZTA,599.0,Clothing Accessories,nu-Lite Satin Tie & Cufflink  (Multicolor),0.1815701727796302,2438,0.0315,"nu-Lite Satin Tie & Cufflink  (Multicolor) Wearing an elegant man tie is an effective way to make you look charming and energetic. nu-Lite includes an amazing range of formal/casual slim neckties with pocket square for men. Further the classy & stylish appeal of these ties will certainly appeal to all & is bound to turn all heads. Adding complementing pocket square will enhance overall attire. It looks great with any dress or button up shirt. We have an enormous selection of ties to choose from, you can find the most elegant necktie designs and colors for each season of the year. These ties looks good with most shirts, winning you compliments wherever you go. Comes with elegant primary packing, great choice for gifting purpose. Each set comes with:",Satin,Multicolor,gray,style_0
152,2199.0,3.7,MANRA,Clothing and Accessories,"MANRA present you stylish wollen ponchos, shawls,Cardgan, Pullovers which can be wear in any occasions(party ,work,festival etc).Stay warm and look stylish this winter         in our new collection of woolen poncho  for you. All the designs are specially crafted. PONCHO IS A SOFT 'FINE KNIT WITH A NECK LACE AND OPEN SIDES.          Made from the fine quality of acrylic wool,it gives you a cozy and soft  feel all day  long .IT is a free size garment fits from medium to xxl size .",81% off,SWTFYHNFFQMQ5PHC,399.0,Winter Wear,"Striped Collared Neck Casual Men Grey, Black Sweater",0.1814461118690313,1811,0.0319,"Striped Collared Neck Casual Men Grey, Black Sweater MANRA present you stylish wollen ponchos, shawls,Cardgan, Pullovers which can be wear in any occasions(party ,work,festival etc).Stay warm and look stylish this winter         in our new collection of woolen poncho  for you. All the designs are specially crafted. PONCHO IS A SOFT 'FINE KNIT WITH A NECK LACE AND OPEN SIDES.          Made from the fine quality of acrylic wool,it gives you a cozy and soft  feel all day  long .IT is a free size garment fits from medium to xxl size .",rylic wool,"Grey, Black",green,style_3
154,2199.0,3.8,MANRA,Clothing and Accessories,"MANRA present you stylish wollen ponchos, shawls,Cardgan, Pullovers which can be wear in any occasions(party ,work,festival etc).Stay warm and look stylish this winter         in our new collection of woolen poncho  for you. All the designs are specially crafted. PONCHO IS A SOFT 'FINE KNIT WITH A NECK LACE AND OPEN SIDES.          Made from the fine quality of acrylic wool,it gives you a cozy and soft  feel all day  long .IT is a free size garment fits from medium to xxl size .",78% off,SWTFYGREMHZAR3AG,464.0,Winter Wear,Striped V Neck Casual Men Maroon Sweater,0.2110050022737608,3079,0.0316,"Striped V Neck Casual Men Maroon Sweater MANRA present you stylish wollen ponchos, shawls,Cardgan, Pullovers which can be wear in any occasions(party ,work,festival etc).Stay warm and look stylish this winter         in our new collection of woolen poncho  for you. All the designs are specially crafted. PONCHO IS A SOFT 'FINE KNIT WITH A NECK LACE AND OPEN SIDES.          Made from the fine quality of acrylic wool,it gives you a cozy and soft  feel all day  long .IT is a free size garment fits from medium to xxl size .",rylic wool,Maroon,black,style_3
158,2199.0,3.0,MANRA,Clothing and Accessories,"MANRA present you stylish wollen ponchos, shawls,Cardgan, Pullovers which can be wear in any occasions(party ,work,festival etc).Stay warm and look stylish this winter         in our new collection of woolen poncho  for you. All the designs are specially crafted. PONCHO IS A SOFT 'FINE KNIT WITH A NECK LACE AND OPEN SIDES.          Made from the fine quality of acrylic wool,it gives you a cozy and soft  feel all day  long .IT is a free size garment fits from medium to xxl size .",77% off,SWTFYQQ5Z7VT4CFH,499.0,Winter Wear,Solid V Neck Casual Men Purple Sweater,0.2269213278763074,1791,0.0246,"Solid V Neck Casual Men Purple Sweater MANRA present you stylish wollen ponchos, shawls,Cardgan, Pullovers which can be wear in any occasions(party ,work,festival etc).Stay warm and look stylish this winter         in our new collection of woolen poncho  for you. All the designs are specially crafted. PONCHO IS A SOFT 'FINE KNIT WITH A NECK LACE AND OPEN SIDES.          Made from the fine quality of acrylic wool,it gives you a cozy and soft  feel all day  long .IT is a free size garment fits from medium to xxl size .",rylic wool,Purple,gray,style_3
161,2199.0,2.7,MANRA,Clothing and Accessories,"MANRA present you stylish wollen ponchos, shawls,Cardgan, Pullovers which can be wear in any occasions(party ,work,festival etc).Stay warm and look stylish this winter         in our new collection of woolen poncho  for you. All the designs are specially crafted. PONCHO IS A SOFT 'FINE KNIT WITH A NECK LACE AND OPEN SIDES.          Made from the fine quality of acrylic wool,it gives you a cozy and soft  feel all day  long .IT is a free size garment fits from medium to xxl size .",81% off,SWTFYHGFEFR5PDWR,399.0,Winter Wear,Striped Collared Neck Casual Men Black Sweater,0.1814461118690313,2113,0.0278,"Striped Collared Neck Casual Men Black Sweater MANRA present you stylish wollen ponchos, shawls,Cardgan, Pullovers which can be wear in any occasions(party ,work,festival etc).Stay warm and look stylish this winter         in our new collection of woolen poncho  for you. All the designs are specially crafted. PONCHO IS A SOFT 'FINE KNIT WITH A NECK LACE AND OPEN SIDES.          Made from the fine quality of acrylic wool,it gives you a cozy and soft  feel all day  long .IT is a free size garment fits from medium to xxl size .",rylic wool,Black,black,style_3
164,999.0,2.0,Manra,Clothing and Accessories,"MANRA present you stylish wollen ponchos, shawls,Cardgan, Pullovers which can be wear in any occasions(party ,work,festival etc).Stay warm and look stylish this winter         in our new collection of woolen poncho  for you. All the designs are specially crafted. PONCHO IS A SOFT 'FINE KNIT WITH A NECK LACE AND OPEN SIDES.          Made from the fine quality of acrylic wool,it gives you a cozy and soft  feel all day  long .IT is a free size garment fits from medium to xxl size .",70% off,SCFFYKYC46ZEZAUH,299.0,Winter Wear,Manra Checkered Wool Blend Men Scarf,0.2992992992992993,1402,0.0279,"Manra Checkered Wool Blend Men Scarf MANRA present you stylish wollen ponchos, shawls,Cardgan, Pullovers which can be wear in any occasions(party ,work,festival etc).Stay warm and look stylish this winter         in our new collection of woolen poncho  for you. All the designs are specially crafted. PONCHO IS A SOFT 'FINE KNIT WITH A NECK LACE AND OPEN SIDES.          Made from the fine quality of acrylic wool,it gives you a cozy and soft  feel all day  long .IT is a free size garment fits from medium to xxl size .",Wool Blend,,white,style_3
171,2199.0,3.8,MANRA,Clothing and Accessories,"MANRA present you stylish wollen ponchos, shawls,Cardgan, Pullovers which can be wear in any occasions(party ,work,festival etc).Stay warm and look stylish this winter         in our new collection of woolen poncho  for you. All the designs are specially crafted. PONCHO IS A SOFT 'FINE KNIT WITH A NECK LACE AND OPEN SIDES.          Made from the fine quality of acrylic wool,it gives you a cozy and soft  feel all day  long .IT is a free size garment fits from medium to xxl size .",81% off,SWTFYHNDGU2FZG3G,399.0,Winter Wear,"Striped Collared Neck Casual Men Brown, Black Sweater",0.1814461118690313,1658,0.0331,"Striped Collared Neck Casual Men Brown, Black Sweater MANRA present you stylish wollen ponchos, shawls,Cardgan, Pullovers which can be wear in any occasions(party ,work,festival etc).Stay warm and look stylish this winter         in our new collection of woolen poncho  for you. All the designs are specially crafted. PONCHO IS A SOFT 'FINE KNIT WITH A NECK LACE AND OPEN SIDES.          Made from the fine quality of acrylic wool,it gives you a cozy and soft  feel all day  long .IT is a free size garment fits from medium to xxl size .",rylic wool,"Brown, Black",white,style_3
173,569.0,3.8,Self Design,Clothing and Accessories,Good quality product,47% off,TSHFWSZJQSCYKUJJ,297.0,Topwear,Self Design Men Polo Neck Black T-Shirt,0.5219683655536028,2900,0.0397,Self Design Men Polo Neck Black T-Shirt Good quality product,,Black,beige,style_3
174,569.0,3.8,Self Design,Clothing and Accessories,Good quality product,47% off,TSHFWSZJUQSDZZHG,297.0,Topwear,Self Design Men Polo Neck Dark Blue T-Shirt,0.5219683655536028,3772,0.0407,Self Design Men Polo Neck Dark Blue T-Shirt Good quality product,,Dark Blue,beige,style_1
176,449.0,4.8,,Clothing and Accessories,"Easy-to-wear and truly comfy, this tee is for anyone and everyone who likes to stay dedicated to both fitness and style!",35% off,TSHFWTPXBG5SZDV7,289.0,Topwear,Solid Men Round Neck Black T-Shirt,0.643652561247216,4741,0.0381,"Solid Men Round Neck Black T-Shirt Easy-to-wear and truly comfy, this tee is for anyone and everyone who likes to stay dedicated to both fitness and style!",,Black,beige,style_1
177,1499.0,4.3,,Clothing and Accessories,"Crafted in a pure cotton fabric, this long-sleeved, tailored-fit modern shirt to keep you in sync with high fashion and with wedding and other occasion, it will keep you comfortable all day long. This classic shirt gives you a clean and classy look while also making you feel comfortable. It enhances your look and makes you stylish when you wear this as college wear, casual wear and office wear.",73% off,SHTFVVEHGJJTM4QN,399.0,Topwear,Men Tailored Fit Solid Casual Shirt,0.2661774516344229,2970,0.0446,"Men Tailored Fit Solid Casual Shirt Crafted in a pure cotton fabric, this long-sleeved, tailored-fit modern shirt to keep you in sync with high fashion and with wedding and other occasion, it will keep you comfortable all day long. This classic shirt gives you a clean and classy look while also making you feel comfortable. It enhances your look and makes you stylish when you wear this as college wear, casual wear and office wear.",pure cotton fabric,,black,style_3
178,569.0,3.8,Self Design,Clothing and Accessories,"The Superior quality cotton blend polo neck tee is perfect for comfort wear. It will keep you comfortable all day long. It enhances your look and makes you stylish when you wear this as college wear, casual wear and office wear.",47% off,TSHFYC82QKRSV6ZA,297.0,Topwear,Self Design Men Polo Neck Orange T-Shirt,0.5219683655536028,4379,0.0432,"Self Design Men Polo Neck Orange T-Shirt The Superior quality cotton blend polo neck tee is perfect for comfort wear. It will keep you comfortable all day long. It enhances your look and makes you stylish when you wear this as college wear, casual wear and office wear.",cotton blend,Orange,beige,style_1
179,1499.0,4.3,,Clothing and Accessories,"Crafted in a pure cotton fabric, this long-sleeved, tailored-fit modern shirt to keep you in sync with high fashion and with wedding and other occasion, it will keep you comfortable all day long. This classic shirt gives you a clean and classy look while also making you feel comfortable. It enhances your look and makes you stylish when you wear this as college wear, casual wear and office wear.",73% off,SHTFVVEHJKNZ7VNR,399.0,Topwear,Men Tailored Fit Solid Casual Shirt,0.2661774516344229,2494,0.042,"Men Tailored Fit Solid Casual Shirt Crafted in a pure cotton fabric, this long-sleeved, tailored-fit modern shirt to keep you in sync with high fashion and with wedding and other occasion, it will keep you comfortable all day long. This classic shirt gives you a clean and classy look while also making you feel comfortable. It enhances your look and makes you stylish when you wear this as college wear, casual wear and office wear.",pure cotton fabric,,brown,style_3
180,569.0,3.8,Self Design,Clothing and Accessories,"The Superior quality cotton blend polo neck tee is perfect for comfort wear. It will keep you comfortable all day long. It enhances your look and makes you stylish when you wear this as college wear, casual wear and office wear.",47% off,TSHFYC82QNATNDPD,297.0,Topwear,Self Design Men Polo Neck Grey T-Shirt,0.5219683655536028,3139,0.0353,"Self Design Men Polo Neck Grey T-Shirt The Superior quality cotton blend polo neck tee is perfect for comfort wear. It will keep you comfortable all day long. It enhances your look and makes you stylish when you wear this as college wear, casual wear and office wear.",cotton blend,Grey,gray,style_1
181,449.0,3.7,,Clothing and Accessories,"Easy-to-wear and truly comfy, this tee is for anyone and everyone who likes to stay dedicated to both fitness and style!",56% off,TSHFWTPXPEDHXUQQ,196.0,Topwear,Solid Men Round Neck Green T-Shirt,0.4365256124721604,2499,0.0471,"Solid Men Round Neck Green T-Shirt Easy-to-wear and truly comfy, this tee is for anyone and everyone who likes to stay dedicated to both fitness and style!",,Green,green,style_1
182,1625.0,4.3,,Clothing and Accessories,"Crafted in a pure cotton fabric, this long-sleeved, tailored-fit modern shirt to keep you in sync with high fashion and with wedding and other occasion, it will keep you comfortable all day long. This classic shirt gives you a clean and classy look while also making you feel comfortable. It enhances your look and makes you stylish when you wear this as college wear, casual wear and office wear.",75% off,SHTFVVEHWHRGQMKY,399.0,Topwear,Men Tailored Fit Solid Casual Shirt,0.2455384615384615,3945,0.0371,"Men Tailored Fit Solid Casual Shirt Crafted in a pure cotton fabric, this long-sleeved, tailored-fit modern shirt to keep you in sync with high fashion and with wedding and other occasion, it will keep you comfortable all day long. This classic shirt gives you a clean and classy look while also making you feel comfortable. It enhances your look and makes you stylish when you wear this as college wear, casual wear and office wear.",pure cotton fabric,,gray,style_3
184,569.0,3.8,Self Design,Clothing and Accessories,Good quality product,47% off,TSHFWSZJDWBTC7PP,297.0,Topwear,Self Design Men Polo Neck Blue T-Shirt,0.5219683655536028,2966,0.0442,Self Design Men Polo Neck Blue T-Shirt Good quality product,,Blue,beige,style_1
188,569.0,3.8,Self Design,Clothing and Accessories,Good quality product,47% off,TSHFWSZJFCQGDD9R,297.0,Topwear,Self Design Men Polo Neck Red T-Shirt,0.5219683655536028,3531,0.0467,Self Design Men Polo Neck Red T-Shirt Good quality product,,Red,beige,style_1
189,1499.0,4.3,,Clothing and Accessories,"Crafted in a pure cotton fabric, this long-sleeved, tailored-fit modern shirt to keep you in sync with high fashion and with wedding and other occasion, it will keep you comfortable all day long. This classic shirt gives you a clean and classy look while also making you feel comfortable. It enhances your look and makes you stylish when you wear this as college wear, casual wear and office wear.",73% off,SHTFVVEHFY5F4QVH,404.0,Topwear,Men Tailored Fit Solid Casual Shirt,0.2695130086724483,2699,0.0446,"Men Tailored Fit Solid Casual Shirt Crafted in a pure cotton fabric, this long-sleeved, tailored-fit modern shirt to keep you in sync with high fashion and with wedding and other occasion, it will keep you comfortable all day long. This classic shirt gives you a clean and classy look while also making you feel comfortable. It enhances your look and makes you stylish when you wear this as college wear, casual wear and office wear.",pure cotton fabric,,beige,style_3
196,799.0,3.9,,Clothing and Accessories,Good quality product,60% off,TSHFWTMGVUBKW4M8,319.0,Topwear,Solid Men Polo Neck Dark Green T-Shirt,0.3992490613266583,3721,0.0426,Solid Men Polo Neck Dark Green T-Shirt Good quality product,,Dark Green,black,style_3
200,799.0,3.9,Self Design,Clothing and Accessories,Good quality product,60% off,TSHFWTMGFADKY7S8,319.0,Topwear,Self Design Men Polo Neck Grey T-Shirt,0.3992490613266583,3556,0.0492,Self Design Men Polo Neck Grey T-Shirt Good quality product,,Grey,beige,style_3
201,599.0,4.8,,Clothing and Accessories,"Easy-to-wear and truly comfy, this tee is for anyone and everyone who likes to stay dedicated to both fitness and style!",51% off,TSHFWTRVHMN9MG7V,289.0,Topwear,Solid Men Round Neck Blue T-Shirt,0.4824707846410684,2920,0.0418,"Solid Men Round Neck Blue T-Shirt Easy-to-wear and truly comfy, this tee is for anyone and everyone who likes to stay dedicated to both fitness and style!",,Blue,beige,style_1
202,449.0,4.8,,Clothing and Accessories,"Easy-to-wear and truly comfy, this tee is for anyone and everyone who likes to stay dedicated to both fitness and style!",35% off,TSHFWTPXPAMQ9YCE,289.0,Topwear,Solid Men Round Neck Dark Blue T-Shirt,0.643652561247216,3390,0.05,"Solid Men Round Neck Dark Blue T-Shirt Easy-to-wear and truly comfy, this tee is for anyone and everyone who likes to stay dedicated to both fitness and style!",,Dark Blue,beige,style_1
203,599.0,4.8,,Clothing and Accessories,"Easy-to-wear and truly comfy, this tee is for anyone and everyone who likes to stay dedicated to both fitness and style!",51% off,TSHFWTRVUFHQYK6F,289.0,Topwear,Solid Men Round Neck Yellow T-Shirt,0.4824707846410684,4822,0.0451,"Solid Men Round Neck Yellow T-Shirt Easy-to-wear and truly comfy, this tee is for anyone and everyone who likes to stay dedicated to both fitness and style!",,Yellow,beige,style_1
205,599.0,4.8,,Clothing and Accessories,"Easy-to-wear and truly comfy, this tee is for anyone and everyone who likes to stay dedicated to both fitness and style!",51% off,TSHFWTRVHHXNDYVZ,289.0,Topwear,Solid Men Round Neck Grey T-Shirt,0.4824707846410684,2745,0.0351,"Solid Men Round Neck Grey T-Shirt Easy-to-wear and truly comfy, this tee is for anyone and everyone who likes to stay dedicated to both fitness and style!",,Grey,beige,style_3
206,1625.0,4.3,,Clothing and Accessories,"Crafted in a pure cotton fabric, this long-sleeved, tailored-fit modern shirt to keep you in sync with high fashion and with wedding and other occasion, it will keep you comfortable all day long. This classic shirt gives you a clean and classy look while also making you feel comfortable. It enhances your look and makes you stylish when you wear this as college wear, casual wear and office wear.",72% off,SHTFVVEHGB3M4JVU,449.0,Topwear,Men Tailored Fit Solid Casual Shirt,0.2763076923076923,2441,0.0453,"Men Tailored Fit Solid Casual Shirt Crafted in a pure cotton fabric, this long-sleeved, tailored-fit modern shirt to keep you in sync with high fashion and with wedding and other occasion, it will keep you comfortable all day long. This classic shirt gives you a clean and classy look while also making you feel comfortable. It enhances your look and makes you stylish when you wear this as college wear, casual wear and office wear.",pure cotton fabric,,brown,style_3
208,1625.0,4.3,,Clothing and Accessories,"Crafted in a pure cotton fabric, this long-sleeved, tailored-fit modern shirt to keep you in sync with high fashion and with wedding and other occasion, it will keep you comfortable all day long. This classic shirt gives you a clean and classy look while also making you feel comfortable. It enhances your look and makes you stylish when you wear this as college wear, casual wear and office wear.",60% off,SHTFVVCNTBZUFGXR,649.0,Topwear,Men Tailored Fit Solid Casual Shirt,0.3993846153846154,2437,0.037,"Men Tailored Fit Solid Casual Shirt Crafted in a pure cotton fabric, this long-sleeved, tailored-fit modern shirt to keep you in sync with high fashion and with wedding and other occasion, it will keep you comfortable all day long. This classic shirt gives you a clean and classy look while also making you feel comfortable. It enhances your look and makes you stylish when you wear this as college wear, casual wear and office wear.",pure cotton fabric,,white,style_3
209,599.0,4.8,,Clothing and Accessories,"Easy-to-wear and truly comfy, this tee is for anyone and everyone who likes to stay dedicated to both fitness and style!",51% off,TSHFWTRVHPKXGTVJ,289.0,Topwear,Solid Men Round Neck Red T-Shirt,0.4824707846410684,3099,0.0458,"Solid Men Round Neck Red T-Shirt Easy-to-wear and truly comfy, this tee is for anyone and everyone who likes to stay dedicated to both fitness and style!",,Red,beige,style_1
209,599.0,4.8,,Clothing and Accessories,"Easy-to-wear and truly comfy, this tee is for anyone and everyone who likes to stay dedicated to both fitness and style!",51% off,TSHFWTRVHPKXGTVJ,289.0,Topwear,Solid Men Round Neck Red T-Shirt,0.4824707846410684,3099,0.0458,"Solid Men Round Neck Red T-Shirt Easy-to-wear and truly comfy, this tee is for anyone and everyone who likes to stay dedicated to both fitness and style!",,Red,beige,style_1
215,599.0,4.8,,Clothing and Accessories,"Easy-to-wear and truly comfy, this tee is for anyone and everyone who likes to stay dedicated to both fitness and style!",51% off,TSHFWTRVHPKXGTVJ,289.0,Topwear,Solid Men Round Neck Red T-Shirt,0.4824707846410684,3278,0.0351,"Solid Men Round Neck Red T-Shirt Easy-to-wear and truly comfy, this tee is for anyone and everyone who likes to stay dedicated to both fitness and style!",,Red,beige,style_1
215,599.0,4.8,,Clothing and Accessories,"Easy-to-wear and truly comfy, this tee is for anyone and everyone who likes to stay dedicated to both fitness and style!",51% off,TSHFWTRVHPKXGTVJ,289.0,Topwear,Solid Men Round Neck Red T-Shirt,0.4824707846410684,3278,0.0351,"Solid Men Round Neck Red T-Shirt Easy-to-wear and truly comfy, this tee is for anyone and everyone who likes to stay dedicated to both fitness and style!",,Red,beige,style_1
212,1625.0,4.3,,Clothing and Accessories,"Crafted in a pure cotton fabric, this long-sleeved, tailored-fit modern shirt to keep you in sync with high fashion and with wedding and other occasion, it will keep you comfortable all day long. This classic shirt gives you a clean and classy look while also making you feel comfortable. It enhances your look and makes you stylish when you wear this as college wear, casual wear and office wear.",60% off,SHTFVVCNDWPWPQDE,649.0,Topwear,Men Tailored Fit Solid Casual Shirt,0.3993846153846154,3783,0.041,"Men Tailored Fit Solid Casual Shirt Crafted in a pure cotton fabric, this long-sleeved, tailored-fit modern shirt to keep you in sync with high fashion and with wedding and other occasion, it will keep you comfortable all day long. This classic shirt gives you a clean and classy look while also making you feel comfortable. It enhances your look and makes you stylish when you wear this as college wear, casual wear and office wear.",pure cotton fabric,,beige,style_3
212,1625.0,4.3,,Clothing and Accessories,"Crafted in a pure cotton fabric, this long-sleeved, tailored-fit modern shirt to keep you in sync with high fashion and with wedding and other occasion, it will keep you comfortable all day long. This classic shirt gives you a clean and classy look while also making you feel comfortable. It enhances your look and makes you stylish when you wear this as college wear, casual wear and office wear.",60% off,SHTFVVCNDWPWPQDE,649.0,Topwear,Men Tailored Fit Solid Casual Shirt,0.3993846153846154,3783,0.041,"Men Tailored Fit Solid Casual Shirt Crafted in a pure cotton fabric, this long-sleeved, tailored-fit modern shirt to keep you in sync with high fashion and with wedding and other occasion, it will keep you comfortable all day long. This classic shirt gives you a clean and classy look while also making you feel comfortable. It enhances your look and makes you stylish when you wear this as college wear, casual wear and office wear.",pure cotton fabric,,beige,style_3
219,1625.0,4.3,,Clothing and Accessories,"Crafted in a pure cotton fabric, this long-sleeved, tailored-fit modern shirt to keep you in sync with high fashion and with wedding and other occasion, it will keep you comfortable all day long. This classic shirt gives you a clean and classy look while also making you feel comfortable. It enhances your look and makes you stylish when you wear this as college wear, casual wear and office wear.",60% off,SHTFVVCNDWPWPQDE,649.0,Topwear,Men Tailored Fit Solid Casual Shirt,0.3993846153846154,4194,0.0383,"Men Tailored Fit Solid Casual Shirt Crafted in a pure cotton fabric, this long-sleeved, tailored-fit modern shirt to keep you in sync with high fashion and with wedding and other occasion, it will keep you comfortable all day long. This classic shirt gives you a clean and classy look while also making you feel comfortable. It enhances your look and makes you stylish when you wear this as college wear, casual wear and office wear.",pure cotton fabric,,beige,style_3
219,1625.0,4.3,,Clothing and Accessories,"Crafted in a pure cotton fabric, this long-sleeved, tailored-fit modern shirt to keep you in sync with high fashion and with wedding and other occasion, it will keep you comfortable all day long. This classic shirt gives you a clean and classy look while also making you feel comfortable. It enhances your look and makes you stylish when you wear this as college wear, casual wear and office wear.",60% off,SHTFVVCNDWPWPQDE,649.0,Topwear,Men Tailored Fit Solid Casual Shirt,0.3993846153846154,4194,0.0383,"Men Tailored Fit Solid Casual Shirt Crafted in a pure cotton fabric, this long-sleeved, tailored-fit modern shirt to keep you in sync with high fashion and with wedding and other occasion, it will keep you comfortable all day long. This classic shirt gives you a clean and classy look while also making you feel comfortable. It enhances your look and makes you stylish when you wear this as college wear, casual wear and office wear.",pure cotton fabric,,beige,style_3
214,1625.0,4.3,,Clothing and Accessories,"Crafted in a pure cotton fabric, this long-sleeved, tailored-fit modern shirt to keep you in sync with high fashion and with wedding and other occasion, it will keep you comfortable all day long. This classic shirt gives you a clean and classy look while also making you feel comfortable. It enhances your look and makes you stylish when you wear this as college wear, casual wear and office wear.",60% off,SHTFVVCNJNSZGNZ3,649.0,Topwear,Men Tailored Fit Solid Casual Shirt,0.3993846153846154,3909,0.0429,"Men Tailored Fit Solid Casual Shirt Crafted in a pure cotton fabric, this long-sleeved, tailored-fit modern shirt to keep you in sync with high fashion and with wedding and other occasion, it will keep you comfortable all day long. This classic shirt gives you a clean and classy look while also making you feel comfortable. It enhances your look and makes you stylish when you wear this as college wear, casual wear and office wear.",pure cotton fabric,,white,style_3
238,1625.0,4.3,,Clothing and Accessories,"Crafted in a pure cotton fabric, this long-sleeved, tailored-fit modern shirt to keep you in sync with high fashion and with wedding and other occasion, it will keep you comfortable all day long. This classic shirt gives you a clean and classy look while also making you feel comfortable. It enhances your look and makes you stylish when you wear this as college wear, casual wear and office wear.",75% off,SHTFVVEHYYFGGKM6,399.0,Topwear,Men Tailored Fit Solid Casual Shirt,0.2455384615384615,3418,0.0344,"Men Tailored Fit Solid Casual Shirt Crafted in a pure cotton fabric, this long-sleeved, tailored-fit modern shirt to keep you in sync with high fashion and with wedding and other occasion, it will keep you comfortable all day long. This classic shirt gives you a clean and classy look while also making you feel comfortable. It enhances your look and makes you stylish when you wear this as college wear, casual wear and office wear.",pure cotton fabric,,beige,style_3
239,1625.0,4.3,,Clothing and Accessories,"Crafted in a pure cotton fabric, this long-sleeved, tailored-fit modern shirt to keep you in sync with high fashion and with wedding and other occasion, it will keep you comfortable all day long. This classic shirt gives you a clean and classy look while also making you feel comfortable. It enhances your look and makes you stylish when you wear this as college wear, casual wear and office wear.",60% off,SHTFVVCNCVHW9ARP,649.0,Topwear,Men Tailored Fit Solid Casual Shirt,0.3993846153846154,2795,0.0352,"Men Tailored Fit Solid Casual Shirt Crafted in a pure cotton fabric, this long-sleeved, tailored-fit modern shirt to keep you in sync with high fashion and with wedding and other occasion, it will keep you comfortable all day long. This classic shirt gives you a clean and classy look while also making you feel comfortable. It enhances your look and makes you stylish when you wear this as college wear, casual wear and office wear.",pure cotton fabric,,white,style_3
241,1625.0,4.3,,Clothing and Accessories,"Crafted in a pure cotton fabric, this long-sleeved, tailored-fit modern shirt to keep you in sync with high fashion and with wedding and other occasion, it will keep you comfortable all day long. This classic shirt gives you a clean and classy look while also making you feel comfortable. It enhances your look and makes you stylish when you wear this as college wear, casual wear and office wear.",60% off,SHTFVVCNJSMCTAH2,649.0,Topwear,Men Tailored Fit Solid Casual Shirt,0.3993846153846154,4412,0.04,"Men Tailored Fit Solid Casual Shirt Crafted in a pure cotton fabric, this long-sleeved, tailored-fit modern shirt to keep you in sync with high fashion and with wedding and other occasion, it will keep you comfortable all day long. This classic shirt gives you a clean and classy look while also making you feel comfortable. It enhances your look and makes you stylish when you wear this as college wear, casual wear and office wear.",pure cotton fabric,,brown,style_3
242,1625.0,4.3,,Clothing and Accessories,"Crafted in a pure cotton fabric, this long-sleeved, tailored-fit modern shirt to keep you in sync with high fashion and with wedding and other occasion, it will keep you comfortable all day long. This classic shirt gives you a clean and classy look while also making you feel comfortable. It enhances your look and makes you stylish when you wear this as college wear, casual wear and office wear.",74% off,SHTFVVEHZEZRDEJJ,411.0,Topwear,Men Tailored Fit Solid Casual Shirt,0.2529230769230769,3946,0.0489,"Men Tailored Fit Solid Casual Shirt Crafted in a pure cotton fabric, this long-sleeved, tailored-fit modern shirt to keep you in sync with high fashion and with wedding and other occasion, it will keep you comfortable all day long. This classic shirt gives you a clean and classy look while also making you feel comfortable. It enhances your look and makes you stylish when you wear this as college wear, casual wear and office wear.",pure cotton fabric,,black,style_3
243,1625.0,4.3,,Clothing and Accessories,"Crafted in a pure cotton fabric, this long-sleeved, tailored-fit modern shirt to keep you in sync with high fashion and with wedding and other occasion, it will keep you comfortable all day long. This classic shirt gives you a clean and classy look while also making you feel comfortable. It enhances your look and makes you stylish when you wear this as college wear, casual wear and office wear.",75% off,SHTFVVEH8KY6F5BX,399.0,Topwear,Men Tailored Fit Solid Casual Shirt,0.2455384615384615,2899,0.0504,"Men Tailored Fit Solid Casual Shirt Crafted in a pure cotton fabric, this long-sleeved, tailored-fit modern shirt to keep you in sync with high fashion and with wedding and other occasion, it will keep you comfortable all day long. This classic shirt gives you a clean and classy look while also making you feel comfortable. It enhances your look and makes you stylish when you wear this as college wear, casual wear and office wear.",pure cotton fabric,,pink,style_3
244,1625.0,4.3,,Clothing and Accessories,"Crafted in a pure cotton fabric, this long-sleeved, tailored-fit modern shirt to keep you in sync with high fashion and with wedding and other occasion, it will keep you comfortable all day long. This classic shirt gives you a clean and classy look while also making you feel comfortable. It enhances your look and makes you stylish when you wear this as college wear, casual wear and office wear.",75% off,SHTFVVEHMCY2GYFC,399.0,Topwear,Men Tailored Fit Solid Casual Shirt,0.2455384615384615,2230,0.0501,"Men Tailored Fit Solid Casual Shirt Crafted in a pure cotton fabric, this long-sleeved, tailored-fit modern shirt to keep you in sync with high fashion and with wedding and other occasion, it will keep you comfortable all day long. This classic shirt gives you a clean and classy look while also making you feel comfortable. It enhances your look and makes you stylish when you wear this as college wear, casual wear and office wear.",pure cotton fabric,,beige,style_3
246,1499.0,4.3,,Clothing and Accessories,"Crafted in a pure cotton fabric, this long-sleeved, tailored-fit modern shirt to keep you in sync with high fashion and with wedding and other occasion, it will keep you comfortable all day long. This classic shirt gives you a clean and classy look while also making you feel comfortable. It enhances your look and makes you stylish when you wear this as college wear, casual wear and office wear.",73% off,SHTFVVEHGDUN99HD,399.0,Topwear,Men Tailored Fit Solid Casual Shirt,0.2661774516344229,3050,0.0493,"Men Tailored Fit Solid Casual Shirt Crafted in a pure cotton fabric, this long-sleeved, tailored-fit modern shirt to keep you in sync with high fashion and with wedding and other occasion, it will keep you comfortable all day long. This classic shirt gives you a clean and classy look while also making you feel comfortable. It enhances your look and makes you stylish when you wear this as college wear, casual wear and office wear.",pure cotton fabric,,beige,style_3
248,1625.0,4.3,,Clothing and Accessories,"Crafted in a pure cotton fabric, this long-sleeved, tailored-fit modern shirt to keep you in sync with high fashion and with wedding and other occasion, it will keep you comfortable all day long. This classic shirt gives you a clean and classy look while also making you feel comfortable. It enhances your look and makes you stylish when you wear this as college wear, casual wear and office wear.",77% off,SHTFVVEHZUETFQAM,359.0,Topwear,Men Tailored Fit Solid Casual Shirt,0.2209230769230769,3952,0.0367,"Men Tailored Fit Solid Casual Shirt Crafted in a pure cotton fabric, this long-sleeved, tailored-fit modern shirt to keep you in sync with high fashion and with wedding and other occasion, it will keep you comfortable all day long. This classic shirt gives you a clean and classy look while also making you feel comfortable. It enhances your look and makes you stylish when you wear this as college wear, casual wear and office wear.",pure cotton fabric,,beige,style_3
249,1625.0,4.3,,Clothing and Accessories,"Crafted in a pure cotton fabric, this long-sleeved, tailored-fit modern shirt to keep you in sync with high fashion and with wedding and other occasion, it will keep you comfortable all day long. This classic shirt gives you a clean and classy look while also making you feel comfortable. It enhances your look and makes you stylish when you wear this as college wear, casual wear and office wear.",60% off,SHTFVVCNXF5GYTHK,649.0,Topwear,Men Tailored Fit Solid Casual Shirt,0.3993846153846154,4202,0.045,"Men Tailored Fit Solid Casual Shirt Crafted in a pure cotton fabric, this long-sleeved, tailored-fit modern shirt to keep you in sync with high fashion and with wedding and other occasion, it will keep you comfortable all day long. This classic shirt gives you a clean and classy look while also making you feel comfortable. It enhances your look and makes you stylish when you wear this as college wear, casual wear and office wear.",pure cotton fabric,,black,style_3
250,1625.0,4.3,,Clothing and Accessories,"Crafted in a pure cotton fabric, this long-sleeved, tailored-fit modern shirt to keep you in sync with high fashion and with wedding and other occasion, it will keep you comfortable all day long. This classic shirt gives you a clean and classy look while also making you feel comfortable. It enhances your look and makes you stylish when you wear this as college wear, casual wear and office wear.",60% off,SHTFVVCNH3ECDGVF,649.0,Topwear,Men Tailored Fit Solid Casual Shirt,0.3993846153846154,3039,0.0424,"Men Tailored Fit Solid Casual Shirt Crafted in a pure cotton fabric, this long-sleeved, tailored-fit modern shirt to keep you in sync with high fashion and with wedding and other occasion, it will keep you comfortable all day long. This classic shirt gives you a clean and classy look while also making you feel comfortable. It enhances your look and makes you stylish when you wear this as college wear, casual wear and office wear.",pure cotton fabric,,gray,style_3
253,569.0,3.8,Self Design,Clothing and Accessories,Good quality product,47% off,TSHFWSZJH9S7WR2K,297.0,Topwear,Self Design Men Polo Neck Maroon T-Shirt,0.5219683655536028,3089,0.0432,Self Design Men Polo Neck Maroon T-Shirt Good quality product,,Maroon,beige,style_1
254,449.0,3.7,,Clothing and Accessories,"Easy-to-wear and truly comfy, this tee is for anyone and everyone who likes to stay dedicated to both fitness and style!",56% off,TSHFWTPXVKC2XRVR,196.0,Topwear,Solid Men Round Neck Light Blue T-Shirt,0.4365256124721604,2608,0.0482,"Solid Men Round Neck Light Blue T-Shirt Easy-to-wear and truly comfy, this tee is for anyone and everyone who likes to stay dedicated to both fitness and style!",,Light Blue,beige,style_1
255,1999.0,3.9,adidas,Clothing and Accessories,This adidas Originals Trefoil Tee puts the Trefoil logo front and center in a bold contrast color to show off adidas pride. The men's t-shirt has an all-cotton build for a classic fit and feel.,33% off,TSHFEFDH45GYQBXS,1339.0,Topwear,Sporty Men Round Neck Grey T-Shirt,0.6698349174587294,3945,0.03,Sporty Men Round Neck Grey T-Shirt This adidas Originals Trefoil Tee puts the Trefoil logo front and center in a bold contrast color to show off adidas pride. The men's t-shirt has an all-cotton build for a classic fit and feel.,-cotton,Grey,beige,style_1
255,1999.0,3.9,adidas,Clothing and Accessories,This adidas Originals Trefoil Tee puts the Trefoil logo front and center in a bold contrast color to show off adidas pride. The men's t-shirt has an all-cotton build for a classic fit and feel.,33% off,TSHFEFDH45GYQBXS,1339.0,Topwear,Sporty Men Round Neck Grey T-Shirt,0.6698349174587294,3945,0.03,Sporty Men Round Neck Grey T-Shirt This adidas Originals Trefoil Tee puts the Trefoil logo front and center in a bold contrast color to show off adidas pride. The men's t-shirt has an all-cotton build for a classic fit and feel.,-cotton,Grey,beige,style_1
298,1999.0,3.9,adidas,Clothing and Accessories,This adidas Originals Trefoil Tee puts the Trefoil logo front and center in a bold contrast color to show off adidas pride. The men's t-shirt has an all-cotton build for a classic fit and feel.,33% off,TSHFEFDH45GYQBXS,1339.0,Topwear,Sporty Men Round Neck Grey T-Shirt,0.6698349174587294,4096,0.0277,Sporty Men Round Neck Grey T-Shirt This adidas Originals Trefoil Tee puts the Trefoil logo front and center in a bold contrast color to show off adidas pride. The men's t-shirt has an all-cotton build for a classic fit and feel.,-cotton,Grey,beige,style_1
298,1999.0,3.9,adidas,Clothing and Accessories,This adidas Originals Trefoil Tee puts the Trefoil logo front and center in a bold contrast color to show off adidas pride. The men's t-shirt has an all-cotton build for a classic fit and feel.,33% off,TSHFEFDH45GYQBXS,1339.0,Topwear,Sporty Men Round Neck Grey T-Shirt,0.6698349174587294,4096,0.0277,Sporty Men Round Neck Grey T-Shirt This adidas Originals Trefoil Tee puts the Trefoil logo front and center in a bold contrast color to show off adidas pride. The men's t-shirt has an all-cotton build for a classic fit and feel.,-cotton,Grey,beige,style_1
256,1999.0,3.7,,Clothing and Accessories,ESSENTIAL TEE,50% off,TSHFZF6KATPWGGZP,986.0,Topwear,Solid Men Round Neck Grey T-Shirt,0.4932466233116558,4244,0.0364,Solid Men Round Neck Grey T-Shirt ESSENTIAL TEE,,Grey,beige,style_1
256,1999.0,3.7,,Clothing and Accessories,ESSENTIAL TEE,50% off,TSHFZF6KATPWGGZP,986.0,Topwear,Solid Men Round Neck Grey T-Shirt,0.4932466233116558,4244,0.0364,Solid Men Round Neck Grey T-Shirt ESSENTIAL TEE,,Grey,beige,style_1
304,1999.0,3.7,,Clothing and Accessories,ESSENTIAL TEE,50% off,TSHFZF6KATPWGGZP,986.0,Topwear,Solid Men Round Neck Grey T-Shirt,0.4932466233116558,3820,0.0395,Solid Men Round Neck Grey T-Shirt ESSENTIAL TEE,,Grey,beige,style_1
304,1999.0,3.7,,Clothing and Accessories,ESSENTIAL TEE,50% off,TSHFZF6KATPWGGZP,986.0,Topwear,Solid Men Round Neck Grey T-Shirt,0.4932466233116558,3820,0.0395,Solid Men Round Neck Grey T-Shirt ESSENTIAL TEE,,Grey,beige,style_1
257,3599.0,4.7,,Clothing and Accessories,OUTLINE SHORT,25% off,SRTFZFYXGWCDRYNT,2699.0,Bottomwear,Solid Men Blue Sports Shorts,0.7499305362600722,3541,0.0146,Solid Men Blue Sports Shorts OUTLINE SHORT,,Blue,beige,style_2
258,4599.0,4.0,,Clothing and Accessories,An iconic warm-up style takes to the streets. These track pants honour their '90s roots with a casual fit and classic build made of polyester tricot.,28% off,TKPFGP48RBBKAGSZ,3311.0,Bottomwear,Striped Men Black Track Pants,0.7199391171993912,2426,0.0145,Striped Men Black Track Pants An iconic warm-up style takes to the streets. These track pants honour their '90s roots with a casual fit and classic build made of polyester tricot.,polyester,Black,beige,style_2
260,3599.0,4.5,,Clothing and Accessories,F SHORT,28% off,SRTFZFYXJFFJYWDQ,2591.0,Bottomwear,Solid Men Black Sports Shorts,0.7199222006112809,3380,0.0127,Solid Men Black Sports Shorts F SHORT,,Black,beige,style_2
261,2699.0,3.7,,Clothing and Accessories,BG TREFOIL TEE,50% off,TSHFZF6KFZRZ3UQN,1349.0,Topwear,Printed Men Round Neck Orange T-Shirt,0.4998147462022971,4369,0.0278,Printed Men Round Neck Orange T-Shirt BG TREFOIL TEE,,Orange,beige,style_2
262,1999.0,3.7,adi,Clothing and Accessories,Stealthy and sporty. Just like you. An embroidered Trefoil logo in a camouflage print puts a fresh spin on this adidas t-shirt. All-cotton jersey feels soft.,47% off,TSHFZF6K8RPHSGYP,1049.0,Topwear,Solid Men Round Neck Black T-Shirt,0.5247623811905953,2685,0.0361,Solid Men Round Neck Black T-Shirt Stealthy and sporty. Just like you. An embroidered Trefoil logo in a camouflage print puts a fresh spin on this adidas t-shirt. All-cotton jersey feels soft.,cotton,"Black, camouflage",gray,style_1
263,2699.0,4.5,adidas Originals,Clothing and Accessories,"Take your look to another dimension. An homage to heritage, this allover monogram-print adidas Originals short sleeve t-shirt features a 3D cube design. Alternating Trefoil logos create a sporty look fresh for the streets.",33% off,TSHFZF6K5SGFNZCP,1808.0,Topwear,Geometric Print Men Round Neck Dark Blue T-Shirt,0.6698777324935161,4192,0.0225,"Geometric Print Men Round Neck Dark Blue T-Shirt Take your look to another dimension. An homage to heritage, this allover monogram-print adidas Originals short sleeve t-shirt features a 3D cube design. Alternating Trefoil logos create a sporty look fresh for the streets.",,Dark Blue,green,style_1
264,2499.0,4.3,,Clothing and Accessories,DIAGONAL LOGO T,33% off,TSHFZF6KVN4ZVV9D,1674.0,Topwear,Graphic Print Men Round Neck White T-Shirt,0.6698679471788715,4950,0.0224,Graphic Print Men Round Neck White T-Shirt DIAGONAL LOGO T,,White,gray,style_1
265,2499.0,4.0,,Clothing and Accessories,OUTLINE TEE S,33% off,TSHFZF6KGZRMWCHD,1674.0,Topwear,Printed Men Round Neck Dark Blue T-Shirt,0.6698679471788715,4429,0.0223,Printed Men Round Neck Dark Blue T-Shirt OUTLINE TEE S,,Dark Blue,beige,style_1
266,1999.0,3.7,,Clothing and Accessories,ESSENTIAL TEE,50% off,TSHFZF6KBHPZZHRH,990.0,Topwear,Solid Men Round Neck Grey T-Shirt,0.4952476238119059,3765,0.0315,Solid Men Round Neck Grey T-Shirt ESSENTIAL TEE,,Grey,beige,style_1
267,2299.0,3.2,,Clothing and Accessories,F TEE,33% off,TSHFZF6KXFJQZCHJ,1540.0,Topwear,Sporty Men Round Neck Black T-Shirt,0.6698564593301436,3844,0.0239,Sporty Men Round Neck Black T-Shirt F TEE,,Black,beige,style_1
268,2299.0,3.7,,Clothing and Accessories,OUTLINE TEE,33% off,TSHFZF6KMXA75HRY,1540.0,Topwear,Sporty Men Round Neck Black T-Shirt,0.6698564593301436,3392,0.0296,Sporty Men Round Neck Black T-Shirt OUTLINE TEE,,Black,beige,style_1
269,1999.0,4.2,adidas,Clothing and Accessories,"The adidas Trefoil first appeared on the scene in 1972, and it continues to make its mark. This archive-inspired t-shirt celebrates the symbol's legacy. It's made of cotton jersey for a soft feel.",33% off,TSHFZF6KZTHBEFC6,1339.0,Topwear,Graphic Print Men Round Neck Light Green T-Shirt,0.6698349174587294,3487,0.029,"Graphic Print Men Round Neck Light Green T-Shirt The adidas Trefoil first appeared on the scene in 1972, and it continues to make its mark. This archive-inspired t-shirt celebrates the symbol's legacy. It's made of cotton jersey for a soft feel.",cotton jersey,Light Green,beige,style_1
270,2299.0,4.4,,Clothing and Accessories,OUTLINE TEE,45% off,TSHFZF6KDGVRSZKN,1264.0,Topwear,Printed Men Round Neck Blue T-Shirt,0.549804262722923,4547,0.0271,Printed Men Round Neck Blue T-Shirt OUTLINE TEE,,Blue,beige,style_1
271,3599.0,3.7,,Clothing and Accessories,OUTLINE SHORT,28% off,SRTFZFYX7HCSRDD7,2591.0,Bottomwear,Striped Men Black Basic Shorts,0.7199222006112809,3350,0.0139,Striped Men Black Basic Shorts OUTLINE SHORT,,Black,beige,style_2
272,1999.0,4.2,,Clothing and Accessories,CAMO INFILL TEE,33% off,TSHFZF6KYWWNYBNJ,1339.0,Topwear,Printed Men Round Neck Black T-Shirt,0.6698349174587294,4857,0.0243,Printed Men Round Neck Black T-Shirt CAMO INFILL TEE,,Black,beige,style_1
273,1999.0,3.8,adidas,Clothing and Accessories,This adidas Originals Trefoil Tee puts the Trefoil logo front and center in a bold contrast color to show off adidas pride. The men's t-shirt has an all-cotton build for a classic fit and feel.,33% off,TSHFZF6KAAJ3QBBZ,1339.0,Topwear,Printed Men Round Neck Red T-Shirt,0.6698349174587294,4692,0.0333,Printed Men Round Neck Red T-Shirt This adidas Originals Trefoil Tee puts the Trefoil logo front and center in a bold contrast color to show off adidas pride. The men's t-shirt has an all-cotton build for a classic fit and feel.,cotton,Red,red,style_1
274,1999.0,4.2,adidas,Clothing and Accessories,This adidas Originals Trefoil Tee puts the Trefoil logo front and center in a bold contrast color to show off adidas pride. The men's t-shirt has an all-cotton build for a classic fit and feel.,33% off,TSHFGP4VMMZXH9CJ,1339.0,Topwear,Sporty Men Round Neck Black T-Shirt,0.6698349174587294,4008,0.0278,Sporty Men Round Neck Black T-Shirt This adidas Originals Trefoil Tee puts the Trefoil logo front and center in a bold contrast color to show off adidas pride. The men's t-shirt has an all-cotton build for a classic fit and feel.,-cotton,Black,beige,style_1
275,1999.0,3.6,adi,Clothing and Accessories,Stealthy and sporty. Just like you. An embroidered Trefoil logo in a camouflage print puts a fresh spin on this adidas t-shirt. All-cotton jersey feels soft.,53% off,TSHFZF6KYRZGGWMK,939.0,Topwear,Solid Men Round Neck White T-Shirt,0.4697348674337168,3271,0.0435,Solid Men Round Neck White T-Shirt Stealthy and sporty. Just like you. An embroidered Trefoil logo in a camouflage print puts a fresh spin on this adidas t-shirt. All-cotton jersey feels soft.,cotton,"White, camouflage",gray,style_1
276,3299.0,4.0,adidas,Clothing and Accessories,"Make getting out the door every day easy with the adidas R.Y.V. long sleeve t-shirt. Minimalist enough to go with everything, with unexpected pops of sport style for a strong impact.",33% off,TSHFZF6KHGF68RM4,2210.0,Topwear,Solid Men Round Neck Black T-Shirt,0.6698999696877842,3950,0.0183,"Solid Men Round Neck Black T-Shirt Make getting out the door every day easy with the adidas R.Y.V. long sleeve t-shirt. Minimalist enough to go with everything, with unexpected pops of sport style for a strong impact.",,Black,black,style_3
277,1999.0,3.9,adi,Clothing and Accessories,"Quiet confidence wins. Keep it simple with this low-key adidas t-shirt. An embroidered Trefoil logo adds a touch of class to this soft, cotton jersey tee.",53% off,TSHFZF6KXUEAS5WS,920.0,Topwear,Solid Men Round Neck White T-Shirt,0.4602301150575287,3704,0.0422,"Solid Men Round Neck White T-Shirt Quiet confidence wins. Keep it simple with this low-key adidas t-shirt. An embroidered Trefoil logo adds a touch of class to this soft, cotton jersey tee.",cotton,White,gray,style_1
278,1999.0,3.9,adi,Clothing and Accessories,"Hidden in plain sight. A modern take on a classic pattern, this t-shirt spotlights a camouflage adidas Trefoil logo. Create a contemporary look with heritage energy.",33% off,TSHFZF6KZ4HCF9DU,1339.0,Topwear,Printed Men Round Neck White T-Shirt,0.6698349174587294,4277,0.0259,"Printed Men Round Neck White T-Shirt Hidden in plain sight. A modern take on a classic pattern, this t-shirt spotlights a camouflage adidas Trefoil logo. Create a contemporary look with heritage energy.",,"White, camouflage",beige,style_1
279,3599.0,4.3,,Clothing and Accessories,PRE GAME SHORT,40% off,SRTFZYYSMRZZHSNR,2159.0,Bottomwear,Solid Men Dark Blue Sports Shorts,0.5998888580161156,4054,0.0139,Solid Men Dark Blue Sports Shorts PRE GAME SHORT,,Dark Blue,beige,style_2
280,3599.0,3.3,,Clothing and Accessories,3-STRIPE SHORT,25% off,SRTFZFYXANT8QBUS,2699.0,Bottomwear,Solid Men Grey Sports Shorts,0.7499305362600722,3199,0.0118,Solid Men Grey Sports Shorts 3-STRIPE SHORT,,Grey,beige,style_2
281,1999.0,4.1,,Clothing and Accessories,MULTI FADE TEE,40% off,TSHFZF6KZTNJMJMY,1199.0,Topwear,Printed Men Round Neck Pink T-Shirt,0.599799899949975,3414,0.0325,Printed Men Round Neck Pink T-Shirt MULTI FADE TEE,,Pink,beige,style_1
282,3599.0,4.3,,Clothing and Accessories,3-STRIPE SHORT,40% off,SRTFZFYXWSZFEZ8C,2159.0,Bottomwear,Solid Men Blue Sports Shorts,0.5998888580161156,3186,0.0154,Solid Men Blue Sports Shorts 3-STRIPE SHORT,,Blue,beige,style_2
283,2499.0,4.5,FRS,Clothing and Accessories,FRSTTEE,48% off,TSHFZF6KYJYERPXZ,1297.0,Topwear,Printed Men Round Neck Blue T-Shirt,0.5190076030412165,2890,0.0291,Printed Men Round Neck Blue T-Shirt FRSTTEE,,Blue,beige,style_1
284,3599.0,3.5,,Clothing and Accessories,PRE GAME SHORT,25% off,SRTFZYYXKPMGCRDJ,2699.0,Bottomwear,Solid Men Black Sports Shorts,0.7499305362600722,2800,0.0164,Solid Men Black Sports Shorts PRE GAME SHORT,,Black,beige,style_2
285,3599.0,4.4,,Clothing and Accessories,3-STRIPE SHORT,25% off,SRTFZFYXMNKHST7D,2699.0,Bottomwear,Solid Men Black Sports Shorts,0.7499305362600722,2197,0.0133,Solid Men Black Sports Shorts 3-STRIPE SHORT,,Black,beige,style_2
287,2699.0,4.3,,Clothing and Accessories,BG TREFOIL TEE,33% off,TSHFZF6KJBQSXSBQ,1808.0,Topwear,Printed Men Round Neck Blue T-Shirt,0.6698777324935161,4139,0.0263,Printed Men Round Neck Blue T-Shirt BG TREFOIL TEE,,Blue,beige,style_1
288,3999.0,4.5,,Clothing and Accessories,LOCKUP LNG SHRT,25% off,SRTFZYYVN7EQ8QGH,2999.0,Bottomwear,Solid Men Blue Sports Shorts,0.7499374843710928,2430,0.0148,Solid Men Blue Sports Shorts LOCKUP LNG SHRT,,Blue,beige,style_2
289,2999.0,4.0,adi,Clothing and Accessories,Level up your look. Imagine yourself on a yacht in this pique polo shirt. The 3-Stripes are knit in to the collar for a classy vibe. An embroidered Trefoil logo keeps it legit adidas.,33% off,TSHFZF6KGMMYWQSN,2009.0,Topwear,Solid Men Polo Neck Black T-Shirt,0.6698899633211071,3870,0.0239,Solid Men Polo Neck Black T-Shirt Level up your look. Imagine yourself on a yacht in this pique polo shirt. The 3-Stripes are knit in to the collar for a classy vibe. An embroidered Trefoil logo keeps it legit adidas.,pi,Black,gray,style_1
290,1999.0,3.9,adi,Clothing and Accessories,"Quiet confidence wins. Keep it simple with this low-key adidas t-shirt. An embroidered Trefoil logo adds a touch of class to this soft, cotton jersey tee.",47% off,TSHFZF6KF2GKH5ZM,1049.0,Topwear,Solid Men Round Neck Red T-Shirt,0.5247623811905953,2533,0.0324,"Solid Men Round Neck Red T-Shirt Quiet confidence wins. Keep it simple with this low-key adidas t-shirt. An embroidered Trefoil logo adds a touch of class to this soft, cotton jersey tee.",cotton,Red,gray,style_1
291,2999.0,3.8,adi,Clothing and Accessories,Level up your look. Imagine yourself on a yacht in this pique polo shirt. The 3-Stripes are knit in to the collar for a classy vibe. An embroidered Trefoil logo keeps it legit adidas.,33% off,TSHFZF6KAZXKZ76F,2009.0,Topwear,Solid Men Polo Neck Blue T-Shirt,0.6698899633211071,2575,0.0202,Solid Men Polo Neck Blue T-Shirt Level up your look. Imagine yourself on a yacht in this pique polo shirt. The 3-Stripes are knit in to the collar for a classy vibe. An embroidered Trefoil logo keeps it legit adidas.,pi,Blue,beige,style_1
292,1999.0,3.9,adidas,Clothing and Accessories,This adidas Originals Trefoil Tee puts the Trefoil logo front and center in a bold contrast color to show off adidas pride. The men's t-shirt has an all-cotton build for a classic fit and feel.,53% off,TSHFEFDHRVCG2GYH,922.0,Topwear,Sporty Men Round Neck Grey T-Shirt,0.4612306153076538,4058,0.0322,Sporty Men Round Neck Grey T-Shirt This adidas Originals Trefoil Tee puts the Trefoil logo front and center in a bold contrast color to show off adidas pride. The men's t-shirt has an all-cotton build for a classic fit and feel.,-cotton,Grey,beige,style_1
293,2499.0,4.5,adidas,Clothing and Accessories,"Dedicated to those who break the rules, forget the rules or have no idea what the rules even are. This adidas skate t-shirt displays tripped-out graphics on the front. All-cotton jersey feels soft against your skin.",52% off,TSHFZF6KYCRZHEY2,1179.0,Topwear,Graphic Print Men Round Neck White T-Shirt,0.4717887154861945,3407,0.0371,"Graphic Print Men Round Neck White T-Shirt Dedicated to those who break the rules, forget the rules or have no idea what the rules even are. This adidas skate t-shirt displays tripped-out graphics on the front. All-cotton jersey feels soft against your skin.",-cotton jersey,White,gray,style_1
294,1999.0,3.8,adi,Clothing and Accessories,"Quiet confidence wins. Keep it simple with this low-key adidas t-shirt. An embroidered Trefoil logo adds a touch of class to this soft, cotton jersey tee.",33% off,TSHFZF6KFHSFFGCC,1339.0,Topwear,Solid Men Round Neck Black T-Shirt,0.6698349174587294,2918,0.0332,"Solid Men Round Neck Black T-Shirt Quiet confidence wins. Keep it simple with this low-key adidas t-shirt. An embroidered Trefoil logo adds a touch of class to this soft, cotton jersey tee.",cotton,Black,beige,style_1
295,1999.0,2.8,,Clothing and Accessories,MULTI FADE SP T,47% off,TSHFZF6K9ZAWXRNW,1049.0,Topwear,Solid Men Round Neck White T-Shirt,0.5247623811905953,3004,0.0398,Solid Men Round Neck White T-Shirt MULTI FADE SP T,,White,beige,style_1
296,2999.0,4.5,,Clothing and Accessories,RIPPLE TEE,50% off,TSHFZF6KFDXJS4V5,1499.0,Topwear,Printed Men Round Neck White T-Shirt,0.499833277759253,4391,0.0257,Printed Men Round Neck White T-Shirt RIPPLE TEE,,White,beige,style_1
297,1999.0,4.5,TRE,Clothing and Accessories,TREFOIL T-SHIRT,50% off,TSHFZF6K9WDTTBHP,990.0,Topwear,Sporty Men Round Neck White T-Shirt,0.4952476238119059,3126,0.0405,Sporty Men Round Neck White T-Shirt TREFOIL T-SHIRT,,White,beige,style_1
299,2299.0,3.9,adidas,Clothing and Accessories,"An instant classic since its introduction in the '70s, the 3-Stripes t-shirt is still
going strong. This remastered men's version is cut in a slim fit and features 3-Stripes on the raglan sleeves. A Trefoil logo on the chest flashes adidas pride.",33% off,TSHFZF6KRWWZFF2F,1540.0,Topwear,Solid Men Round Neck White T-Shirt,0.6698564593301436,2865,0.0254,"Solid Men Round Neck White T-Shirt An instant classic since its introduction in the '70s, the 3-Stripes t-shirt is still
going strong. This remastered men's version is cut in a slim fit and features 3-Stripes on the raglan sleeves. A Trefoil logo on the chest flashes adidas pride.",,White,gray,style_1
300,2499.0,4.0,FRSTTE,Clothing and Accessories,FRSTTEE,50% off,TSHFZF6KAKCV4X7W,1249.0,Topwear,Printed Men Round Neck White T-Shirt,0.4997999199679871,2578,0.0343,Printed Men Round Neck White T-Shirt FRSTTEE,,White,beige,style_1
301,1999.0,4.5,TRE,Clothing and Accessories,TREFOIL T-SHIRT,50% off,TSHFZF6KFFUBMGTU,990.0,Topwear,Printed Men Round Neck White T-Shirt,0.4952476238119059,3840,0.0312,Printed Men Round Neck White T-Shirt TREFOIL T-SHIRT,,White,beige,style_1
302,1999.0,3.4,adi,Clothing and Accessories,"Quiet confidence wins. Keep it simple with this low-key adidas t-shirt. An embroidered Trefoil logo adds a touch of class to this soft, cotton jersey tee.",50% off,TSHFZF6KB2BAVGBU,999.0,Topwear,Solid Men Round Neck Dark Blue T-Shirt,0.4997498749374687,3303,0.031,"Solid Men Round Neck Dark Blue T-Shirt Quiet confidence wins. Keep it simple with this low-key adidas t-shirt. An embroidered Trefoil logo adds a touch of class to this soft, cotton jersey tee.",cotton,Dark Blue,beige,style_1
303,2299.0,4.5,,Clothing and Accessories,SHATTERED EMB,33% off,TSHFZF6KEUBQWG8U,1540.0,Topwear,Sporty Men Round Neck Black T-Shirt,0.6698564593301436,4488,0.0243,Sporty Men Round Neck Black T-Shirt SHATTERED EMB,,Black,beige,style_1
305,2299.0,4.2,,Clothing and Accessories,DIAG EMB TEE,33% off,TSHFZF6KSZ7HV396,1540.0,Topwear,Sporty Men Round Neck Black T-Shirt,0.6698564593301436,5117,0.0247,Sporty Men Round Neck Black T-Shirt DIAG EMB TEE,,Black,beige,style_1
306,2299.0,3.9,,Clothing and Accessories,F TEE,30% off,TSHFZF6KXEHPYESC,1609.0,Topwear,Solid Men Round Neck White T-Shirt,0.6998695084819486,3912,0.0236,Solid Men Round Neck White T-Shirt F TEE,,White,beige,style_1
307,2499.0,4.5,CDC,Clothing and Accessories,CDCDTEE,48% off,TSHFZF6K9SMXHMG5,1297.0,Topwear,Printed Men Round Neck White T-Shirt,0.5190076030412165,3415,0.0357,Printed Men Round Neck White T-Shirt CDCDTEE,,White,white,style_1
308,2299.0,4.1,adidas,Clothing and Accessories,"An instant classic since its introduction in the '70s, the 3-Stripes t-shirt is still
going strong. This remastered men's version is cut in a slim fit and features 3-Stripes on the raglan sleeves. A Trefoil logo on the chest flashes adidas pride.",57% off,TSHFZF6KWKKUHCVY,982.0,Topwear,Solid Men Round Neck Black T-Shirt,0.4271422357546759,4036,0.0341,"Solid Men Round Neck Black T-Shirt An instant classic since its introduction in the '70s, the 3-Stripes t-shirt is still
going strong. This remastered men's version is cut in a slim fit and features 3-Stripes on the raglan sleeves. A Trefoil logo on the chest flashes adidas pride.",,Black,gray,style_1
309,1999.0,4.0,,Clothing and Accessories,MULTI FADE TEE,33% off,TSHFZF6K4QRP24KN,1339.0,Topwear,Printed Men Round Neck Dark Blue T-Shirt,0.6698349174587294,3338,0.0259,Printed Men Round Neck Dark Blue T-Shirt MULTI FADE TEE,,Dark Blue,beige,style_1
310,2299.0,3.6,adi,Clothing and Accessories,"A flashback to retro sport culture. This t-shirt has a technical look inspired by an adidas heritage design from the 1970s. For a modern update, it comes with a relaxed shape, and the 3-Stripes on one sleeve meet up with a Trefoil logo. Cotton jersey gives a soft, smooth feel.",33% off,TSHFZF6KGHFQWYXW,1540.0,Topwear,Solid Men Round Neck Dark Blue T-Shirt,0.6698564593301436,3515,0.027,"Solid Men Round Neck Dark Blue T-Shirt A flashback to retro sport culture. This t-shirt has a technical look inspired by an adidas heritage design from the 1970s. For a modern update, it comes with a relaxed shape, and the 3-Stripes on one sleeve meet up with a Trefoil logo. Cotton jersey gives a soft, smooth feel.",Cotton,Dark Blue,beige,style_1
311,2699.0,3.2,,Clothing and Accessories,TREFOIL DRAWING,33% off,TSHFZF6KFQWJPA6Q,1808.0,Topwear,Sporty Men Round Neck Black T-Shirt,0.6698777324935161,2561,0.0253,Sporty Men Round Neck Black T-Shirt TREFOIL DRAWING,,Black,beige,style_1
312,2299.0,3.7,adidas,Clothing and Accessories,"An instant classic since its introduction in the '70s, the 3-Stripes t-shirt is still
going strong. This remastered men's version is cut in a slim fit and features 3-Stripes on the raglan sleeves. A Trefoil logo on the chest flashes adidas pride.",33% off,TSHFZF6KYX3VSY7G,1540.0,Topwear,Solid Men Round Neck Blue T-Shirt,0.6698564593301436,2649,0.0213,"Solid Men Round Neck Blue T-Shirt An instant classic since its introduction in the '70s, the 3-Stripes t-shirt is still
going strong. This remastered men's version is cut in a slim fit and features 3-Stripes on the raglan sleeves. A Trefoil logo on the chest flashes adidas pride.",,Blue,beige,style_1
313,1999.0,4.1,adidas,Clothing and Accessories,"The adidas Trefoil first appeared on the scene in 1972, and it continues to make its mark. This archive-inspired t-shirt celebrates the symbol's legacy. It's made of cotton jersey for a soft feel.",40% off,TSHFZF6K22MNCSHE,1199.0,Topwear,Printed Men Round Neck White T-Shirt,0.599799899949975,4832,0.0327,"Printed Men Round Neck White T-Shirt The adidas Trefoil first appeared on the scene in 1972, and it continues to make its mark. This archive-inspired t-shirt celebrates the symbol's legacy. It's made of cotton jersey for a soft feel.",cotton jersey,White,beige,style_1
314,2499.0,4.1,adidas,Clothing and Accessories,"Dedicated to those who break the rules, forget the rules or have no idea what the rules even are. This adidas skate t-shirt displays tripped-out graphics on the front. All-cotton jersey feels soft against your skin.",49% off,TSHFZF6K8ZM7EHRK,1255.0,Topwear,Graphic Print Men Round Neck Black T-Shirt,0.5022008803521408,4305,0.0246,"Graphic Print Men Round Neck Black T-Shirt Dedicated to those who break the rules, forget the rules or have no idea what the rules even are. This adidas skate t-shirt displays tripped-out graphics on the front. All-cotton jersey feels soft against your skin.",-cotton jersey,Black,beige,style_1
316,499.0,4.8,Fresh Feet,Clothing and Accessories,Fresh Feet combines the best of organically grown cotton with the comfort of modern day design incorporated with cutting-edge technology to produce socks that offer superior most comfort for every day usage at economical prices. The socks are designed and manufactured keeping in view the highest quality standards suitable for the European markets. Each pair of socks is knitted only from the best of class materials to ensure durability and withstand everyday wear and tear while offering maximum comfort. The socks are packaged in packs of 6 offering the best value for money to our loyal customers.,40% off,SOCFBBTZBDD73DHH,299.0,Clothing Accessories,Men Striped Ankle Length  (Pack of 3),0.5991983967935872,3272,0.0324,Men Striped Ankle Length  (Pack of 3) Fresh Feet combines the best of organically grown cotton with the comfort of modern day design incorporated with cutting-edge technology to produce socks that offer superior most comfort for every day usage at economical prices. The socks are designed and manufactured keeping in view the highest quality standards suitable for the European markets. Each pair of socks is knitted only from the best of class materials to ensure durability and withstand everyday wear and tear while offering maximum comfort. The socks are packaged in packs of 6 offering the best value for money to our loyal customers.,grown cotton,,black,style_0
317,499.0,4.2,,Clothing and Accessories,This Socks combines the best of organically grown cotton with the comfort of modern day design incorporated with cutting-edge technology to produce socks that offer superior most comfort for every day usage at economical prices. The socks are designed and manufactured keeping in view the highest quality standards suitable for the European markets. Each pair of socks is knitted only from the best of class materials to ensure durability and withstand everyday wear and tear while offering maximum comfort. The socks are packaged in packs of 6 offering the best value for money to our loyal customers.,40% off,SOCFBKYNQ7DMX6ZM,299.0,Clothing Accessories,Men Solid Calf Length  (Pack of 3),0.5991983967935872,2569,0.0327,Men Solid Calf Length  (Pack of 3) This Socks combines the best of organically grown cotton with the comfort of modern day design incorporated with cutting-edge technology to produce socks that offer superior most comfort for every day usage at economical prices. The socks are designed and manufactured keeping in view the highest quality standards suitable for the European markets. Each pair of socks is knitted only from the best of class materials to ensure durability and withstand everyday wear and tear while offering maximum comfort. The socks are packaged in packs of 6 offering the best value for money to our loyal customers.,grown cotton,,white,style_0
320,499.0,4.2,Fresh Feet,Clothing and Accessories,Fresh Feet combines the best of organically grown cotton with the comfort of modern day design incorporated with cutting-edge technology to produce socks that offer superior most comfort for every day usage at economical prices. The socks are designed and manufactured keeping in view the highest quality standards suitable for the European markets. Each pair of socks is knitted only from the best of class materials to ensure durability and withstand everyday wear and tear while offering maximum comfort.,40% off,SOCFJZBZSUG2CWSY,299.0,Clothing Accessories,Men Striped Mid-Calf/Crew  (Pack of 3),0.5991983967935872,3289,0.0384,Men Striped Mid-Calf/Crew  (Pack of 3) Fresh Feet combines the best of organically grown cotton with the comfort of modern day design incorporated with cutting-edge technology to produce socks that offer superior most comfort for every day usage at economical prices. The socks are designed and manufactured keeping in view the highest quality standards suitable for the European markets. Each pair of socks is knitted only from the best of class materials to ensure durability and withstand everyday wear and tear while offering maximum comfort.,grown cotton,,white,style_0
322,499.0,4.2,Fresh Feet,Clothing and Accessories,Fresh Feet combines the best of organically grown cotton with the comfort of modern day design incorporated with cutting-edge technology to produce socks that offer superior most comfort for every day usage at economical prices. The socks are designed and manufactured keeping in view the highest quality standards suitable for the European markets. Each pair of socks is knitted only from the best of class materials to ensure durability and withstand everyday wear and tear while offering maximum comfort. The socks are packaged in packs of 3 offering the best value for money to our loyal customers.,40% off,SOCFAEKEPDWZYGEG,299.0,Clothing Accessories,Men Solid Ankle Length  (Pack of 3),0.5991983967935872,3502,0.0377,Men Solid Ankle Length  (Pack of 3) Fresh Feet combines the best of organically grown cotton with the comfort of modern day design incorporated with cutting-edge technology to produce socks that offer superior most comfort for every day usage at economical prices. The socks are designed and manufactured keeping in view the highest quality standards suitable for the European markets. Each pair of socks is knitted only from the best of class materials to ensure durability and withstand everyday wear and tear while offering maximum comfort. The socks are packaged in packs of 3 offering the best value for money to our loyal customers.,grown cotton,,black,style_0
323,499.0,4.2,Fresh Feet,Clothing and Accessories,Fresh Feet combines the best of organically grown cotton with the comfort of modern day design incorporated with cutting-edge technology to produce socks that offer superior most comfort for every day usage at economical prices. The socks are designed and manufactured keeping in view the highest quality standards suitable for the European markets. Each pair of socks is knitted only from the best of class materials to ensure durability and withstand everyday wear and tear while offering maximum comfort. The socks are packaged in packs of 3 offering the best value for money to our loyal customers.,40% off,SOCFAEKFTC9QVR7Y,299.0,Clothing Accessories,Men Solid Ankle Length  (Pack of 3),0.5991983967935872,2773,0.0284,Men Solid Ankle Length  (Pack of 3) Fresh Feet combines the best of organically grown cotton with the comfort of modern day design incorporated with cutting-edge technology to produce socks that offer superior most comfort for every day usage at economical prices. The socks are designed and manufactured keeping in view the highest quality standards suitable for the European markets. Each pair of socks is knitted only from the best of class materials to ensure durability and withstand everyday wear and tear while offering maximum comfort. The socks are packaged in packs of 3 offering the best value for money to our loyal customers.,grown cotton,,beige,style_0
324,499.0,4.4,Fresh Feet,Clothing and Accessories,Fresh Feet combines the best of organically grown cotton with the comfort of modern day design incorporated with cutting-edge technology to produce socks that offer superior most comfort for every day usage at economical prices. The socks are designed and manufactured keeping in view the highest quality standards suitable for the European markets. Each pair of socks is knitted only from the best of class materials to ensure durability and withstand everyday wear and tear while offering maximum comfort. The socks are packaged in packs of 3 offering the best value for money to our loyal customers.,40% off,SOCFAGQYHQ94WQPY,299.0,Clothing Accessories,Men Solid Mid-Calf/Crew  (Pack of 3),0.5991983967935872,4180,0.0322,Men Solid Mid-Calf/Crew  (Pack of 3) Fresh Feet combines the best of organically grown cotton with the comfort of modern day design incorporated with cutting-edge technology to produce socks that offer superior most comfort for every day usage at economical prices. The socks are designed and manufactured keeping in view the highest quality standards suitable for the European markets. Each pair of socks is knitted only from the best of class materials to ensure durability and withstand everyday wear and tear while offering maximum comfort. The socks are packaged in packs of 3 offering the best value for money to our loyal customers.,grown cotton,,black,style_0
325,499.0,4.4,Fresh Feet,Clothing and Accessories,Fresh Feet combines the best of organically grown cotton with the comfort of modern day design incorporated with cutting-edge technology to produce socks that offer superior most comfort for every day usage at economical prices. The socks are designed and manufactured keeping in view the highest quality standards suitable for the European markets. Each pair of socks is knitted only from the best of class materials to ensure durability and withstand everyday wear and tear while offering maximum comfort. The socks are packaged in packs of 3 offering the best value for money to our loyal customers.,40% off,SOCFAJY9ZKQQEU6Y,299.0,Clothing Accessories,Men Solid Mid-Calf/Crew  (Pack of 3),0.5991983967935872,3752,0.0413,Men Solid Mid-Calf/Crew  (Pack of 3) Fresh Feet combines the best of organically grown cotton with the comfort of modern day design incorporated with cutting-edge technology to produce socks that offer superior most comfort for every day usage at economical prices. The socks are designed and manufactured keeping in view the highest quality standards suitable for the European markets. Each pair of socks is knitted only from the best of class materials to ensure durability and withstand everyday wear and tear while offering maximum comfort. The socks are packaged in packs of 3 offering the best value for money to our loyal customers.,grown cotton,,black,style_0
325,499.0,4.4,Fresh Feet,Clothing and Accessories,Fresh Feet combines the best of organically grown cotton with the comfort of modern day design incorporated with cutting-edge technology to produce socks that offer superior most comfort for every day usage at economical prices. The socks are designed and manufactured keeping in view the highest quality standards suitable for the European markets. Each pair of socks is knitted only from the best of class materials to ensure durability and withstand everyday wear and tear while offering maximum comfort. The socks are packaged in packs of 3 offering the best value for money to our loyal customers.,40% off,SOCFAJY9ZKQQEU6Y,299.0,Clothing Accessories,Men Solid Mid-Calf/Crew  (Pack of 3),0.5991983967935872,3752,0.0413,Men Solid Mid-Calf/Crew  (Pack of 3) Fresh Feet combines the best of organically grown cotton with the comfort of modern day design incorporated with cutting-edge technology to produce socks that offer superior most comfort for every day usage at economical prices. The socks are designed and manufactured keeping in view the highest quality standards suitable for the European markets. Each pair of socks is knitted only from the best of class materials to ensure durability and withstand everyday wear and tear while offering maximum comfort. The socks are packaged in packs of 3 offering the best value for money to our loyal customers.,grown cotton,,black,style_0
335,499.0,4.4,Fresh Feet,Clothing and Accessories,Fresh Feet combines the best of organically grown cotton with the comfort of modern day design incorporated with cutting-edge technology to produce socks that offer superior most comfort for every day usage at economical prices. The socks are designed and manufactured keeping in view the highest quality standards suitable for the European markets. Each pair of socks is knitted only from the best of class materials to ensure durability and withstand everyday wear and tear while offering maximum comfort. The socks are packaged in packs of 3 offering the best value for money to our loyal customers.,40% off,SOCFAJY9ZKQQEU6Y,299.0,Clothing Accessories,Men Solid Mid-Calf/Crew  (Pack of 3),0.5991983967935872,2379,0.0329,Men Solid Mid-Calf/Crew  (Pack of 3) Fresh Feet combines the best of organically grown cotton with the comfort of modern day design incorporated with cutting-edge technology to produce socks that offer superior most comfort for every day usage at economical prices. The socks are designed and manufactured keeping in view the highest quality standards suitable for the European markets. Each pair of socks is knitted only from the best of class materials to ensure durability and withstand everyday wear and tear while offering maximum comfort. The socks are packaged in packs of 3 offering the best value for money to our loyal customers.,grown cotton,,black,style_0
335,499.0,4.4,Fresh Feet,Clothing and Accessories,Fresh Feet combines the best of organically grown cotton with the comfort of modern day design incorporated with cutting-edge technology to produce socks that offer superior most comfort for every day usage at economical prices. The socks are designed and manufactured keeping in view the highest quality standards suitable for the European markets. Each pair of socks is knitted only from the best of class materials to ensure durability and withstand everyday wear and tear while offering maximum comfort. The socks are packaged in packs of 3 offering the best value for money to our loyal customers.,40% off,SOCFAJY9ZKQQEU6Y,299.0,Clothing Accessories,Men Solid Mid-Calf/Crew  (Pack of 3),0.5991983967935872,2379,0.0329,Men Solid Mid-Calf/Crew  (Pack of 3) Fresh Feet combines the best of organically grown cotton with the comfort of modern day design incorporated with cutting-edge technology to produce socks that offer superior most comfort for every day usage at economical prices. The socks are designed and manufactured keeping in view the highest quality standards suitable for the European markets. Each pair of socks is knitted only from the best of class materials to ensure durability and withstand everyday wear and tear while offering maximum comfort. The socks are packaged in packs of 3 offering the best value for money to our loyal customers.,grown cotton,,black,style_0
326,499.0,4.2,Fresh Feet,Clothing and Accessories,Fresh Feet combines the best of organically grown cotton with the comfort of modern day design incorporated with cutting-edge technology to produce socks that offer superior most comfort for every day usage at economical prices. The socks are designed and manufactured keeping in view the highest quality standards suitable for the European markets. Each pair of socks is knitted only from the best of class materials to ensure durability and withstand everyday wear and tear while offering maximum comfort.,40% off,SOCFJZBZGQBHZZC8,299.0,Clothing Accessories,Men Striped Mid-Calf/Crew  (Pack of 3),0.5991983967935872,3299,0.0375,Men Striped Mid-Calf/Crew  (Pack of 3) Fresh Feet combines the best of organically grown cotton with the comfort of modern day design incorporated with cutting-edge technology to produce socks that offer superior most comfort for every day usage at economical prices. The socks are designed and manufactured keeping in view the highest quality standards suitable for the European markets. Each pair of socks is knitted only from the best of class materials to ensure durability and withstand everyday wear and tear while offering maximum comfort.,grown cotton,,black,style_0
328,999.0,4.5,Fresh Feet,Clothing and Accessories,Fresh Feet combines the best of organically grown cotton with the comfort of modern day design incorporated with cutting-edge technology to produce socks that offer superior most comfort for every day usage at economical prices. The socks are designed and manufactured keeping in view the highest quality standards suitable for the European markets. Each pair of socks is knitted only from the best of class materials to ensure durability and withstand everyday wear and tear while offering maximum comfort. The socks are packaged in packs of 6 offering the best value for money to our loyal customers.,42% off,SOCFFMT7U5VXXCUV,579.0,Clothing Accessories,Men Solid Mid-Calf/Crew  (Pack of 6),0.5795795795795796,3134,0.0307,Men Solid Mid-Calf/Crew  (Pack of 6) Fresh Feet combines the best of organically grown cotton with the comfort of modern day design incorporated with cutting-edge technology to produce socks that offer superior most comfort for every day usage at economical prices. The socks are designed and manufactured keeping in view the highest quality standards suitable for the European markets. Each pair of socks is knitted only from the best of class materials to ensure durability and withstand everyday wear and tear while offering maximum comfort. The socks are packaged in packs of 6 offering the best value for money to our loyal customers.,grown cotton,,black,style_0
331,999.0,4.1,Fresh Feet,Clothing and Accessories,Fresh Feet combines the best of organically grown cotton with the comfort of modern day design incorporated with cutting-edge technology to produce socks that offer superior most comfort for every day usage at economical prices. The socks are designed and manufactured keeping in view the highest quality standards suitable for the European markets. Each pair of socks is knitted only from the best of class materials to ensure durability and withstand everyday wear and tear while offering maximum comfort. The socks are packaged in packs of 6 offering the best value for money to our loyal customers.,50% off,SOCFMFJFMKNPW3CG,499.0,Clothing Accessories,Men Solid Ankle Length  (Pack of 6),0.4994994994994995,3442,0.0329,Men Solid Ankle Length  (Pack of 6) Fresh Feet combines the best of organically grown cotton with the comfort of modern day design incorporated with cutting-edge technology to produce socks that offer superior most comfort for every day usage at economical prices. The socks are designed and manufactured keeping in view the highest quality standards suitable for the European markets. Each pair of socks is knitted only from the best of class materials to ensure durability and withstand everyday wear and tear while offering maximum comfort. The socks are packaged in packs of 6 offering the best value for money to our loyal customers.,grown cotton,,black,style_0
332,499.0,4.2,Fresh Feet,Clothing and Accessories,Fresh Feet combines the best of organically grown cotton with the comfort of modern day design incorporated with cutting-edge technology to produce socks that offer superior most comfort for every day usage at economical prices. The socks are designed and manufactured keeping in view the highest quality standards suitable for the European markets. Each pair of socks is knitted only from the best of class materials to ensure durability and withstand everyday wear and tear while offering maximum comfort.,40% off,SOCFJZBZGKHYBHZC,299.0,Clothing Accessories,Men Striped Mid-Calf/Crew  (Pack of 3),0.5991983967935872,2264,0.0319,Men Striped Mid-Calf/Crew  (Pack of 3) Fresh Feet combines the best of organically grown cotton with the comfort of modern day design incorporated with cutting-edge technology to produce socks that offer superior most comfort for every day usage at economical prices. The socks are designed and manufactured keeping in view the highest quality standards suitable for the European markets. Each pair of socks is knitted only from the best of class materials to ensure durability and withstand everyday wear and tear while offering maximum comfort.,grown cotton,,white,style_0
