pid,main_color,style
TKPFCZ9EA7H5FYZH,white,style_1
TKPFCZ9EJZV2UVRZ,white,style_1
TKPFCZ9EHFCY5Z4Y,white,style_1
TKPFCZ9ESZZ7YWEF,white,style_1
TKPFCZ9EVXKBSUD7,white,style_1
TKPFCZ9EFK9DNWDA,white,style_1
TKPFDABN3GXYPFHE,white,style_1
TKPFCZ9ESGZYT8NH,gray,style_1
TKPFCZ9DYU33FFXS,white,style_1
TKPFDABN4NQFVKZY,pink,style_1
TKPFCZ9ENWGMX23W,white,style_1
TKPFCZ9EHCNAPKPU,white,style_1
TKPFDACEXAWUHGR7,white,style_1
TKPFCZ9ETR6YVXNG,pink,style_1
TKPFD3K6K5TNYZGF,white,style_1
TKPFCZ9EGGYENTZS,white,style_1
TKPFD3K6ZMN79MPH,white,style_1
TKPFD3K6UZBYDZNY,black,style_1
TKPFD3K62JB9PEMR,gray,style_1
TKPFCZ9EZDPZR5AH,white,style_1
TKPFCZ9EVM2GZ4GF,white,style_1
TKPFCZ9E2UC3DR3F,white,style_1
TKPFCZ9ECDYYDNKA,white,style_1
SOCFVCCYUDEN2AVH,white,style_1
CTPFVZTEMJWEJJJV,white,style_1
CTPFVZHSA7G4PFC5,white,style_1
CTPFVZD8CNSZ3AMR,white,style_1
CTPFVQNNHGYFTGFN,white,style_1
CTPFVZT3UFN99ZTH,white,style_1
CTPFVSU7CXFCXEHD,white,style_1
CTPFVZGRKPGSFPUU,white,style_1
CTPFVZT7EFZWVRUP,black,style_1
CTPFVXGGEHH6YY8G,white,style_1
CTPFVZT2GYAVYEE6,black,style_1
CTPFVZHFTSBTMH9M,white,style_1
CTPFVZTPGHGVFCFE,white,style_1
CTPFVZTCQC7ZFWSH,white,style_1
CTPFVSSQHD96FH9Z,white,style_1
CTPFVZEYHCRQ27Y2,white,style_1
CTPFVZFYR8KGYYBJ,white,style_1
CTPFVQNGFCRGYK2H,white,style_1
CTPFVPN4CUY6QZXD,black,style_1
CTPFVPMUAHEJX8EW,white,style_1
CTPFVPMZV7RCDNVR,white,style_1
CTPFVZT46SYT5GTB,white,style_1
CTPFVZT9ZYJB4WJZ,black,style_1
CTPFVTZ9GYNEDU54,white,style_1
CTPFVZTZNFBGXUMD,white,style_1
CTPFVZTBCHWHDMGJ,white,style_1
CTPFVQSGZGPHUEFX,white,style_1
CTPFVZTBN4GRZKXH,white,style_1
CTPFVZTKAE4MZ8VM,white,style_1
CTPFVPKKWBZUCH7Y,white,style_1
CTPFVZGY4PQHQNFH,white,style_1
CTPFVPH2JGZRW6FV,white,style_1
CTPFVPKJUJDPNCCR,white,style_1
CTPFVPJZKBVGK2FV,white,style_1
CTPFVSXYFFS9XHDG,white,style_1
CTPFVZTHJZUD3JTX,white,style_1
CTPFVZHVZVU4VQW9,white,style_1
CTPFVZT6GAFZ7BJX,white,style_1
CTPFVZT2F5UPM4YT,white,style_1
CTPFVPFPUWYQC9M5,white,style_1
CTPFVPFPHGWGF6DS,white,style_1
CTPFVHUJMZSAHPFG,white,style_1
CTPFVPDB593WABGP,white,style_1
CTPFVPHAGX8YA7RD,white,style_1
CTPFVPGPW8DU3XJF,white,style_1
CTPFVPGH5AGD8PZX,white,style_1
CTPFVPGMZ6GTZNZH,white,style_1
CTPFVPJ7HY68S45F,white,style_1
CTPFWYNJF8KMYKWG,white,style_1
CTPFVSU95M2RQUCM,white,style_1
CTPFVPKG8EMXFHMV,white,style_1
CTPFVSXF9FNZGKXP,white,style_1
CTPFVZTBFX56AB3T,white,style_1
CTPFVZT38N9RHZTA,gray,style_1
SWTFYHNFFQMQ5PHC,black,style_0
SWTFYGREMHZAR3AG,black,style_0
SWTFYQQ5Z7VT4CFH,gray,style_0
SWTFYHGFEFR5PDWR,black,style_0
SCFFYKYC46ZEZAUH,white,style_1
SWTFYHNDGU2FZG3G,white,style_0
TSHFWSZJQSCYKUJJ,white,style_0
TSHFWSZJUQSDZZHG,white,style_0
TSHFWTPXBG5SZDV7,white,style_0
SHTFVVEHGJJTM4QN,black,style_0
TSHFYC82QKRSV6ZA,white,style_0
SHTFVVEHJKNZ7VNR,brown,style_0
TSHFYC82QNATNDPD,gray,style_0
TSHFWTPXPEDHXUQQ,green,style_0
SHTFVVEHWHRGQMKY,gray,style_0
TSHFWSZJDWBTC7PP,pink,style_0
TSHFWSZJFCQGDD9R,white,style_0
SHTFVVEHFY5F4QVH,white,style_0
TSHFWTMGVUBKW4M8,black,style_0
TSHFWTMGFADKY7S8,pink,style_0
TSHFWTRVHMN9MG7V,pink,style_0
TSHFWTPXPAMQ9YCE,pink,style_0
TSHFWTRVUFHQYK6F,white,style_0
TSHFWTRVHHXNDYVZ,pink,style_0
SHTFVVEHGB3M4JVU,brown,style_0
SHTFVVCNTBZUFGXR,white,style_0
TSHFWTRVHPKXGTVJ,white,style_0
SHTFVVCNDWPWPQDE,pink,style_0
SHTFVVCNJNSZGNZ3,white,style_0
TSHFWTRVHPKXGTVJ,white,style_0
SHTFVVCNDWPWPQDE,pink,style_0
SHTFVVEHYYFGGKM6,pink,style_0
SHTFVVCNCVHW9ARP,white,style_0
SHTFVVCNJSMCTAH2,brown,style_0
SHTFVVEHZEZRDEJJ,black,style_0
SHTFVVEH8KY6F5BX,gray,style_0
SHTFVVEHMCY2GYFC,white,style_0
SHTFVVEHGDUN99HD,pink,style_0
SHTFVVEHZUETFQAM,pink,style_0
SHTFVVCNXF5GYTHK,black,style_0
SHTFVVCNH3ECDGVF,gray,style_0
TSHFWSZJH9S7WR2K,white,style_0
TSHFWTPXVKC2XRVR,pink,style_0
TSHFEFDH45GYQBXS,pink,style_0
TSHFZF6KATPWGGZP,white,style_0
SRTFZFYXGWCDRYNT,pink,style_1
TKPFGP48RBBKAGSZ,pink,style_1
SRTFZFYXJFFJYWDQ,pink,style_1
TSHFZF6KFZRZ3UQN,pink,style_1
TSHFZF6K8RPHSGYP,pink,style_0
TSHFZF6K5SGFNZCP,black,style_0
TSHFZF6KVN4ZVV9D,gray,style_0
TSHFZF6KGZRMWCHD,pink,style_0
TSHFZF6KBHPZZHRH,white,style_0
TSHFZF6KXFJQZCHJ,pink,style_0
TSHFZF6KMXA75HRY,pink,style_0
TSHFZF6KZTHBEFC6,pink,style_0
TSHFZF6KDGVRSZKN,pink,style_0
SRTFZFYX7HCSRDD7,pink,style_1
TSHFZF6KYWWNYBNJ,white,style_0
TSHFZF6KAAJ3QBBZ,brown,style_0
TSHFGP4VMMZXH9CJ,pink,style_0
TSHFZF6KYRZGGWMK,gray,style_0
TSHFZF6KHGF68RM4,black,style_0
TSHFZF6KXUEAS5WS,pink,style_0
TSHFZF6KZ4HCF9DU,pink,style_0
SRTFZYYSMRZZHSNR,pink,style_1
SRTFZFYXANT8QBUS,pink,style_1
TSHFZF6KZTNJMJMY,pink,style_0
SRTFZFYXWSZFEZ8C,pink,style_1
TSHFZF6KYJYERPXZ,white,style_0
SRTFZYYXKPMGCRDJ,pink,style_1
SRTFZFYXMNKHST7D,pink,style_1
TSHFZF6KJBQSXSBQ,white,style_0
SRTFZYYVN7EQ8QGH,pink,style_1
TSHFZF6KGMMYWQSN,pink,style_0
TSHFZF6KF2GKH5ZM,gray,style_0
TSHFZF6KAZXKZ76F,pink,style_0
TSHFEFDHRVCG2GYH,pink,style_0
TSHFZF6KYCRZHEY2,gray,style_0
TSHFZF6KFHSFFGCC,pink,style_0
TSHFZF6K9ZAWXRNW,pink,style_0
TSHFZF6KFDXJS4V5,pink,style_0
TSHFZF6K9WDTTBHP,white,style_0
TSHFEFDH45GYQBXS,pink,style_0
TSHFZF6KRWWZFF2F,gray,style_0
TSHFZF6KAKCV4X7W,pink,style_0
TSHFZF6KFFUBMGTU,pink,style_0
TSHFZF6KB2BAVGBU,pink,style_0
TSHFZF6KEUBQWG8U,pink,style_0
TSHFZF6KATPWGGZP,white,style_0
TSHFZF6KSZ7HV396,pink,style_0
TSHFZF6KXEHPYESC,pink,style_0
TSHFZF6K9SMXHMG5,white,style_0
TSHFZF6KWKKUHCVY,pink,style_0
TSHFZF6K4QRP24KN,pink,style_0
TSHFZF6KGHFQWYXW,pink,style_0
TSHFZF6KFQWJPA6Q,pink,style_0
TSHFZF6KYX3VSY7G,pink,style_0
TSHFZF6K22MNCSHE,pink,style_0
TSHFZF6K8ZM7EHRK,pink,style_0
SOCFBBTZBDD73DHH,black,style_1
SOCFBKYNQ7DMX6ZM,white,style_1
SOCFJZBZSUG2CWSY,white,style_1
SOCFAEKEPDWZYGEG,black,style_1
SOCFAEKFTC9QVR7Y,pink,style_1
SOCFAGQYHQ94WQPY,black,style_1
SOCFAJY9ZKQQEU6Y,black,style_1
SOCFJZBZGQBHZZC8,black,style_1
SOCFFMT7U5VXXCUV,black,style_1
SOCFMFJFMKNPW3CG,black,style_1
SOCFJZBZGKHYBHZC,white,style_1
SOCFMFJFGM9CAMZR,black,style_1
SOCFAJY9ZKQQEU6Y,black,style_1
VESFHYSYHZ8HUDMY,pink,style_0
VESFHYSZDTB2NGK3,white,style_0
VESFHJHPZUSZP2H2,black,style_0
VESFKYJQ3H8PN4QM,black,style_0
VESFHJHQF7YJ3DHH,white,style_0
BXRFGYQTPZNHEWFD,white,style_1
TSHFGYGH8Z6CQT4B,black,style_0
VESFGYJDGBAHTK8A,pink,style_0
VESFGYJCB6BVH8G4,black,style_0
VESFKYJRGXBSGCQD,pink,style_0
TSHFGYGHGZQZ85WU,black,style_0
TSHFKYKQ2UHZZAXF,white,style_0
TSHFGYGHKXHZE26S,pink,style_0
VESFZAMXSDYEC5JB,white,style_0
VESFHJHPHFHSSUJZ,white,style_0
BXRFH3SGHKWHQCQA,white,style_1
BXRFGYQUTHXJKHHP,white,style_1
BXRFGGX685HKER8Y,white,style_1
TSHFGYGHHBF6AVWE,black,style_0
TSHFHJKSY8FNR7PV,white,style_0
BXRFGZWRY43BCNAN,white,style_1
BXRFENA7KXWEUGQF,white,style_1
VESFHRDANEBQFKWB,brown,style_0
VESFHJHPGM4MJADF,black,style_0
VESFGYJDQVNEA6DE,black,style_0
VESFGYJDB9DD5QME,black,style_0
TSHFHJKRPYSHNEMG,black,style_0
VESFGYJDTX7WJBT7,black,style_0
VESFGYJCY74MT7YW,pink,style_0
TSHFHJKRU3HPDFEJ,white,style_0
VESFHYSZG7DYHGEY,black,style_0
VESFHJHPZJUBPS49,gray,style_0
VESFGYJD6WYPCX6F,black,style_0
VESFGYJDBKHSE5H6,white,style_0
VESFZAGYDM5FZYTD,white,style_0
VESFHYSZRHUQGRRH,orange,style_0
VESFGYJCNNHV7KNG,black,style_0
TSHFHJKR4AF3G9KY,black,style_0
VESFZAHUGUDX6KG8,white,style_0
VESFGYJDKSQUKSFZ,brown,style_0
VESFGYJDAGF4QZ3V,black,style_0
TSHFHJKR4XEERYWR,white,style_0
VESFHJHQREFDNKRQ,white,style_0
VESFGYJCZD3JUZRV,black,style_0
VESFZAM6DPFT2VHZ,white,style_0
VESFZANYWFQFYXZ2,white,style_0
TSHFGG5SHU3GER2F,white,style_0
VESFGGWEHJ5GJXMX,pink,style_0
TSHFHJKR4CAKQVC5,white,style_0
TSHFHJKRCHG8R7YS,white,style_0
VESFGJZGXKKQZGFJ,pink,style_0
VESFZAMDXEGZCGSK,white,style_0
BXRFH3SG2DGHPNT5,white,style_1
BXRFGYRYUXNNA2Z9,white,style_1
VESFHRDAQJ7PTFMM,black,style_0
VESFGYJDQHGZS3SM,white,style_0
VESFHRDBQWKBFHCZ,gray,style_0
VESFZAHF3QEQAR4E,white,style_0
VESFHJHQ2VPZV4F7,black,style_0
BXRFGYVBFFRQSY4Z,white,style_1
VESFZAKZ2ADEZEHM,white,style_0
VESFHYSWGNZWGGUK,white,style_0
VESFGYJCX9TZN6ZC,white,style_0
BXRFGYQUZH5DCABH,white,style_1
VESFGYJCADUGKVGG,brown,style_0
VESFGYJCDFVVHR4U,white,style_0
VESFZAJGQJ5JYRZY,white,style_0
VESFHJHPGC9CW6XA,white,style_0
TSHFZ5UVAKHJ5GGY,black,style_0
VESFZAZWJBRBHMAB,white,style_0
TSHFHJKRJBUK2TFG,white,style_0
SRTFHZ5V5CFUZQM5,white,style_1
TSHFGYGHHGUYRZHP,black,style_0
VESFHYSXFN3GANGR,white,style_0
BXRFGYRYGUURZGDG,white,style_1
VESFZ95QDTSNJZYG,white,style_0
VESFHJHP4AYNWSAZ,white,style_0
BXRFGYUGJCWWZ7UG,white,style_1
VESFZ95Q4FHSKHGF,white,style_0
VESFZAPZF9GYJ27Z,white,style_0
BXRFENA8YZPM8PMR,white,style_1
TSHFHJKRKB8MMAZY,white,style_0
VESFGYJDJNXBANFG,white,style_0
VESFGYJCU2PM9HXR,black,style_0
VESFHJHPBCYZGZHE,white,style_0
VESFKYJPMPAC8M9S,black,style_0
VESFHJHPCZH2ACVK,gray,style_0
BXRFHFVSCNRFFTMG,white,style_1
VESFGYJCZH7GMD4E,white,style_0
VESFGYJDWUH364V2,black,style_0
VESFKYJQBYHWE5ZA,white,style_0
DHYFHYT3QQU3UTNC,black,style_0
TSHFGYYG9YNGH7XT,black,style_0
TSHFGYGHDVUZBNZA,black,style_0
VESFHYSUYB7DBAZZ,black,style_0
VESFKYJREF5THSAN,pink,style_0
TSHFHJKSFKTFUR2B,white,style_0
VESFGGWEWQ47ZEZW,white,style_0
TSHFHJKSVR5D3HHG,white,style_0
VESFGYJDFBUZG6FQ,black,style_0
TSHFGYGHMVYZFWUG,brown,style_0
VESFGYJCGXYEZYHT,pink,style_0
TSHFHJKRVZZTKTD4,black,style_0
BXRFKYKYF3SGUMFH,white,style_1
VESFGYJCHH6UX6VF,black,style_0
TSHFZ5UVTYC3T7NB,white,style_0
TSHFGZWMYXXYWQPY,black,style_0
TSHFHJKRAVBBXFWF,white,style_0
TSHFHJKS88WDXB7Z,white,style_0
VESFHRDCY32K427Y,black,style_0
VESFZAGW4AG8WJUF,white,style_0
VESFHJHQPTY2ZC8E,white,style_0
TSHFZYYMGNZDR2ZH,white,style_0
TSHFHJKRYFDCBGJC,gray,style_0
TSHFZ5UVWY9CJ9JM,white,style_0
TSHFKYKQQ9ZQF44K,white,style_0
VESFKYJQAB5MERHY,black,style_0
VESFHYSZCX3ZMWYZ,gray,style_0
TSHFHJKR46TAQNG6,white,style_0
VESFHYSYCRHQYK9M,white,style_0
TSHFGYGH2BQGF7YV,gray,style_0
TSHFZYYHZTUA8ZQM,brown,style_0
TSHFGG5UDNX5GWSM,white,style_0
VESFHYSNVTMVDQSX,white,style_0
VESFGYJCH27GQN9Z,pink,style_0
TSHFGYYGZHJMMSJB,brown,style_0
TSHFZ8TSYS3FD6AN,black,style_0
VESFKYJQZ6SJHB35,white,style_0
TSHFZYYHYJKPFR7P,pink,style_0
TSHFGG5TSASGS3EV,black,style_0
TSHFZYYHTSTSYZNG,pink,style_0
VESFGYJCTBYDZWE2,black,style_0
TROFZQZBPSE4ZBWN,white,style_1
TROFYFX6XK4HYZFN,pink,style_1
TROFYKY4A5KGVJHB,white,style_1
TROFZQZB5YVN5GNW,white,style_1
TROFYJY6SHFAGWVU,white,style_1
TROFZQZBZAPDHHYQ,white,style_1
TROFYJQZMZZHTYHK,white,style_1
SHTFUPWKHUTVNWHY,black,style_0
TROFZQZBZTMBGX7R,white,style_1
TROFZQZBMVN6HQKX,white,style_1
TROFZQZBGD5JHDJZ,pink,style_1
TROFZQZBFQXANKSM,white,style_1
SHTFYPH5ZY8FHQN7,white,style_0
SHTFUPWH7HFGUSNR,black,style_0
SHTFUPWGWJFB7UTH,black,style_0
SHTFUPWG2RWCGYZW,black,style_0
SHTFUPWHFPCU5CPT,black,style_0
SHTFUPY8UY9SCHZ6,black,style_0
SHTFUPWK4TFY4DFZ,black,style_0
SHTFUPXYBGSNFRYZ,black,style_0
SHTFUPXYHUS4JCZJ,black,style_0
SHTFUPY87HHHG4G6,black,style_0
TROFYFX6ZF5DUKGH,white,style_1
TROFYFX6ADFBGJKQ,white,style_1
TROFYJR4GB95FYYH,white,style_1
TSHEYQ73AFZZ4QHX,gray,style_0
TSHEYRU48YEH3SDE,gray,style_0
BXRF5MQHZ4NUY2ZH,white,style_1
TSHFVJU3XHYFR2SZ,white,style_0
TSHEYQ73DFUY8QTQ,green,style_0
TKPEYQ6Y3WBFYPZR,black,style_1
BXRF3Y4GGHTRTBEK,white,style_1
BXRF5MQGGRSNSN5Q,white,style_1
TSHEYRU4KZRVEGF8,gray,style_0
BXRF5MQG9YRDM5AM,white,style_1
TSHEYRU4EAYPDYVZ,gray,style_0
BXRF3Y48FUHTEDHM,gray,style_1
BXRF5MQH76K6ZS99,white,style_1
BXRF5MQHSYQPWUYZ,white,style_1
TSHF3KH4PCPGWERR,white,style_0
BXRF5MQHZXFQXYVQ,white,style_1
TSHEYRU4TZ7ZXWHZ,gray,style_0
TKPF3FPQGCHXHGRM,gray,style_1
TKPF3FPMZ7FVMEH6,brown,style_1
TKPF3FPJNVVBKPRG,black,style_1
TKPF3FPKPQFXMWQK,purple,style_1
TKPF3FPPTPDKPPFE,gray,style_1
TKPF3FPZRD9GSNKR,gray,style_1
TKPF3FPQJFH5KRK5,gray,style_1
TKPF3FPZRRJUWTAZ,gray,style_1
TKPF3FPKHNWZ3UMG,black,style_1
TKPF3FPMC6PGGGYH,gray,style_1
TKPF3FPNZ5XCHZ6R,black,style_1
TSHEYQ73VXZGAJY3,gray,style_0
TKPF3FPKTYM55SAV,black,style_1
BXRF5MQHYHWGTR3G,white,style_1
BXRF5MQH8VX6A64Z,white,style_1
BXRF5MQGSBV6WTUN,white,style_1
TKPEYQ6YNHW8FV5R,black,style_1
BXRF5MQH4UYW7SKG,white,style_1
TSHEYRU4TYBTBHH7,gray,style_0
TSHEYRU4FYZJXHHH,black,style_0
TSHEXH59HGMM2X8P,white,style_0
BXRF5MQHGVAGAKQ5,white,style_1
TSHEYR7EJDTPTBDW,gray,style_0
TSHEXH594YXPYNEQ,white,style_0
TSHEXH5986S35HJP,white,style_0
TSHEXH59UKJ7SUPR,white,style_0
TSHEXH594ZTCQ6AZ,black,style_0
TSHEXH59AAMVZKM8,white,style_0
TSHEXH59JKHGZYTM,white,style_0
TSHEXH59ZKPE8FDK,black,style_0
TSHEXM9HRJ3JGCZX,white,style_0
TSHEYQ73T4RKRAF7,white,style_0
TSHEYR7EX5BA5HQA,gray,style_0
TSHEXH5ARCB7ZPMY,gray,style_0
TSHEYRU4Z7WFYURG,gray,style_0
TSHEYRU4YUPXY3FX,green,style_0
TSHEXH59GFFRRGFH,white,style_1
TSHEXH59FAXKYQUN,white,style_0
TSHEXH59YBYWWDSY,white,style_0
TSHEYRU4ZWHAMTKT,gray,style_0
TSHEYQ73EG9R29U4,brown,style_0
TSHEXH5BPRGZFYPF,pink,style_0
TSHEYQ73GNGGWWZ9,white,style_0
TSHEYR7EUQFPWTRY,gray,style_0
TSHEYR7EZYZAG39H,brown,style_0
TSHEYR7EA9SSFU59,black,style_0
TSHEXH5AG4TYGSEH,white,style_0
TSHEYR7EQWZZ6JJH,green,style_0
TSHEYQ73SSGUP3FN,white,style_0
TSHEXH59KYGCHCMU,brown,style_0
TSHEXH59ZZGMGDGG,white,style_1
BXRF5MQHBAUTGYXS,white,style_1
BXRF5MQHC5JGX7RU,white,style_1
BXRF5MQGKZWZP9FU,white,style_1
BXRF5HTGTBRYG6U8,white,style_1
TSHEXH59ZCT5CGHF,brown,style_0
TSHF3HJHQKFZHSXH,white,style_0
TSHEXH59VWFSPVZ7,white,style_0
ETHFYB46QHB6PMYG,gray,style_1
KTAFTMYM2VYNZACZ,black,style_0
KTAFVNGEJN3T79GR,white,style_0
ETHFVPK3BTQXCHPS,white,style_0
KTAFTMYMA4UFJKY9,black,style_0
KTAFTMYMSEUHBE7Y,orange,style_0
KTAFTMYMFAH4YAG8,brown,style_0
KTAFVNGENKKJNNGZ,white,style_0
KTAFTMYM5NVZNFRM,orange,style_0
KTAFVNGE8A5SUGAZ,white,style_0
ETHFUQZ3ZH9X68XA,white,style_0
ETHFUQZ3TXJHDJZ7,white,style_0
ETHFY7FBCNYF5XUB,white,style_1
ETHFY228FGY9UXSQ,white,style_0
ETHFY7FBYTXBGSGD,white,style_0
ETHFTU53S384ZNGD,white,style_1
ETHFYB47G8RMQ4GS,gray,style_0
ETHFW2PYA9PEWPW8,white,style_0
ETHFUQZ3DP7BDA6R,white,style_0
ETHFUQZ3UXUBMSUP,white,style_0
ETHFYBRYTJMNQMCY,gray,style_0
ETHFUQZ3A95SWPYN,white,style_0
ETHFY5MYRZQNFRUK,white,style_0
ETHFVPUVWNFZZS7W,green,style_0
ETHFVPUVNZVHRDSW,pink,style_1
ETHFVPUVE5VSHZAM,pink,style_0
ETHFW2PYUGMHSYGS,gray,style_0
ETHFY7FBZZYWK2ZH,gray,style_0
ETHFY7FBWNYDTUMZ,white,style_1
ETHFY7FBXY6ZDTKN,white,style_0
ETHFYE2FY64ZFKTA,gray,style_0
ETHFTU53PQHQH4WY,white,style_1
ETHFYE2FY64ZFKTA,gray,style_0
ETHFYB46QHB6PMYG,gray,style_1
ETHFTU53PQHQH4WY,white,style_1
ETHFTU7WVAGGMKY3,white,style_0
KTAFTMYMFAH4YAG8,brown,style_0
ETHFVJZURFVSDCEJ,white,style_0
KTAFTMYM2VYNZACZ,black,style_0
ETHFVJZUNJ4NHUQY,white,style_0
ETHFY36KJH6HZU3M,white,style_0
KTAFTMYM5NVZNFRM,orange,style_0
ETHFY36KWCPKHKYA,pink,style_0
ETHFY36K4GF3GQGY,white,style_1
ETHFYBRYZY4J4VHK,gray,style_0
ETHFYB47ZTGRQ8CQ,gray,style_1
ETHFTKKFCBBXGZSZ,pink,style_0
ETHFY36KDPSEQHBB,pink,style_0
ETHFTU7URV9GTPWN,white,style_0
ETHFY36K2HQASYHM,pink,style_0
KTAFVNGE8A5SUGAZ,white,style_0
ETHFVJZUUESUJKWQ,gray,style_0
ETHFVZG4Q6PHEN93,white,style_0
KTAFVNGENKKJNNGZ,white,style_0
ETHFW2PYKRVQJFAA,white,style_0
ETHFYB46QHB6PMYG,gray,style_1
KTAFTMYMFAH4YAG8,brown,style_0
ETHFTKKFMMKBUKRD,white,style_0
ETHFYB47HW5MHKJP,gray,style_0
ETHFVPK3ZPWCC4YX,white,style_0
ETHFW2PYNYSH92Z6,white,style_0
KTAFTMYM2VYNZACZ,black,style_0
ETHFYB47FDPG7MKY,gray,style_1
ETHFYB47YX63WZZV,gray,style_0
KTAFTMYM5NVZNFRM,orange,style_0
ETHFYB47G8RMQ4GS,gray,style_0
ETHFYB46E4NAKBBS,gray,style_1
ETHFUJAFH4EB2UGG,pink,style_0
ETHFYB46QHB6PMYG,gray,style_1
ETHFYB46QHB6PMYG,gray,style_1
ETHFYB46QHB6PMYG,gray,style_1
ETHFYB46QHB6PMYG,gray,style_1
ETHFYB46QHB6PMYG,gray,style_1
ETHFYB46QHB6PMYG,gray,style_1
ETHFYB46QHB6PMYG,gray,style_1
ETHFYB46QHB6PMYG,gray,style_1
ETHFYB46QHB6PMYG,gray,style_1
ETHFYB46QHB6PMYG,gray,style_1
ETHFYB46QHB6PMYG,gray,style_1
ETHFYB46QHB6PMYG,gray,style_1
TSHFMFXGFJ7G2ABK,gray,style_0
TSHFMFT7VASAHBH3,white,style_0
TSHF2YFPDY5RHAZF,white,style_0
SHTFYMFQN5PDZG2K,gray,style_0
TSHF5FRXKGF6A4FH,white,style_0
SHTFFJTPYXHNBHUY,white,style_0
TSHF2KH2G4XAQAF7,white,style_0
TSHF2KWHG2P4GZUU,white,style_0
TKPFWGHYHM8XYQMX,white,style_1
TKPFUGG2J4GBNFZH,white,style_1
TSHFVWCPUWY7YAPP,white,style_0
TKPFWGHYPNQYZNFW,white,style_1
TKPFWGHYBQQRJKUQ,white,style_1
SHTFA82ZG5GJBHMX,white,style_0
SHTFACSAS6WTFZ5G,pink,style_0
SHTFZZKCHQKWRPEB,pink,style_0
SHTFA82Z7DYRZVRD,white,style_0
SHTFA82ZK95WV8DK,white,style_0
SHTFACSABCZFFTVE,black,style_0
SHTFP3TTATSD5ZHQ,white,style_0
SHTFACSASKATTSTH,pink,style_0
SHTFP3TT7NKUZ2DH,pink,style_0
SHTFA82Z9JAZRZXU,white,style_0
SHTFACSAUKWYMJYP,gray,style_0
SHTF5RCSSJWXP7TR,black,style_0
SHTFZZKCZWTVNNCY,pink,style_0
SHTFACSAYNHFFRYF,pink,style_0
SHTFACSAFFNPK4R5,pink,style_0
SHTFA82ZRSGX7KR5,white,style_0
SHTF4FDXJCXDYFGH,black,style_0
SHTFACSAZR3TNKKE,pink,style_0
SHTFACSAYCSXZKDA,gray,style_0
SHTFACSASQVFFG3N,pink,style_0
SHTF4EHG2PHCGQ5N,gray,style_0
SHTFZZKCNNZUCTFE,white,style_0
SHTFACSAVUYVYDZX,brown,style_0
SHTFPG2HGJG2JADG,gray,style_0
SHTFACSAQFB6TPYF,gray,style_0
SHTF4EHG2KU74RX5,black,style_0
SHTFACSAHWAJKSF3,gray,style_0
SHTF79GAYSZ8F9S6,white,style_0
SHTFMY2XUV3DSZVW,pink,style_0
SHTFYGBANZEDPSUU,gray,style_0
SHTF4ZCCRZZRUJDF,brown,style_0
SHTF4FDXZP2KDQKA,white,style_0
SHTF5RCSEDKQGGWG,pink,style_0
SHTF4EHGBKTPXYHY,pink,style_0
SHTF4Z74EGXWHB94,black,style_0
SHTF4EHGW2UKUVFB,white,style_0
SHTF4FDX4GHEBWJ6,brown,style_0
SHTF4FDXFWNEVHGC,white,style_0
SHTF4FDXFFUB7XMN,purple,style_0
SHTF4EHGU2ZMCY3J,white,style_0
SHTF4Z74X3YZD2NY,brown,style_0
SHTFMY2XKBNZFZPZ,black,style_0
SHTF4ZCCBTQT4VFA,gray,style_0
SHTF4Z74D66V8AVQ,white,style_0
SHTF4EHGHJCGXDKS,purple,style_0
KTAF4N2FPPTHZNVJ,white,style_0
SHTF4EHGZEZQHFMA,brown,style_0
SHTF4EHGZM3YK4R5,white,style_0
SHTF4EHGPMFQGMTK,gray,style_0
SHTF4NAXYUN8ZT5B,white,style_0
SHTEYFZVZQ9ZC3MQ,gray,style_0
SHTFACSAYGXXZY3R,gray,style_0
SHTF4FDXVNMQHUQM,black,style_0
KTAF8BG9J2XYCKQN,black,style_0
SHTFPG2H7W5DZGG3,gray,style_0
SHTF4ZCCGTDSQCVK,brown,style_0
SHTFPG2HME8GM48N,gray,style_0
SHTF4EHGBZGGHACP,white,style_0
SHTF7YU8UYN399HS,white,style_0
SHTF7YU85HHDMZZM,white,style_0
SHTFFM8NTVMFVFGM,brown,style_0
SHTF4EHGT7Y87GS4,orange,style_0
SHTF4EHGZUJHPB7C,brown,style_0
SHTFPG2HV7MZHPNA,gray,style_0
SHTF4ZCCMGQH8DUQ,black,style_0
SHTF4EHGCKNVVYUB,brown,style_0
SHTF4EHGWGCXGB3G,white,style_0
SHTF4ZCCG2EGZDVZ,black,style_0
SHTF7YU88WCKKHFS,white,style_0
SHTFP3TTWBZ3E2HC,white,style_0
SHTF4ZCCFU7V66BS,white,style_0
SHTFP3TTJREVUQTG,white,style_0
SHTFA82ZZSANMWK9,white,style_0
SHTFN2EPBYAMUFHM,pink,style_0
SHTFVC359UXVUAYG,white,style_0
JCKFPEVFF5DWZB4H,gray,style_1
SHTFVC35SDFD65CK,white,style_0
SHTFVC35EZHSEZEN,white,style_0
SHTFW44HMHCM6APY,gray,style_0
JCKFVJ54N4NZGPTP,white,style_0
SHTFU85T4HFY8BJ5,pink,style_0
SHTFU9M8FDBGYFPV,pink,style_0
SHTFU9HZVUJZZXAH,pink,style_0
JCKFPEVF2XP9VH2E,gray,style_1
JCKFT9TE2DB6TJNQ,pink,style_0
SHTFU86AVHAVBZYY,pink,style_0
SHTFKT89WYQGQVRW,gray,style_0
WSCFXYGWAWDRCAFP,pink,style_0
SHTFCBH4DKUGR89Z,white,style_0
JCKFMHKMYEWHQFNU,white,style_0
JCKFKKFZ7QB2KUQV,white,style_0
SHTFTGKGAHU6EQJH,white,style_0
SHTFKT89ZFEAKJVZ,black,style_0
JCKFUCYG2GKYHYWN,gray,style_0
BZRFUXVMEZUPAFFB,gray,style_0
SHTFU9KFSZXJKUEE,pink,style_0
SHTFU87GX8FZDQW6,pink,style_0
SHTFMRH8VFFCHGUC,gray,style_0
BZRFUXVMES8G6KDR,gray,style_0
SHTFMRH8KEFSWE52,gray,style_0
SHTFU862AGUV94SH,pink,style_0
SHTFU86298H97WR8,pink,style_0
SHTFU88QGDZXCDR3,pink,style_0
SHTFU73NSU36RERF,pink,style_0
SHTFMRH8E6HF4C8T,pink,style_1
SHTFMRH8SVHUCHH6,gray,style_0
SHTFU73N8XXP6Q2X,pink,style_0
SHTFU73NDQGENDKV,pink,style_0
SHTFTGKHFSAUBWVC,brown,style_0
SHTFU73NZVCHVD6J,pink,style_0
SHTFU73NADT9MGQG,pink,style_0
SHTFTGKGHJ3CGGPF,brown,style_0
SHTFTGKHG4YSFBXZ,brown,style_0
SHTFTGKYCYNWQHNV,black,style_0
SHTFCGQ4B46XEA5F,white,style_0
SHTFCGQYVMTVNDSQ,white,style_0
SHTFTGKYZ84YFRHS,brown,style_0
SHTFTGKHKZ6VQJAD,brown,style_0
SHTFMRH8SCUEURXF,black,style_0
SHTFTGKHGV4HPDSC,white,style_0
SHTFCGQ46GFG4JPJ,white,style_0
SHTFCDSHZZ9ZSZWC,white,style_0
SHTFTGKHAGZHSHQU,gray,style_0
SHTFTGKGWVHBPY7H,gray,style_0
SHTFCBH4Q7GWS9YY,white,style_0
SHTFCGQ4TEEXXKPZ,white,style_0
SHTFCDSHEPHK3NHT,white,style_0
SHTFCDSHKYYCWJQS,white,style_0
KTAFMS9MHJNH42DJ,gray,style_0
SHTFCGQ4HQK375AN,white,style_0
SHTFTGKHBRTV9QXC,gray,style_0
SHTFTGKHHPUGUXRV,black,style_0
SHTFKT89VNKJMMSP,white,style_0
SHTFCBH4QPGZWXJ9,white,style_0
SHTFMRH8KXWYGMNA,black,style_0
SHTFCBH4QP2WP9PU,white,style_0
SHTFTGKHHZYYHZEG,white,style_0
SHTFCGQYFGY4XHZA,white,style_0
SHTFTGKGUMYDMMPC,white,style_0
SHTFTGKHCMHQVVCW,black,style_0
SHTFTGKGUFUWZRJQ,white,style_0
SHTFTGKYXYBMT5HM,white,style_0
SHTFU862VZYNRNHG,gray,style_0
SHTFTGKHV5JPXWAH,brown,style_0
SHTFCGQYB5YZNXHM,white,style_0
SHTFCDSHVVMFGPE4,white,style_0
SHTFCGQYAHYNS6WZ,pink,style_0
SHTFTGZ98GHAGGQS,brown,style_0
SHTFCBH4FRZKZGRP,white,style_0
SHTFCDSHVKMUUZ6V,white,style_0
SHTFCDSHJPG7Z8TE,white,style_0
SHTFTGKHGAFUFW4J,white,style_0
SHTFCDF2JKF26Z3Z,white,style_0
SHTFCGQYXBGACWGF,white,style_0
SHTFTGKHHSNF4GRW,white,style_0
SHTFU73NQREEM3GG,pink,style_0
SHTFU73NR7MGFRZP,pink,style_0
SHTFU73NHQXC73VQ,pink,style_0
JCKFKKFZMDEHEZQS,white,style_0
SHTFCBH47GZZTVHT,white,style_0
SHTFTGKG5RERUZVK,gray,style_0
SHTFTGKGQEM52RPT,gray,style_0
SHTFTGKHZJ56GJNS,brown,style_0
SHTFMRH8MEU8ST5P,white,style_0
SHTFU73NP86PGDFP,pink,style_0
SHTFU73NJ6UDVKRS,pink,style_0
SHTFTGKFSK9H7QAP,brown,style_0
SHTFU73NAYZVPFJZ,pink,style_0
SHTFCDSHXNZWU3EU,white,style_0
SHTFU73NHNAFBCCZ,pink,style_0
SHTFU73NP63MDZZP,pink,style_0
SHTFU73NTX6N3R63,pink,style_0
SRTFVC2HXE96WCGU,white,style_1
SHTFCBH4GE2GEMJG,white,style_0
SRTFVC47TFYZEFDP,pink,style_1
SHTFSPTZCH3XHWVB,pink,style_0
SRTFVCCCSEWS46YH,pink,style_1
SHTFCBH4AJZVNCJD,white,style_0
SHTFCBH44JUEJS5M,white,style_0
SHTFCDSHZ3NFZV8S,white,style_0
BZRFUXVNWZZTBAVE,black,style_0
SHTFU73NU4TGYX82,pink,style_0
BZRFUXVMRDYBJB96,gray,style_0
TSHF6RWFHSCZFJFC,black,style_0
TSHF6H6KX4VRWEGU,black,style_0
TSHF6H6KMJBMHDJX,white,style_0
TSHFPYDTG7ERZUSS,white,style_0
TSHFUSFDAS3AGBPF,white,style_0
TSHFWFMBZDDRMZ3S,white,style_0
TSHFWFMWMPACUNEP,pink,style_0
TSHF5FFXPGVDYYRH,white,style_0
TSHF4Y42YPT2GXPZ,gray,style_0
TSHFUTHFFN8VMHNW,gray,style_0
TSHFUTG5JZGFTXDF,gray,style_0
TSHFUSFDCVNNHAJP,black,style_0
TSHFUSFDDU8HMWXM,black,style_0
TSHF2NZWZRFHSYCZ,white,style_0
TSHF2NZWBB5GGACT,white,style_0
TSHFUSFD5FBWR8NW,pink,style_0
TSHFFU55ESCNYQG7,pink,style_0
TSHEY5TTSV4PHDAF,white,style_0
TSHF34PEGC9AENZH,white,style_0
TSHF6TYMGYT2G7HJ,white,style_0
TSHFUSFDSBBBG6ZF,black,style_0
TSHFFU559ZXYHYGS,white,style_0
TSHF2KRV5R3YXC75,brown,style_0
TSHFFU55GBSDETGJ,white,style_0
TSHF2GDG5SXDJG7Q,white,style_0
TSHF2GDGBBDHJSHA,white,style_0
TSHF3A67WUAH8NGC,white,style_0
TSHF2KRVKSYWA8G7,black,style_0
TSHF2KRVTFFEHY2G,black,style_0
TSHFUSFD7QH82VVK,black,style_0
TSHF2GDGEPU4NEZH,brown,style_0
TSHF34PEXH5AVGRR,white,style_0
TSHFUSFDAZRJCUVM,pink,style_0
TSHF2NZWFGECB6GH,orange,style_0
TSHFWFMUUXHWWWFZ,pink,style_0
TSHFWFMSETZPNCWG,pink,style_0
TSHF34PEWJWG5ZTN,white,style_0
TSHEY5TTKCJ4YCP6,white,style_0
TSHEY5TTCGDTFEHV,white,style_0
TSHFUSFDYXEGGGD7,black,style_0
TSHF4Y42QXGAUGZA,white,style_0
TSHFUSFDXBGYJ22Z,pink,style_0
TKPFXZQ4EJ5G42FT,white,style_1
SHTFHXGZKGV8XDXT,gray,style_0
SHTFHXGZKVFRSGB9,gray,style_0
SHTFHFHHSHGH4GMG,gray,style_0
SHTFHFHHSQUBFYHY,pink,style_0
SHTFHXGZJZTGHWFY,pink,style_0
SHTFHXGZT79B8ZYJ,gray,style_0
SHTFHFHHCVYUJMYY,gray,style_0
SHTFHFHHSCGJS5RH,gray,style_0
SHTFHFHHXDQNWYUR,pink,style_0
SHTFHFHHBCNATTGB,gray,style_0
SHTFHXGZZ6HGEJEG,pink,style_0
SHTFHFHHK4U9HKCB,gray,style_0
SHTFT26GG9TYR49Z,gray,style_0
SHTFMHXVET3RR3Y8,gray,style_0
SHTFMHXVHDTCDP9Y,black,style_0
SHTFGXTMRYDSGPZE,white,style_0
SHTFMHXVPFGYHW8Y,black,style_0
SHTFHFU6RVB9WHQQ,black,style_0
DHYFHFU6UCJHMZBY,white,style_0
SHTFMHXV2VMY62MH,black,style_0
SHTFMHXVHBDFH6JQ,brown,style_0
SHTFMHXVQJMFQ2MM,white,style_0
SHTFMHXVBZYSTEYT,white,style_0
SHTFMHXV84URWXKH,purple,style_0
SHTFMHXVVGXWYJ5H,white,style_0
SHTFMHXVDPZ4CHPE,white,style_0
SHTFMHXVGH9FXUKD,white,style_0
SHTFGXTMQ2ZD8RZM,brown,style_0
DHYFHFU6DHZKYE5X,brown,style_0
SHTFMHXVZVFZS3U9,white,style_0
SHTFGHEUTFMCMW4U,gray,style_0
SHTFMHXVUBSXXGXK,black,style_0
SHTFGXTMKYVVYCGP,black,style_0
SHTFGEHFEPG6NCHQ,brown,style_0
SHTFGEKHHQGYCUQ8,brown,style_0
SHTFGEKRWAK2QBPZ,brown,style_0
SHTFGHEUUQKQZYQG,gray,style_0
SHTFMHXVDBG5HGQD,black,style_0
SHTFMHXVBHPMNEUH,black,style_0
VESFZQYS3BFHNDZG,white,style_0
CRGFXXP3FSRYYGGF,white,style_1
CRGFXXP3YGXHPTKB,white,style_1
CRGFXXP3ZJHQGHKH,white,style_1
CRGFXXP3JXVPSDTZ,white,style_1
CRGFXXP3GCPQC7CH,white,style_1
CRGFXXP36ZQM5VFZ,white,style_1
CRGFXXP3YZQDGRZY,white,style_1
CRGFXXP3UBCZRWNR,white,style_1
CRGFXXP3UECF4FQE,white,style_1
CRGFXXP3CFTHQZ3U,white,style_1
CRGFXXP3FT5N2H8T,white,style_1
CRGFXXP3PYMUQMB6,white,style_1
CRGFXXP3ZTFJWV9F,white,style_1
CRGFXXP3EBDPJ6QZ,white,style_1
CRGFXXP3SPUFYBGS,white,style_1
CRGFXXP3XAJVX2G6,white,style_1
CRGFXXP3GQFQGVZB,white,style_1
CRGFXXP3GWCGMQHH,white,style_1
CRGFXXP39YRWHEDZ,white,style_1
CRGFXXP3HCE6WSPX,white,style_1
CRGFXXP3ER3RGZUN,white,style_1
CRGFXXP3B8VD4YWD,white,style_1
CRGFXXP3VJUGGMGM,white,style_1
CRGFXXP3RCKDHCFG,white,style_1
CRGFXXP3FVMWHVX5,white,style_1
CRGFXXP3G4XKUEQY,white,style_1
CRGFXXP3RJBXS8S9,white,style_1
CRGFXXP3GG9JAUHF,white,style_1
CRGFXXP3PPMMZ3RA,white,style_1
CRGFXXP3PXJVRMHH,white,style_1
CRGFXXP3XG7BYBNB,white,style_1
CRGFXXP3HTGYKDEB,white,style_1
CRGFXXP3GZHK7SMZ,white,style_1
CRGFXXP3HHYAGHZR,white,style_1
CRGFXXP3QNJMDMXX,white,style_1
TKPFZMQ8YMWNGXEU,white,style_1
TKPFZBZKR8HDZQJZ,white,style_1
TKPFZANS5H4CQTXA,white,style_1
TKPFZANU45HFMT8X,white,style_1
TKPFZCRTFWVNBG4U,brown,style_1
BRFF4Z8FQQNPHASG,white,style_1
SWSFVEV2YFEJKUCK,pink,style_0
SWSFVEV2BWZJDJ46,pink,style_0
SOCFPDPFXQCQFA8C,white,style_1
SOCFPDP2MX7RPJZP,white,style_1
TSHFVEV2SSNBYN45,white,style_0
SWSFVEV28BVNNDMX,pink,style_0
TSHFVEV2GFJMARJV,pink,style_0
TKPFGZYSFREPAR8H,pink,style_1
TSHFVEV3VUNJNSGH,pink,style_0
JCKFVEVFFZAFCRVP,pink,style_0
TSHFZ3JDD9GRCBKC,gray,style_0
TSHFZ3JDSGFYEVJH,gray,style_0
TSHFZ3JDT8HTCZWP,pink,style_0
JCKFVEVFGBEUKNDG,white,style_0
TSHFZ3JD7VNXGYRB,pink,style_0
TSHFZ3JDW3RGZNGF,white,style_0
JCKFJY5A8ADHFXDR,gray,style_0
SOCFYY5FE923EGKF,white,style_1
TSHFVEV3ANACBVGE,pink,style_0
TSHFZ3JDGWJ5PDQZ,gray,style_0
TSHFZ3JDKXGPUGW9,black,style_0
TSHFGZXPF2ZAQFNM,white,style_0
TSHFGZXPGZGV3P7E,pink,style_0
TSHFZ3JDSYVFZHHC,pink,style_0
TSHFZ3JD7THRHMX8,gray,style_0
SOCFPDZHSMMY8PZQ,white,style_1
SWSFVEV2B6EJHENH,pink,style_0
SWSFVEV2MZRAZJFJ,pink,style_0
SWSFJY5ZBGZK49ZB,pink,style_0
SOCFYY4WVCHHYCY7,white,style_1
TSHFZ3JDBAJDEC6Z,pink,style_0
SRTFZ3KETHH2MPAD,white,style_1
JCKFVEVFZ6BGWHFZ,white,style_0
SOCFFFMXGU2PYAN2,black,style_1
SWSFVEV2YFEJKUCK,pink,style_0
TSHFGZXPPYZTHMBM,white,style_0
SWSFVEV2N8SGKGQZ,pink,style_0
SOCFPDPFCTCG4GBB,white,style_1
TSHFVS8MRHQG8CDB,pink,style_0
SWSFVEV2BWZJDJ46,pink,style_0
JCKFJY5AG9ESWWWV,white,style_0
TSHFZ3JDWYPC2NHT,gray,style_0
SWSFJY5ZBGZK49ZB,pink,style_0
SOCFFFMXRXTGXC8P,black,style_1
TSHFGZXQU9SKNZT4,pink,style_0
SWSFVEV28BVNNDMX,pink,style_0
TSHFVEV3JUZU3CE4,pink,style_0
TSHFZ3JDA7RHFZBR,gray,style_0
TSHFZ3JDUGMTY6CV,pink,style_0
JCKFVEVFFZAFCRVP,pink,style_0
SWSFVEV2PZTNSVG6,pink,style_0
TSHFZ3JD49DDBQZQ,gray,style_0
SOCFPDPFXUFZKHHB,white,style_1
SWSFVEV2EZXW5EGH,pink,style_0
SWSFVEV2BRQAYZCZ,pink,style_0
SWSFJY5ZB3NZN56D,pink,style_0
JCKFVEVFGBEUKNDG,white,style_0
JCKFVEVFBDYS6VRW,pink,style_0
TSHFVEV34XPEDFJH,pink,style_0
TSHFVS8MV2CD7HHK,pink,style_0
JCKFJY5A8ADHFXDR,gray,style_0
SRTFZ3JZYVRAFFSX,white,style_1
SWSFVEV2YBFHD4CP,white,style_0
SWSFVEV2YFEJKUCK,pink,style_0
SWSFVEV2EQEQR43F,pink,style_0
TSHFGZXPBH7WTZ7X,pink,style_0
TKSFVEV4JDU4DDCZ,pink,style_1
SWSFVEV2BWZJDJ46,pink,style_0
SWSFJY5ZRDUYGWN3,black,style_0
TSHFZ3JEZGRWFZ2U,pink,style_0
SWSFJY5ZBGZK49ZB,pink,style_0
SWSFZ3XQWA2S4ZWK,green,style_0
TSHFK3W7X5SV3EWK,white,style_0
TSHFGZXPZTWQXB8Y,pink,style_0
TSHFGZXQEWEDGPGQ,gray,style_0
SWSFVEV28BVNNDMX,pink,style_0
TSHFGZXQYB6VHCYR,white,style_0
SWSFJY5ZZQU8XMF6,pink,style_0
JCKFVEVFFZAFCRVP,pink,style_0
SWSFVEV2QH7KQXK9,pink,style_0
SRTFZ3JZYUYFDY8T,white,style_1
TSHFZ3JDGGVJSYKQ,pink,style_0
JCKFVEVFQ22WGTBK,pink,style_0
JCKFVEVFGBEUKNDG,white,style_0
SWSFVEV2VZBMYW7U,pink,style_0
TSHFZ3JDSW9PZZ2C,pink,style_0
SRTFVEVFDG89TPKF,pink,style_1
JCKFJY5A8ADHFXDR,gray,style_0
TSHFZ3JDTVRTPARH,white,style_0
SOCFYY6JMVSYNQFR,white,style_1
SWSFVEV2YFEJKUCK,pink,style_0
SWSFJY5Z67JDVK2B,white,style_0
SWSFVEV2GJVHBAQG,gray,style_0
TKPFK3W6W8DZ2CGG,pink,style_1
SWSFJY5Z7VJ73YRY,white,style_0
SWSFVEV2BWZJDJ46,pink,style_0
TSHFZ3JEKCKGUPNC,gray,style_0
TSHFGZXPAWYZM7SG,pink,style_0
TKPFGZYS29B95HNU,pink,style_1
SWSFJY5ZBGZK49ZB,pink,style_0
SWSFJY5Z27TJF9JW,white,style_0
TSHFVEV3JSZXMNH7,pink,style_0
TSHFK3W7YBCMSNYA,pink,style_0
TSHFK3W7ZVPZ2B4E,pink,style_0
SWSFVEV28BVNNDMX,pink,style_0
TSHFVEV3GM5Y93ZT,white,style_0
TSHFZ3JDZQN3BYPP,pink,style_0
JCKFVEVFFZAFCRVP,pink,style_0
TSHFGZXPY6MXNZ3V,pink,style_0
TKPFGZYR8BZFNQZS,pink,style_1
TSHFZ3JDZJU8Z2NF,pink,style_0
JCKFJY5ANQCRT8AG,gray,style_0
JCKFVEVFGBEUKNDG,white,style_0
TSHFGZXPFT6KNE6U,white,style_0
SOCFFFMXJVRHGWRN,white,style_1
TSHFDT652HTYAGKU,white,style_0
SWSFJY5ZWGJPE59Z,pink,style_0
JCKFJY5A8ADHFXDR,gray,style_0
TSHFVSVAYEKRPVUP,pink,style_0
SWSFVEV2YFEJKUCK,pink,style_0
TSHFZ3JDXHTK7RGP,white,style_0
TSHFZ3JEEZC6KTVB,pink,style_0
SWSFVEV2BWZJDJ46,pink,style_0
TSHFZ3JDQARDCHRY,pink,style_0
SOCFFFMXFGP7XGGY,black,style_1
TSHFZ3JCKDYHBD7Z,pink,style_0
SWSFJY5ZBGZK49ZB,pink,style_0
SRTFZ3JZTD3HTVHU,white,style_1
TSHFK3W7JVZTC4ZV,white,style_0
TSHFZ3JC4UZFFGZY,pink,style_0
SWSFVEV2ZGYEYMPG,pink,style_0
TSHFZ3JDZKJZZZDG,pink,style_0
SWSFVEV28BVNNDMX,pink,style_0
TKPFK3W6VQFCYNTQ,pink,style_1
TSHFZ3JDNSWZYJHV,pink,style_0
TSHFVEV3RDBUHEDD,gray,style_0
JCKFVEVFFZAFCRVP,pink,style_0
TSHFK3W7NYHSDEAZ,white,style_0
TSHFDT65TKDFNBYC,white,style_0
JCKFVEVF24KXKB2Y,pink,style_0
TKPF7NWFB6MEDFD9,pink,style_1
SOCFFFMXSZRTA3CK,black,style_1
SWSFJY5ZJZKVGUFT,pink,style_0
TSHFZ3JDBAJDEC6Z,pink,style_0
TSHFK3W7SBYYGMSG,white,style_0
JCKFJY5A8ADHFXDR,gray,style_0
SRTFZ3JZYN5UKZ5Z,white,style_1
TSHFZ3JDG4PAFKYA,pink,style_0
TSHFK3W7VKTFUTEY,gray,style_0
TSHFK3W7NY4CZXZS,pink,style_0
JCKFVEVFGBEUKNDG,white,style_0
TKPFGZYSTDVXATEE,pink,style_1
SWSFJY5ZKQNGYZZJ,pink,style_0
SOCFFFMW2KG5MT39,white,style_1
SWSFVEV2YFEJKUCK,pink,style_0
TSHFZ3JEVJEPYWHE,pink,style_0
SOCFFFMXZFW6WZ8W,white,style_1
SOCFFFMXH2CZDZH7,black,style_1
SWSFVEV2BWZJDJ46,pink,style_0
JCKFGZWZHVJEF5PQ,pink,style_0
TSHFZ3JDHXHAEGPF,white,style_0
TSHFGZXPCMXCXRA7,black,style_0
SWSFJY5ZBGZK49ZB,pink,style_0
TSHFGZXPVSGZHJYF,pink,style_0
TSHFZ3JERW4JH3ZT,pink,style_0
TSHFZ3JDUGMTY6CV,pink,style_0
SWSFVEV28BVNNDMX,pink,style_0
SWSFJY5ZZBBZVPG6,pink,style_0
SWSFJY5ZS7G9ZHQA,white,style_0
TSHFZ3JDSKZCFZSP,pink,style_0
JCKFVEVFFZAFCRVP,pink,style_0
TSHFVEV2HUWWBFFR,pink,style_0
SRTFZ3JZKZSXHFVF,white,style_1
TSHFZ3JCHFXFDVWJ,pink,style_0
SWSFJY5ZKAG7JFXU,pink,style_0
TSHFVEV35ES5DYCY,pink,style_0
SWSFVEV2YFUVMNKE,pink,style_0
JCKFVEVFGBEUKNDG,white,style_0
TSHFK3W7YHAKQ2GZ,white,style_0
TSHFVEV3Z8RJYY3K,pink,style_0
SWSFJY5ZTQ35VBV7,white,style_0
JCKFJY5A8ADHFXDR,gray,style_0
SWSF7NWDHECBTVTF,white,style_0
SWSFVEV2YFEJKUCK,pink,style_0
TSHFZ3JDZPEYGBT8,pink,style_0
TSHFGZXPPQYQGQZV,white,style_0
TKTFJY5UCHHFYG6C,black,style_0
SWSFJY5ZN6RUJWYB,white,style_0
TSHFZ3JDSSFGYSBP,pink,style_0
SWSFVEV2BWZJDJ46,pink,style_0
TSHFGZXP5GRTJXUG,pink,style_0
TSHFGZXPRTX2XJSD,black,style_0
SWSFJY5ZBGZK49ZB,pink,style_0
TSHFVEV23EZJZREQ,pink,style_0
SOCFFFMXFCXHPHZB,pink,style_1
SWSFJY5ZHARRCGAY,pink,style_0
TKPFK3W6U4UJ8KTP,gray,style_1
SWSFVEV28BVNNDMX,pink,style_0
TSHFDT654NEGYSHC,white,style_0
TSHFZ3JDKKPPJPZR,pink,style_0
TKPFGZYRWXZZZAVG,white,style_1
JCKFVEVFFZAFCRVP,pink,style_0
SRTFZ3JZTKGQ9KQK,white,style_1
TSHFK3W7XHU8UUZD,white,style_0
JCKFVEVFKWN8M4YG,white,style_0
TSHFK3W7H9MGQDHA,white,style_0
SWSFVEV2Q9ATVSZE,pink,style_0
TKPFGZYS2GGFWP4F,white,style_1
TSHFZ3JCZPSYU8WP,white,style_0
JCKFVEVFGBEUKNDG,white,style_0
TSHFZ3JDHZSGCFHT,pink,style_0
JCKFJY5AVR2KGA36,white,style_0
SRTFZ3JZGYTXX2A6,white,style_1
JCKFJY5A8ADHFXDR,gray,style_0
TSHFVEV2XDJTSCNZ,pink,style_0
SWSFJY5ZFHQ7HXKW,white,style_0
SWSFVEV2YFEJKUCK,pink,style_0
SOCFAXVFTHAVUWS4,white,style_1
TSHFZ3JEMN9CBZK2,pink,style_0
TSHFZ3JCFUGCEPV2,gray,style_0
SWSFVEV28Y4CXSQT,pink,style_0
TKPFK3W6EUFS64GE,gray,style_1
SWSFVEV2BWZJDJ46,pink,style_0
TSHFK3W7YERZ7ZM2,pink,style_0
TSHFZ3JDHZNGCRNS,pink,style_0
TSHFZ3JDVAYZKCFC,pink,style_0
SWSFJY5ZBGZK49ZB,pink,style_0
TSHFXWJSYSYXHKT8,pink,style_0
TSHFZ3JDHWFRGDZM,gray,style_0
TSHFGZXQY2HPK5SB,pink,style_0
SWSFVEV28BVNNDMX,pink,style_0
TSHFZ3JCJKADWCKF,pink,style_0
TSHFZ3JDHHKGRQ8Y,pink,style_0
JCKFVEVFFZAFCRVP,pink,style_0
SWSFJY5ZGWH42DPT,white,style_0
SWSFJY5ZUZZYBNYE,pink,style_0
TKPFDT6GFFHHDYTH,pink,style_1
TSHFZ3JC2AHZHEUM,gray,style_0
TSHFK3W7PJGGBUR5,white,style_0
TSHFZ3JDNBMMPFHY,gray,style_0
SWSFJY5ZHR8ZYGYX,white,style_0
TSHFZ3JDSXVCJ8YA,pink,style_0
JCKFVEVFGBEUKNDG,white,style_0
TSHFK3W7MZ7HZZSK,pink,style_0
TSHFK3W7ZDYPYWCJ,white,style_0
TSHFZ3JD4V8CURAU,brown,style_0
TSHFK3W7SHRZZ2SZ,pink,style_0
TSHFGZXQ8FHEB67X,black,style_0
JCKFJY5A8ADHFXDR,gray,style_0
TSHFGZXPYMDJ3RYH,white,style_0
TSHFGZXPEWPXS9PF,white,style_0
TSHFZ3JDT7RGF7QP,white,style_0
SWSFVEV2YFEJKUCK,pink,style_0
SWSFGZYN9RDCQJWZ,white,style_0
SWSFJY5ZVPJXDPTS,black,style_0
SWSFGZYNKXKFJDBV,white,style_0
TSHFGZXPKUTVWKFV,white,style_0
SWSFJY5ZQZZHVHHN,white,style_0
SWSFVEV2BWZJDJ46,pink,style_0
TSHFVEV27G9FJGBZ,white,style_0
TSHFZ3JDPVPDZDTJ,pink,style_0
SWSFJY5ZBGZK49ZB,pink,style_0
TSHFK3W7QZEFE3ZM,white,style_0
TSHFGZXPJYS5JEZU,white,style_0
SRTFVEVFGGFZZYPX,pink,style_1
SWSFJY5Z2SFFQX6H,white,style_0
SWSFVEV28BVNNDMX,pink,style_0
TSHFGZXPNMGCBKJX,pink,style_0
SWSF7NWCVAVSNRPS,pink,style_0
TKSFVEV4HHUKUGUG,pink,style_1
JCKFVEVFFZAFCRVP,pink,style_0
TSHFDT65QXYSVGMA,pink,style_0
SOCFFFMXN6MVNUVH,white,style_1
TSHFK3W72G6SHZU4,white,style_0
JCKFGZWZZXRYYVGH,white,style_0
TSHFZ3JDQ2HJTMQY,pink,style_0
TSHFDT65HW52CX5U,white,style_0
TSHFK3W7WDWZV56T,pink,style_0
TSHFVEV3FFGHGPBN,pink,style_0
JCKFVEVFGBEUKNDG,white,style_0
CAPFHV4ACHNHAMDV,pink,style_1
TSHFDT668APMBQPT,pink,style_0
TSHFGZXPMCHK8E9E,white,style_0
JCKFGZWZDKEUVWTG,white,style_0
JCKFJY5AF3T78PY2,black,style_0
JCKFJY5A8ADHFXDR,gray,style_0
TSHFGZXP3MDFZUQQ,pink,style_0
SWSFJY5ZGN6HYFEU,white,style_0
TSHFZ3JDVGRNZZR7,pink,style_0
SWSFVEV2YFEJKUCK,pink,style_0
SWSFJY5ZHR8ZYGYX,white,style_0
JCKF7M8DGUWMJUWY,pink,style_0
JCKFVEVF6NNZHDSP,pink,style_0
TSHFK3W7WNZZGVRR,white,style_0
SRTFVEVFHNZ4DK2E,white,style_1
SWSFVEV2BWZJDJ46,pink,style_0
TKPFGZYS3BTUDNNK,pink,style_1
SWSFJY5ZC2HS9FH9,white,style_0
SWSF7NWDRUVFGGCH,white,style_0
SWSFJY5ZBGZK49ZB,pink,style_0
JCKFGZWZZRF7FNWQ,pink,style_0
TSHFK3W7PYHEXKGT,white,style_0
TSHFZ3JDGJZNAACX,gray,style_1
SWSFGZYN3TJNT9RG,white,style_0
SWSFVEV28BVNNDMX,pink,style_0
TKPFK3W6YVDBFZGV,pink,style_1
SWSFJY5ZTHZUNVNV,white,style_0
TSHFGZXPMCMFAU9E,white,style_0
JCKFVEVFFZAFCRVP,pink,style_0
SWSFJY5ZUKKCGVBZ,white,style_0
TSHFK3W72HR23F87,white,style_0
TSHFGZXPXN5VFZEH,pink,style_0
SWSFZ3XQAGPGRFZJ,black,style_0
TSHFK3W7W6HRGPGJ,white,style_0
TKPFGZYSZUGDKCAX,pink,style_1
TKSFVEV4FEZSSSKB,pink,style_1
JCKFVEVFGBEUKNDG,white,style_0
TSHFZ3JDT7VVRVFQ,pink,style_0
TSHF7NWBWGKZRZVY,pink,style_0
SWSFJY5ZQDHHSJGY,white,style_0
TSHFZ3JDVKZTGCDH,pink,style_0
JCKFJY5A8ADHFXDR,gray,style_0
SWSFJY5ZGNEGRYB7,white,style_0
SRTFZ3JZYS3JWCNQ,white,style_1
TSHFK3W7YGWWZ6DZ,white,style_0
SWSFVEV2B6EJHENH,pink,style_0
TSHFGZXPHWZ3ZYPW,pink,style_0
TSHFZ3JDVXAYBQJH,gray,style_0
SRTFZ3JZZCKFFAPU,gray,style_1
SWSFVEV2BWZJDJ46,pink,style_0
TSHFDT66TGFETFHR,white,style_0
SWSFJY5ZWGJPE59Z,pink,style_0
TKPFGZYRZZCHPTS3,white,style_1
SWSFJY5ZBGZK49ZB,pink,style_0
JCKFGZWZGZBGAPGA,white,style_0
SWSF7NWDYY9FC2A9,white,style_0
TSHFK3W7WHUHRQQG,white,style_0
TSHFK3W7GNG24NED,white,style_0
TSHFGZXPHBRZQXF3,white,style_0
JCKFVEVFFZAFCRVP,pink,style_0
TSHFK3W7WRPJHE2Z,white,style_0
SWSFJY5ZGBXDHZ8Z,pink,style_0
TSHFZ3JDZPCZRV9H,pink,style_0
SWSFVEV2EETKDP3Y,pink,style_0
SOCEFHN6RKGYHFZK,white,style_1
TSHFDT66CFFGGVTE,white,style_0
SRTFGZY9UFEUF9BJ,pink,style_1
SWSFJY5ZHEVENZUK,pink,style_0
JCKFVEVFWGB2VAAY,white,style_0
TSHFK3W7AXFEPT22,white,style_0
SRTFZ3JZJXYUG4SS,white,style_1
TSHFDT65WRMBKRMY,pink,style_0
JCKFJY5A8ADHFXDR,gray,style_0
TSHFK3W7SGAA76ZB,white,style_0
SRTFZ3JZKGM7GUFD,pink,style_1
TSHFGZXPMNPX9TBN,white,style_0
TSHFZ3JDKXGPUGW9,black,style_0
SRTFGZY9UFEUF9BJ,pink,style_1
SWSFJY5ZHEVENZUK,pink,style_0
TSHFK3W7AXFEPT22,white,style_0
SWSFVEV2YFEJKUCK,pink,style_0
SRTFZ3JZJXYUG4SS,white,style_1
TSHFK3W7SGAA76ZB,white,style_0
SRTFZ3JZKGM7GUFD,pink,style_1
TSHFGZXPMNPX9TBN,white,style_0
SWSFVEV2BWZJDJ46,pink,style_0
SWSFVEV2SHAPBRGS,white,style_0
TSHFGZXPVWVJN8F9,pink,style_0
SWSFJY5ZBJAVWWJX,gray,style_0
SWSFVEV28BVNNDMX,pink,style_0
TSHFXWJUWZHB7TWM,white,style_0
TSHFGZXPC6PFPFBH,pink,style_0
TSHFK3W7FUARVGHF,white,style_0
SWSFJY5ZBGZK49ZB,pink,style_0
TSHFZ3JESFUQZK6G,pink,style_0
TSHFDT66ZWMWZZ8T,white,style_0
SRTFVEVFE6EZBKWD,pink,style_1
JCKFVEVFFZAFCRVP,pink,style_0
TSHFZ3JDZ3C9ZTGT,pink,style_0
JCKFJY5AEH2ZNXVQ,white,style_0
SWSFZKX7JWJ8W72B,white,style_0
TSHFDT66XQ8RC26Z,white,style_0
TSHFDT66DJTFN64D,white,style_0
TSHFTN2Q9WHATM7N,pink,style_0
SRTFGZYAWG97Q3EY,pink,style_1
JCKFVEVFGBEUKNDG,white,style_0
SRTFGZY9K8CKWTVP,pink,style_1
JCKFGZWZQ8YCFDRG,white,style_0
SRTFZ3JZZZE9BV6C,white,style_1
TSHFVEV2ZUZYMFU9,pink,style_0
TSHFZ3JDVTFHDKFZ,pink,style_0
JCKFJY5A8ADHFXDR,gray,style_0
SRTFGZY96GXCGYBH,white,style_1
TSHFVEV3RXUZFAYC,pink,style_0
SOCFYY83DUCRDGZC,white,style_1
SWSFVEV2YFEJKUCK,pink,style_0
SRTFZ3JZ8QWREZCK,white,style_1
TSHFGZXPNWQHFZF5,white,style_0
TSHFK3W7AZQYSWGF,pink,style_0
TSHFXWJS6FGMTQRR,white,style_0
SWSFVEV2BWZJDJ46,pink,style_0
TSHFGZXPPV3GKW26,white,style_0
JCKFJY5A7Q7XCMHK,gray,style_0
SWSFVEV28BVNNDMX,pink,style_0
TSHFVEV3ZTDSVUKM,pink,style_0
TSHFZ3JDRGFHCVQU,pink,style_0
TSHFZ3JDCZQHVU8G,pink,style_0
TSHFZ3JD2NNNDZS2,white,style_0
SWSFJY5ZBGZK49ZB,pink,style_0
TSHFVEV2R76YZTST,pink,style_0
TKSFK3VJFFH7PH9Q,white,style_1
JCKFVEVFFZAFCRVP,pink,style_0
SOCFYY5RGZHT3AZF,white,style_1
SWSFVEV2ZQCF7V6V,gray,style_0
TSHFGZXPDPFHC2E2,white,style_0
TSHFZ3JDKTUKQF88,pink,style_0
SWSFZZ3XH2JRG8ZM,white,style_0
JCKFVEVFGBEUKNDG,white,style_0
TKPFDT6G58FTFE4E,pink,style_1
TSHFZ3JE9KCHWVYW,gray,style_0
TSHFZ3JDFTXP8MHK,gray,style_0
JCKFJY5A8ADHFXDR,gray,style_0
SOCFFFMXWNP7UGR6,pink,style_1
TSHFZ3JDATNEUUXN,white,style_0
SWSFVEV2YFEJKUCK,pink,style_0
TSHFVEV32KFTY8CG,pink,style_0
TSHF7NWBBHFZH8ZU,white,style_0
SRTFZ3JZZRMW9G3E,pink,style_1
TSHFZ3JEZRDEWSSY,pink,style_0
SWSFVEV2BWZJDJ46,pink,style_0
TSHFVEV3ESN7MCVD,white,style_0
TSHFZ3JDFM9YTJSC,pink,style_0
TSHFDT66KCJEBWHF,pink,style_0
SWSFVEV28BVNNDMX,pink,style_0
TSHFZ3JDZKDUU2YV,pink,style_0
TSHFVEV3SWPDBJVF,black,style_0
SWSFZ3XQHPRQZQPT,gray,style_0
TSHFVEV3EFDMDS4Y,white,style_0
SRTFZ3JZFWFTBTVU,white,style_1
SWSFJY5ZBGZK49ZB,pink,style_0
TSHFZ3JEWMGGRWZJ,pink,style_0
TSHFZ3JDJNPZSUUG,white,style_0
JCKFVEVFFZAFCRVP,pink,style_0
TSHFZ3JDSHTRTGS8,white,style_0
TSHFZ3JDSGTC2GKN,gray,style_0
TSHFZ3JDW5GRCYHF,gray,style_0
SRTFK3W9SVJZAUBF,pink,style_1
TSHFVEV3KHKTSE3J,pink,style_0
TSHFGZXPCHGDKYF4,pink,style_0
TSHFZ3JEHT6WQ99T,pink,style_0
JCKFVEVFGBEUKNDG,white,style_0
TSHFVS8MX2FE2D2S,pink,style_0
SOCFAXVFSJWZXVZT,white,style_1
TSHFDT66HBJYY4SV,pink,style_0
TSHFDT664Q5KTZ4A,white,style_0
JCKFJY5A8ADHFXDR,gray,style_0
TSHF7NWBZQQ9AGHG,white,style_0
TKPFGZYSVGT2BHZP,pink,style_1
SWSFVEV2YFEJKUCK,pink,style_0
TSHFZ3JDM4EGJBRW,pink,style_0
TKPFDT6GHGEYDTAS,pink,style_1
TSHFXWJTJENHYEXR,pink,style_0
JCKFJY5AWEQKHBMY,white,style_0
SWSFVEV2BWZJDJ46,pink,style_0
SWSFVEV2MNSPUFZE,pink,style_0
TSHFGZXP4NKZ4QGR,white,style_0
SWSFJY5ZBGZK49ZB,pink,style_0
TSHFK3W7JGJUXFUT,white,style_0
SWSFGZYN7QYWNSGF,white,style_0
SWSFVEV28BVNNDMX,pink,style_0
TSHFZ3JDVGRNZZR7,pink,style_0
TSHFDT66ZW7YNNF5,white,style_0
JCKFVEVFFZAFCRVP,pink,style_0
TSHFZ3JDQD9ZE2KP,gray,style_0
SRTFGZY95Z5MXUXA,pink,style_1
TSHFZ3JEFZGUZJKJ,pink,style_0
TKPFK3W6GY3H8RDA,black,style_1
SWSFGZYNNKZNGEDT,white,style_0
JCKFVEVFGBEUKNDG,white,style_0
TSHFZ3JDZJP4J2WZ,gray,style_0
TSHFZ3JEBFDR9XUE,pink,style_0
TSHFZ3JDMRCCGWWG,pink,style_0
SWSFGZYNAUGYXBYP,white,style_0
JCKFJY5A8ADHFXDR,gray,style_0
TSHFZ3JEWEVKZ4KG,pink,style_0
VESFDUE7ETWTEMHV,white,style_0
TSHFK3W7JB3USZCT,white,style_0
SWSFVEV2B6EJHENH,pink,style_0
SRTF7M8BV4ARJYFS,pink,style_1
TSHFZ3JEPU4JSGCF,pink,style_0
TSHF7NWAA5HTMZHQ,white,style_0
VESFDUE7YE9ZXVRA,white,style_0
JCKF7M8DNBB6WZ8Y,white,style_0
SWSFVEV2BWZJDJ46,pink,style_0
TSHFZ3JDRZDAHCBG,pink,style_0
TSHFZ3JD2UJHYNCG,pink,style_0
SWSFJY5ZBGZK49ZB,pink,style_0
TSHFDT66ACVNGJP9,pink,style_0
TKPFDT6GRYZRQ6PH,white,style_1
TSHFZ3JDHWTEE4QZ,pink,style_0
TSHFVEV3SKRTR3G8,pink,style_0
TSHFZ3JDPEZDW97D,gray,style_0
JCKFVEVFFZAFCRVP,pink,style_0
TKPFGZYSG4QHTYEP,pink,style_1
TSHFZ3JDGP5HZQMZ,gray,style_0
TSHFK3W7RTYZSHKP,pink,style_0
SWSFVEV2EETKDP3Y,pink,style_0
TSHFZ3JDKV7H6NCY,pink,style_0
TSHFZ3JDTHSG3NFU,pink,style_0
TSHFZ3JDNB4WVG93,pink,style_0
JCKFVEVFWGB2VAAY,white,style_0
TSHFZ3JE5NXNNYEQ,gray,style_0
TSHFVEV2KESXDCTZ,pink,style_0
JCKFJY5A8ADHFXDR,gray,style_0
TSHFGZXQYF86EAHX,pink,style_0
TKTFZ3YGGMMNBYEZ,white,style_1
TSHFZ3JDHFHCZ6EA,white,style_0
TSHFGZXPYFQAYHG4,pink,style_0
TSHFZ3JDKXGPUGW9,black,style_0
SRTFVEVFSKHHJBAA,pink,style_1
TSHFZ3JEQMBB7ZYZ,pink,style_0
JCKFVEVFEZKDFKUJ,white,style_0
TSHFK3W7ZZXHWEWH,white,style_0
TSHF7NW6FY7MBJ8F,white,style_0
TSHFK3W7AGPGZHMX,white,style_0
TSHFVEV3H7W6DGVR,pink,style_0
SWSFGZYNKNREWNNS,white,style_0
TSHFZ3JEPJCHZM2C,pink,style_0
TSHF4D6CGPFCGGFY,gray,style_0
SRTFZ3JZHWENGCGH,white,style_1
TSHFDT65JBFBNBN6,white,style_0
TSHFDT666SFHTEWZ,white,style_0
TSHF7NWBP6SGTUC8,white,style_0
SWSFVEV2GCNYUZ7H,white,style_0
SWSF7NWD5KDPXXRU,pink,style_0
TSHFZ3JDBYXZFURF,gray,style_0
TSHFDT65RSQNQRNB,pink,style_0
SRTFZ3JZAMDB3CAS,white,style_1
TSHFDT66JHZHVGBH,white,style_0
TSHFXWJS2GHG7FGS,white,style_0
TSHFDT66JGACYDMC,white,style_0
TSHFGZXP87UMTGFH,white,style_0
TSHFZ3JEWKKXFBZA,pink,style_0
TSHFZ3JEMYXNVUBW,pink,style_0
TSHFK3W7QWGTRCK9,white,style_0
TSHFXWJSN6RBZFU4,white,style_0
TSHFZ3JERWXDMFPQ,pink,style_0
TSHFZ3JERWXDMFPQ,pink,style_0
TSHFZ3JDYDXN6CKG,pink,style_0
TSHFK3W7SYEH9ZPY,white,style_0
SWSFVEV2YFEJKUCK,pink,style_0
TSHFZ3JENVNKEYNZ,pink,style_0
TSHFVEV3TWTWZGYF,pink,style_0
SRTFVEVFGKQZZUKG,pink,style_1
TKPFGZYS9CWTRMZJ,pink,style_1
SWSFVEV2BWZJDJ46,pink,style_0
TSHFK3W7TZN3GY76,pink,style_0
TSHFZ3JD2EEFQGUW,pink,style_0
SWSFJY5ZBGZK49ZB,pink,style_0
SWSF7NWDK2FMWHVQ,white,style_0
TSHFZ3JEGS5S4G7H,gray,style_0
SRTFZ3JZZ7CYH7ZP,white,style_1
SWSFVEV2AH8GG2BG,pink,style_0
SWSFVEV28BVNNDMX,pink,style_0
TSHFDT66GFBKYAHG,pink,style_0
JCKFVEVFFZAFCRVP,pink,style_0
TSHFZ3JD5JKGMYCG,pink,style_0
SRTFGZY9T6B4HM8S,pink,style_1
TSHFZ3JD43GCG4RP,pink,style_0
SWSFVEV2XGHJMZRK,white,style_0
SRTFVEVFZHYGB9VE,pink,style_1
JCKFVEVFGBEUKNDG,white,style_0
TKPFDT6GG6ZDGKPP,white,style_1
SWSF7NWDKUHGTQ3Q,white,style_0
TSHFVEV2HEHAHYD3,white,style_0
TSHFZ3JDK4XJ2ZQE,pink,style_0
JCKFJY5A8ADHFXDR,gray,style_0
TKPFDT6GD6PYND8X,pink,style_1
TKPFK3W658HF8NFQ,gray,style_1
TSHFZ3JDVUYDPHHA,white,style_0
SWSFVEV2YFEJKUCK,pink,style_0
SRTFZ3JZQPP6GWSE,gray,style_1
TSHFDT65FGUYNG3Z,pink,style_0
TSHFK3W7MBQ7KAGD,brown,style_0
TSHFZ3JDZGXTEQ6M,pink,style_0
SWSFVEV2BWZJDJ46,pink,style_0
SRTFZ3JZFNCRB8FK,white,style_1
TSHFZ3JDMFFVVSWX,pink,style_0
SRTFVEVFQSX9HRGK,white,style_1
SWSFJY5ZBGZK49ZB,pink,style_0
TSHFZ3JEFYPTGVNA,pink,style_0
TSHFDT66GDGHY5GK,white,style_0
TSHFZ3JENWVBXS7Z,pink,style_0
SWSFVEV28BVNNDMX,pink,style_0
SRTFK3W9JZG33YGU,pink,style_1
TKPF3MJ48ZMEKY9N,white,style_1
JCKFVEVFFZAFCRVP,pink,style_0
TSHFZ3JDTYFSPMW9,gray,style_0
TSHFK3W79CVJDYGV,white,style_0
TSHFVEV2ECVMHC7X,white,style_0
TSHFK3W7Y54YPQBQ,white,style_0
TSHFZ3JDBZDCDJ7J,pink,style_0
SRTFZ3JZGZZRHBNK,white,style_1
SRTFZ3JZE48HVAMC,pink,style_1
SRTFVEVFZCZG99DH,pink,style_1
JCKFVEVFGBEUKNDG,white,style_0
TSHFTN2Q9WHATM7N,pink,style_0
TSHF7NW6GCZ4DAAH,pink,style_0
TSHFVEV3ZHB43RYE,pink,style_0
JCKFJY5A8ADHFXDR,gray,style_0
TSHFXWJUBYGDGFWA,pink,style_0
TSHFVEV2RWBWTMTD,pink,style_0
SWSFVEV2YFEJKUCK,pink,style_0
TSHFDT67EUVKGZXF,white,style_0
TSHF4D6CCUHZHGES,gray,style_0
TSHFGZXPRDANESWX,white,style_0
TSHFVEV3FFEKFYHJ,pink,style_0
SWSFVEV2BWZJDJ46,pink,style_0
TSHFDT65X9GQND2T,pink,style_0
TSHFK3W7TGC5XFAN,white,style_0
TSHFZ3JDMWSNCRK3,gray,style_0
SWSFVEV28BVNNDMX,pink,style_0
TSHFXWJUCKHBUJ7E,white,style_0
TSHFXWJTWHNNJ8KJ,white,style_0
TSHFDT65BWDXYJVA,pink,style_0
SRTFVEVFYGP2TKAD,pink,style_1
SWSFJY5ZBGZK49ZB,pink,style_0
TSHFXWJTYDVKMSTA,pink,style_0
JCKFVEVFFZAFCRVP,pink,style_0
SWSFZ3XQDBXDQ8KG,gray,style_0
TSHFDT66EBGCJMGF,white,style_0
SWSF7NWC2DT8GKFT,white,style_0
TSHFDT65HJQPY2TX,pink,style_0
SRTF7M8BZKPSTFTK,pink,style_1
SRTFZ3JZVPRYG5ZA,white,style_1
TSHFDT65JGK2JGXA,white,style_0
JCKFVEVFGBEUKNDG,white,style_0
TSHFXWJRZWNUGX5E,white,style_0
TSHFZ3JD9Q4KJMVC,pink,style_0
TSHFZ3JDBGRZPGVD,white,style_0
TSHFK3W7ETNN2DG3,pink,style_0
JCKFJY5A8ADHFXDR,gray,style_0
TSHFZ3JD8YJDZUZS,white,style_0
TSHFZ3JEY889XVFZ,gray,style_0
TSHFDT65NK8EVG6C,white,style_0
SWSFVEV2YFEJKUCK,pink,style_0
SRTFK3W9VGBZC5JU,pink,style_1
TSHFXWJSBC4TTUFG,white,style_0
SWSFVEV2BWZJDJ46,pink,style_0
SRTFDT7GXSH6AGV4,white,style_1
TSHFGZXP7DXGUT7M,white,style_0
TSHFVEV3NUPR9DAS,pink,style_0
SWSFJY5ZBGZK49ZB,pink,style_0
TSHFDT66SYHGKZSP,pink,style_0
SRTFVEVFXZGJDUFE,pink,style_1
TSHFDT66TJMHWBKW,white,style_0
TSHFDT65HJF98WFH,pink,style_0
SWSFVEV28BVNNDMX,pink,style_0
TSHFDT65WZZDFUCB,white,style_0
TSHFK3W7VTSSHJGQ,white,style_0
TGTFDT8EZZNMZUZR,white,style_1
JCKFVEVFFZAFCRVP,pink,style_0
TSHFDT65E7EUBH5V,pink,style_0
TSHFDT66YEQHHNYN,white,style_0
TSHFDT65Y2WRHHK5,white,style_0
TKPFGZYSJZVUSSFU,pink,style_1
TSHFK3W7HBJDFGDZ,white,style_0
TSHFZ3JDZARF2ZX4,gray,style_0
TSHFZ3JD2MRMV67Z,pink,style_0
JCKFVEVFGBEUKNDG,white,style_0
TSHFK3W7JEQKGVXH,white,style_0
TSHFZ3JDHYMF5VBY,pink,style_0
SOCFNYGNWSJGMYQ9,white,style_1
SRTFZ3JZJA5WGTYP,pink,style_1
TSHFDT65RY9ZTBAE,white,style_0
JCKFJY5A8ADHFXDR,gray,style_0
SRTF7M8BJEUPP4Y3,pink,style_1
TSHFDT65MHAY9E8F,pink,style_0
TSHFZ3JDJVWHQAZQ,pink,style_0
SWSFVEV2B6EJHENH,pink,style_0
TSHFZ3JDGKS293ZK,pink,style_0
TSHFDT65DYMCGHNG,gray,style_0
TSHFGZXPFGGUCW6J,white,style_0
TSHFZ3JD8H4Z5NV7,pink,style_0
SWSFGZYNU2ATZVRW,white,style_0
SWSFVEV2BWZJDJ46,pink,style_0
TKPFGZYSZEWFKTP7,white,style_1
TSHFXWJSWQV85PJ5,pink,style_0
TSHFZ3JEVRDUBZ2K,gray,style_0
SWSFJY5ZBGZK49ZB,pink,style_0
SOCFNYGHCRES5ZZV,white,style_1
TSHF2ZF4UZX9HPYS,white,style_0
TSHFDT65UZ7FKUTX,white,style_0
JCKFVEVFFZAFCRVP,pink,style_0
SRTFZ3JZAHBVTVU9,white,style_1
TSHFVEV2P5F3FPM3,pink,style_0
TSHFK3W7FXSXZFPT,white,style_0
SWSFVEV2EETKDP3Y,pink,style_0
TSHFZ3JDEKDDNWNM,pink,style_0
SRTFDT7FBZEPFUYB,white,style_1
TSHFGZXQHEXBTF3E,pink,style_0
TSHFYH3GRRMAFBZU,gray,style_0
JCKFVEVFWGB2VAAY,white,style_0
TSHFDT65XCYS6ZPG,pink,style_0
TSHFDT66FPXYVU99,white,style_0
TSHFZ3JDMTMWCQR5,pink,style_0
JCKFJY5A8ADHFXDR,gray,style_0
TSHFZ3JDDGYKQ7GH,pink,style_0
TSHFVEV3QCMGTPT5,white,style_0
TSHFZ3JD5BXUWVUZ,pink,style_0
SOCFNYGYVVYNZXHR,white,style_1
TSHFZ3JDKXGPUGW9,black,style_0
TSHFK3W7YY5CMJ2D,black,style_0
TSHFZ3JD5PZWS23M,pink,style_0
TSHFZ3JDEFY5VDZH,black,style_0
TSHFZ3JEH2PY3FHN,pink,style_0
TSHFZ3JDCH3N9EAY,gray,style_0
TSHFZ3JDC4UPYVZH,pink,style_0
TSHFGZXPE7VVESGS,white,style_0
TSHFZ3JDCF5FHFCP,pink,style_0
SRTFVEVFGWDTWGX6,white,style_1
TSHFZ3JDNRTFYHVP,pink,style_0
SRTF7M8BXUE2KS97,pink,style_1
TSHFZ3JEH6XVG9RK,pink,style_0
SRTF7M8BUTV9HCX2,pink,style_1
TSHFZ3JDVKVKFCHD,pink,style_0
TSHFK3W7MSTU3BGS,white,style_0
TSHFZ3JDDRDCMG3Z,gray,style_0
SRTFZ3JZRRZWX9KJ,white,style_1
SRTFZ3JZPBBFZ9KC,white,style_1
SRTFVEVFFMSRZF9F,pink,style_1
SRTFGZY9URKYEP2H,white,style_1
SRTFZ3JZSKVZCRZJ,pink,style_1
SRTFDT7FAGUTMSVY,pink,style_1
SWSF7NWDXMGS3VZV,white,style_0
SRTFVEVFVAEDQKKN,white,style_1
TSHFDT65MUFPNVCV,gray,style_0
SRTFVEVF6FDZXPMH,white,style_1
TSHFZ3JDMHGYQGXV,pink,style_0
SRTFZ3JZ8XKPZ79F,white,style_1
TSHFK3W72ZGMZP8G,white,style_0
TSHFZ3JDKUAAFG5Z,pink,style_0
SRTFDT7F4C8YFKQY,pink,style_1
TSHFZ3JDZETJHQSR,gray,style_0
TKSF5WHGCR4JBXYZ,white,style_1
TSHFK3W72ZGMZP8G,white,style_0
SRTFDT7F9HKFJCG7,pink,style_1
TSHFZ3JDKUAAFG5Z,pink,style_0
SWSFVEV2YFEJKUCK,pink,style_0
SRTFDT7F4C8YFKQY,pink,style_1
TSHFZ3JDZETJHQSR,gray,style_0
SRTFVEVFQ6JSBCDG,pink,style_1
SWSFVEV2BWZJDJ46,pink,style_0
TSHFZ3JDJMGAWFXP,gray,style_0
TSHFZ3JDPWGDBJHS,gray,style_0
SRTFVEVFZABJSBRQ,pink,style_1
SWSFJY5ZBGZK49ZB,pink,style_0
SRTFVEVFUTHKBF96,pink,style_1
SRTFZ3JZDU3V7GSF,pink,style_1
TSHFK3W7PWWW2VHG,white,style_0
SWSFVEV28BVNNDMX,pink,style_0
TSHFZ3JD5XETHQB3,pink,style_0
TSHFZ3JDG8ZZQUZU,pink,style_0
SRTFGZY9ADBEVYHB,pink,style_1
JCKFVEVFFZAFCRVP,pink,style_0
SRTFDT7FWHBV6PV5,pink,style_1
SRTF7M8BFZFZB5WW,pink,style_1
SRTFZ3JZ6HU4ZCQQ,white,style_1
JCKFVEVFGBEUKNDG,white,style_0
SRTFZ3JZXJZEH6YZ,pink,style_1
SRTFVEVFVAQHVC8T,white,style_1
SRTFVEVF5TCXFDHF,pink,style_1
TSHFGZXPHZSZQVWP,pink,style_0
SRTFVEVFRXANCPXG,pink,style_1
JCKFJY5A8ADHFXDR,gray,style_0
SRTFVEVFXHDZESGV,pink,style_1
SRTFDT7FEWJBUJZG,pink,style_1
SRTFZ3JZFCRHBJAN,white,style_1
SWSFVEV2YFEJKUCK,pink,style_0
SRTFDT7F6YVGWSEZ,pink,style_1
SRTFK3W9DYHZZZRG,pink,style_1
SRTFZ3JZVXGXRTTH,white,style_1
SWSFVEV2BWZJDJ46,pink,style_0
SRTFZ3JZMJ5FFCGM,white,style_1
SRTFDT7FY3CFFNYV,pink,style_1
SRTFVEVFR6GW3JRV,pink,style_1
SWSFVEV28BVNNDMX,pink,style_0
SOCFNYGDJGVNMUSP,white,style_1
SWSFZZ3XH5PG9VZ4,white,style_0
TKPFYWGVKF2QHAQV,white,style_1
SOCFNYGCUAYSVHJH,white,style_1
SWSFJY5ZBGZK49ZB,pink,style_0
SRTFK3W9KZQHGZWY,pink,style_1
JCKFGZWZYW4HFB3C,white,style_0
SRTF5Q4Y3GGKQJHY,pink,style_1
JCKFVEVFFZAFCRVP,pink,style_0
SRTFGZY94GWAN3AW,pink,style_1
JCKFVEVFQUSMDN6Y,black,style_0
SRTFK3W9EBJXD8SY,pink,style_1
SRTFK3W98987E5PU,pink,style_1
SRTFGZY9UCFAAEHM,pink,style_1
SRTFVEVF24QFK8NE,pink,style_1
SRTFZ3JZSSVQNJPH,gray,style_1
JCKFVEVFGBEUKNDG,white,style_0
TKPFGGWJMDQFKZ5Y,white,style_1
SRTFGZY9K8CKWTVP,pink,style_1
SRTFDT7F8K7VAFWA,pink,style_1
JCKFJY5A8ADHFXDR,gray,style_0
RNCFTPBHGZYYDHC7,white,style_0
TMLEBYQEV89DAEFB,brown,style_1
TMLEEYH6HFZJWXF3,white,style_0
CTPFCWQE8AW9SA2H,white,style_1
CTPEJB94Q9YYT32U,white,style_1
CTPE8N2YRQ6HJJGK,white,style_1
CTPEFTS6GPPP7PNJ,white,style_1
CTPEHCFCPMKMJEJB,white,style_1
CTPECRYPTRDSBZHJ,white,style_1
CTPEM2CFEA9VGE4V,white,style_1
CTPEM2CYSPPJFRHZ,white,style_1
CTPEJB94HDRHGMSK,white,style_1
CTPEHCFCWFFEFGGD,white,style_1
CTPEG2YGFEJRXGD2,white,style_1
CTPEA93ECJWHMZFN,white,style_1
CTPEZ644AUNCGYPF,white,style_1
CTPEZ77YGAWYZYYE,white,style_1
CTPEG2YH5RXXVJNA,white,style_1
CTPEZ77YNJZM2JH5,gray,style_1
CTPEZ77YX6YGTZWR,white,style_1
CTPFDY3G8UZC9MXX,white,style_1
CTPEG2YJZBF7HUHD,white,style_1
CTPEZ77Y4EPNQCFW,white,style_1
CTPEZ77YKZVAMAW7,white,style_1
CTPEZ77YKHCTH6Z2,purple,style_1
CTPEZ77YEYCG4FZK,white,style_1
CTPEG2YJVNZDVBXT,white,style_1
CTPEG2YHVJFTUTQ9,white,style_1
CTPEG2YJB8U9ZHWJ,white,style_1
CTPEZ77YGUPSQKCZ,white,style_1
CTPEG2YHMGXFK3BZ,white,style_1
CTPEM2CY8UHFGYAB,white,style_1
CTPEG2YJEGEMK3NN,white,style_1
CTPEM2CYUXHFMCMR,white,style_1
CTPEFTS7MUVQ39D2,white,style_1
CTPEFTS7494XMVYE,white,style_1
CTPEZ77Y9WJSHKHE,gray,style_1
CTPEFTTEUZHHFA87,white,style_1
CTPEBYMJZZHH7TYE,white,style_1
CTPEG2YGRXFH8THS,white,style_1
CTPEG2YHATF5QFHF,white,style_1
CTPEJMM8HJBGC4KP,white,style_1
CTPEFTTEP2DDUTZ4,white,style_1
CTPEFTS7RN9YZFFQ,white,style_1
CTPES7KMYKHQJNHW,white,style_1
CTPEFTS7FW6DGGUG,white,style_1
CTPES7KKJFSYGXTN,white,style_1
CTPEM2CYFZHFF346,white,style_1
CTPEZ77YZUQA9ANM,white,style_1
CTPES7KF6PRTW6DY,white,style_1
CTPEFTS6C59KEXP2,white,style_1
CTPE8N2YRHVQYGF5,white,style_1
CTPEM2CFHA4HMUWA,white,style_1
CTPEM2CFTD3STZVV,white,style_1
CTPEM2CFAFHV8BBR,white,style_1
CTPEM2C2JP2MGZRR,white,style_1
CTPEFTS65VWUPGET,white,style_1
CTPEFTS5P9CSHNKA,white,style_1
CTPE8N2YBYBCJFKY,white,style_1
CTPEFTS6HJSGYUGN,white,style_1
CTPEM2CFVHG3FKHF,white,style_1
CTPEM2CFCKJ3EFRY,white,style_1
CTPEFTTEFUADASSX,white,style_1
CTPEM2CYHNFDGE4Y,white,style_1
CTPEM2CFMTUPNUTG,white,style_1
CTPEBYMJFNEWP62T,white,style_1
CTPEM2CY4Z3Y7STA,white,style_1
CTPEFTS6ZZRGDTAW,white,style_1
CTPES8HGDS7THHGM,white,style_1
CTPES8HGEFEZZRQV,gray,style_1
CTPE8N2YTCDZ7KYH,brown,style_1
CTPE8N2YMQ5RDCXC,white,style_1
CTPES8HG8R9REZD3,white,style_1
CTPE8N2Y33JPAE9R,pink,style_1
CTPEM2CFSGUVKRFA,white,style_1
CTPEG2YJY8HWFD63,white,style_1
CTPEG2YGPRGKKAZZ,white,style_1
CTPEFTS73XP9MDJY,white,style_1
CTPEYQGRXZZXHBTV,white,style_1
CTPEG2YJJYH3EUJP,white,style_1
CTPES7KM4XZ44FEH,white,style_1
CTPEG2YGZERRJG5Y,white,style_1
CTPEFTS6CEVYAG3G,white,style_1
CTPEG2YJUV3XZVUF,white,style_1
CTPES7KKFQ2DEHDG,white,style_1
CTPEM2CYSK64GTKB,white,style_1
CTPEM2CYDRKEDSC9,white,style_1
CTPES7KKZVETA8CH,white,style_1
CTPE8N2YAYZY5VEP,white,style_1
CTPEM2C2WMUBVFHP,white,style_1
CTPEM2CYYNSNHRPS,white,style_1
CTPEG2YGFC8MGGCB,white,style_1
CTPEG6GQB6VS65CH,white,style_1
CTPEM2CFGP4PME4U,white,style_1
CTPEM2CYZAVMZVVE,white,style_1
CTPEFTTEZVZXZZQZ,white,style_1
CTPEG6GQUTHEJHFV,white,style_1
CTPEM2CFQPSJGRRZ,white,style_1
CTPEFTS6UAB5SAGR,white,style_1
CTPEG2YG66EQQGCQ,white,style_1
CTPEG2YGGFKP9KGH,white,style_1
CTPE8N2YQJ8DYERD,white,style_1
CTPEG2YGSQ6DBGZ2,white,style_1
CTPEM2CFGZMGBYZV,white,style_1
CTPEDGH6KYKZEDHU,white,style_1
CTPEG2YGASMWDRHQ,white,style_1
CTPE8N2YTTRBCXVG,gray,style_1
CTPES8HGXCHYZ4WN,white,style_1
CTPEBYMJ5Y6FHRYH,white,style_1
CTPE8N2YZ9FMHHF3,gray,style_1
CTPEG6GQMBHKAWKM,white,style_1
CTPE8N2YFUTGGJ5K,gray,style_1
CTPEZ644BUYFTHCE,white,style_1
CTPEBYMJHE8V2ZKN,pink,style_1
CTPEM2C2HRZHNGMB,white,style_1
CTPEFTS7UDN3PRSF,white,style_1
CTPEM2CYQTPWYBDC,white,style_1
CTPES8HGVFEYHTAA,white,style_1
CTPEG6GQZRV95NPH,white,style_1
CTPEA93ENDRTJ5BY,pink,style_1
CTPE93GZF3WRZSCW,white,style_1
CTPEBYMJP4XYCK6J,white,style_1
CTPEDGH6GMHQEZKW,white,style_1
CTPEFTS6Q2KSMFGN,white,style_1
CTPE8NHH483CZ9GG,gray,style_1
CTPEA93ET9K5GFKR,white,style_1
CTPEM2CF3NZUDFSZ,white,style_1
CTPEA93E4MNHXP4X,white,style_1
CTPEBYMJAGQEKBSD,gray,style_1
CTPEFTS6AS6THXWV,white,style_1
CTPEG6GQPY7JHZBB,white,style_1
CTPE8N2YG2M7WRRJ,gray,style_1
CTPEG6GQDKYPWMDM,white,style_1
CTPEG2YGWCNYYGHT,white,style_1
CTPEBYMJRVDPBKUW,gray,style_1
CTPEG2YJD9CDJMY5,white,style_1
CTPEG2YGY6SAUEM7,white,style_1
CTPEA9ZF6HUZHVTF,gray,style_1
CTPEG6GQQZYKVZSZ,white,style_1
CTPE8N2YAHAZYDBD,gray,style_1
CTPEDKKYAJHVYZVS,white,style_1
CTPE68FGR8CDQFHG,white,style_1
CTPEM2CY2ZYPT5XB,white,style_1
CTPEM2C2CRTUHAEC,white,style_1
CTPEJB94DTVZQ3VN,white,style_1
CTPEG6GQFSGPJVH9,white,style_1
CTPE8N2FRCMSFFRU,brown,style_1
CTPEG6GQJSWKCGSF,white,style_1
CTPEA93EWSYDQFPR,pink,style_1
CTPEA93E4AHM4NZE,white,style_1
CTPEDGH6HKHGNU7P,white,style_1
CTPEA93E5YBXMFWH,white,style_1
CTPEA93EFKAJJGZP,black,style_1
CTPEBYMJGRFFUZTE,white,style_1
CTPEA93EFETYYDDM,black,style_1
CTPE68FGDGCRDQFZ,white,style_1
CTPEA9ZFQN97MTPG,white,style_1
CTPEA9ZFKWAV9RBG,white,style_1
CTPEG6GQSMB5TJMQ,white,style_1
CTPEM2CFDWENYJRS,white,style_1
CTPEG6GQZSTJK8CH,white,style_1
CTPEBYMJURZV6GFF,white,style_1
CTPEG6GQYDQUQNYH,white,style_1
CTPECRYPGHN4JMTD,white,style_1
CTPEA93EJRA2E5MP,black,style_1
CTPEG6GQCBHEADHT,white,style_1
CTPEJB94P7ERBDMD,white,style_1
CTPEHCKCEKYHGVUZ,white,style_1
CTPEG6GQFHFZFQQE,white,style_1
CTPEG2YGQTSD78MG,white,style_1
CTPEA93ERGZZ9Z7N,white,style_1
CTPE93GZ5XEZG7AE,gray,style_1
CTPEG6GQYENMNBAZ,white,style_1
CTPEM2C2KM5UZSEF,white,style_1
CTPEA93EVGRVGMF3,black,style_1
CTPEHCFCANSG42G6,white,style_1
CTPEJB94KAH8ZDWW,white,style_1
CTPE93GZEMZBWHSG,white,style_1
CTPEA93EZDRWAVZJ,white,style_1
CTPE68FGMGZMHYND,white,style_1
CTPE8N2F6GFZC4EZ,gray,style_1
CTPEA93EF8GHWTHG,gray,style_1
CTPEA93EWZWMYJ4G,white,style_1
CTPE8N2YVBTTGXHZ,white,style_1
CTPE8N2Y3DTTKEMA,gray,style_1
CTPE8N2YBB6GGKMJ,gray,style_1
CTPEG6GQGEEEVC7N,white,style_1
CTPECRYPR5K9CEZX,white,style_1
CTPECRYPYNPSSNZF,white,style_1
CTPEHCFCKCSJA6SF,white,style_1
CTPEA9ZFSVGFVGKQ,white,style_1
CTPEJB94GXXSBDSZ,white,style_1
CTPEG2YJVGC9MTFJ,white,style_1
CTPEDGH6ZEXUXG3U,white,style_1
CTPE68FGWZZRXSJH,white,style_1
CTPEFTS7NGREGHYN,white,style_1
CTPEBYMJUEXZKHWT,gray,style_1
CTPEM2CFZZ9HYQRN,white,style_1
CTPEFTTFY2AKJ6HX,white,style_1
CTPEZ77YXG7GKT8R,white,style_1
CTPEHCGZG3KHGDGH,white,style_1
CTPE93GYWRKCDPHS,pink,style_1
CTPEFTS6PUGQYJ2Z,white,style_1
CTPFBM2GGNGA9NBR,white,style_1
CTPEHCFCHGYKW53W,white,style_1
CTPECRYPHJFDSP8H,white,style_1
CTPFBM2GYG3MXGSC,white,style_1
CTPEHCFCGURJUHG8,white,style_1
CTPEJB94TEKCWR7H,white,style_1
CTPFBM2GP6GZHKPP,white,style_1
CTPEHCKCWJTXG2XF,white,style_1
CTPEFTS7QYTZVAWF,white,style_1
CTPEM2C2KYH97MSV,white,style_1
CTPE93GYWHXZSQZK,white,style_1
CTPEHCEZCACZDE96,white,style_1
CTPEDGH6PBUDG4JD,white,style_1
CTPEJB94FBGJNQ86,white,style_1
CTPEJB9449R23KTW,white,style_1
CTPEFTTE6HFGZ5ZG,white,style_1
CTPE93GZ2R86ZZBA,pink,style_1
CTPE93GY6RSQEUKM,pink,style_1
CTPEA9ZFE3NAPZS2,white,style_1
CTPEG2YGFYFQWARP,white,style_1
CTPEJMM7FAPMA4JK,white,style_1
CTPEHCGZCSGQJVKZ,white,style_1
CTPEA93E89BMNRZK,white,style_1
CTPEA93E2H5VRQJS,white,style_1
CTPEHCFCZXNEUEGP,white,style_1
CTPEM2CF4STYYFVW,white,style_1
CTPEM2CFZSAZKQDJ,white,style_1
CTPEHCFCWBJT5U8P,white,style_1
CTPEHCFCEB9CNNQ4,white,style_1
CTPEA9ZFH9HNHAZ2,white,style_1
CTPEFTTFCZKMVD6D,white,style_1
CTPEA93EREF2THFP,white,style_1
CTPECRYPUZWHJZTU,white,style_1
CTPECRYPEUBGYFBE,white,style_1
CTPEA93EZXHZWD4C,white,style_1
CTPE68FG4RNYYQYV,white,style_1
CTPEHCEPKHHACGAA,white,style_1
CTPEA93EYCWCDH7M,pink,style_1
CTPEM2CY3SUR8PDX,white,style_1
CTPEG6GQHUKEM8EW,white,style_1
CTPEFTS5RAYWMNQX,gray,style_1
CTPEA9ZFNTYSP4DY,white,style_1
CTPEFDVVHCYFFM2C,white,style_1
CTPEFTS6CVZKEMSZ,white,style_1
CTPEA9ZFNTYSP4DY,white,style_1
CTPEFDVVHCYFFM2C,white,style_1
CTPEFTS6CVZKEMSZ,white,style_1
CTPECRYPXYH3TSKP,white,style_1
CTPEHCFCH4DF8JDY,white,style_1
CTPESBSKZHDJZ23R,white,style_1
CTPESBSUKHYWEG6F,white,style_1
CTPECRYPVCHC5VMY,white,style_1
CTPESBSKGGHU22G3,white,style_1
CTPESBSVU5MMXQY9,white,style_1
CTPESBUCURYFADKU,white,style_1
CTPESBSH5PXAG4QQ,white,style_1
CTPESBWYZXYHDEZG,white,style_1
CTPESBSUUCUWSZM6,white,style_1
CTPESBSWRACEWDPA,white,style_1
CTPESBSUH8S69WTD,white,style_1
CTPESBSKUEFZCZPY,pink,style_1
CTPESBSNFWXJET4H,pink,style_1
CTPESBSWQQDGFEHG,white,style_1
CTPESBSUNGPGXGH5,white,style_1
CTPESBSW7YHZT4TZ,white,style_1
CTPESBSHFVJDHWJ4,white,style_1
CTPESBSKH5GBZYFH,white,style_1
CTPESBSHSGDQDJCV,white,style_1
CTPESBSV2FSR65MG,white,style_1
CTPESBSWU5EJQ46W,white,style_1
CTPESBSUT7DJSSHK,white,style_1
CTPESBUCXY6ZYGRT,white,style_1
CTPESBUCKZHNUB6U,white,style_1
CTPFBM2HPBZF4KT8,white,style_1
CTPFBM2H4GPGGBYK,white,style_1
CTPFBM2H7QUPFAWH,white,style_1
CTPEJG78BYMCJCNV,white,style_1
CTPEJG76ABTZGXYQ,white,style_1
CTPEJG77UGBMV9BV,white,style_1
CTPFBM2G7GTAYHNP,white,style_1
CTPEJG78HYG7WYGJ,white,style_1
CTPEJG78Q7J6U8H7,white,style_1
CTPEJG78ERJK5CD5,white,style_1
CTPEJG76TRQUHNHK,white,style_1
CTPEJG78WCNDYZYR,white,style_1
CTPEJG78J5EJD5PM,white,style_1
CTPFBM3YAFPJNVDV,white,style_1
CTPESBSVC3YPMRVP,white,style_1
CTPEJG78FFH947RV,white,style_1
CTPEJG77CBMJV6EN,white,style_1
CTPEJG78P9D9YCGE,white,style_1
CTPEJG786CYRZEAC,white,style_1
CTPFBM2GJNHMZKBG,white,style_1
CTPESBSUVJDAGQHA,white,style_1
CTPESBSHFVGCG9Y6,white,style_1
CTPEJG78PQHD2WGZ,white,style_1
CTPEJHVHEWYN8FDZ,white,style_1
CTPESBSTAT6XHE3C,white,style_1
CTPE8N2YZWCUVZ8F,pink,style_1
CTPEZ77Y5VBXPGJC,brown,style_1
CTPEHCEZFWCF6U25,white,style_1
CTPE68FGXK3WMPBM,white,style_1
CTPES7KEW8HRFQZT,white,style_1
TROFYZ5VQCRJ3WBH,white,style_1
TROFYZ5VZSJHVYKF,gray,style_1
TROFYZ5VHKZZN8DN,white,style_1
TROFYZ5VTWFRURAA,white,style_1
TROFYZ5VBGUHGNZF,white,style_1
TROFYZ5VHPYYKEKY,white,style_1
TROFYZ5V6YYCKHF5,white,style_1
TROFYZ5VFZGHHYDG,white,style_1
TROFYZ5VRPSZGBM2,white,style_1
NSTFUTC4ZC8WFF9U,white,style_0
NSTFXK9NZMTEDJCR,white,style_0
NSTFXK9YY3GHFYJT,white,style_0
NSTFU5WDKQHS9QCM,white,style_0
NSTFUYHQW7K5FUFT,white,style_0
NSTFWFZZK6ASEJTJ,white,style_0
NSTF6WFRAF5ZBWKP,white,style_0
NSTFUTC4FPVYFE2S,gray,style_0
NSTFU5WDVCPUKYTG,white,style_1
NSTFU5WSUYASZ7RZ,white,style_0
NSTFHZY9QHYYNQR2,white,style_0
NSTF6WFREY4USZSB,purple,style_0
NSTF6WFRBJYASAXR,white,style_0
TSHES4E2GBEZEAPG,purple,style_0
TSHES4E2MYTF3HVB,black,style_0
TSHES4E2XHAN2CMJ,brown,style_0
TSHES4ECH68XZQRH,white,style_0
TSHES4EB5CEYYNRN,black,style_0
TSHF48ZZDNGVEWTM,white,style_0
SWSF8922BU4D7VKD,gray,style_0
SWSFM8JXJWJGZR55,brown,style_0
SWSF9W5YHFAAHNJZ,white,style_0
SWSFM8JWP5HSVMZQ,gray,style_0
TSHEU7DA7YUZ4BZC,brown,style_0
SWSF9W59YQWQCVWN,white,style_0
SWTFMARSGQZRZQU3,white,style_0
JCKFJQF4YTEWSAHZ,white,style_0
TSHF49NEXYSEJNFZ,gray,style_0
SWSF8922HZBBBT6W,black,style_0
SWTFMARSGHPNXTJY,white,style_0
SWTFMART7TBXGARV,gray,style_0
PLOFJQJFDMRNWQKB,white,style_0
PLOFJQJFTRHGHBXJ,white,style_0
CGNFHPNXDY52XHSR,gray,style_0
TSHEU8GW7XHAAYRH,gray,style_0
TSHEU7D9CYG5GHWU,white,style_0
SWSF8922F2GZNBKH,white,style_0
TSHEUJ45JYEUYQGE,pink,style_0
TSHEUUPDTD5AKZP2,gray,style_0
TSHEU7DUBHH5GUDW,black,style_0
TSHEU7D9RFAGSBKD,white,style_1
TSHEU7DUUNJ8ASQ4,gray,style_0
TSHEUGQXQGAZVBVY,gray,style_0
TSHFWAZQDKFZBCXS,orange,style_0
TSHF49NE63VGZNYK,pink,style_0
TSHF46FFXDMZWDMB,black,style_0
TSHF48ZZXGB5VUZY,white,style_0
TSHEVMX5FW6M82FA,gray,style_0
TSHEUJ44HVSVX6JF,white,style_0
TSHEVMXZJQ4FHWWN,white,style_0
TSHF387FG7GXSNTT,gray,style_0
TSHEUJ44STX6VWNS,white,style_0
TSHEU7DSSQGESYNH,gray,style_0
TSHEU8QEZEN6CPJQ,gray,style_0
TSHEU7DUG9V5PVVK,gray,style_0
TSHEU7DTWFAARU8A,brown,style_0
TSHEUVZFTZYDEM22,gray,style_0
TSHEUWYXFQVAFFRW,gray,style_0
TSHEUWFHTABRZGZA,gray,style_0
TSHEU7DAWHEQMADT,white,style_0
TSHEU7DUDEAJXHYG,gray,style_0
TSHEU7DTUYMHMGW6,gray,style_0
TSHEUW4G7HAZJSWA,gray,style_0
TSHEU7DT4BH5DPRY,gray,style_0
TSHFWAZQD5RHVBSG,gray,style_0
TSHEUW4QHJ3JYZMR,pink,style_0
TSHEU7DUJPQMREVM,pink,style_0
TSHFWAZQXGCHUETH,gray,style_0
TSHEU7DTRVFUGGNH,white,style_0
TSHFWAZQBRCM6VDX,pink,style_0
TSHEUW5CNJDFJHS2,brown,style_0
TSHFWAZQPWVT4RHP,black,style_0
TSHEUP779ZGHTYTM,gray,style_0
SWSFM8JWHUKWYZZY,gray,style_0
TSHF48ZZX6PGKHFK,gray,style_0
TSHFWAZQTF4N9VTF,pink,style_0
TSHEU8GWX3CDCYHZ,brown,style_0
TSHFWAZQDHSG5GG9,brown,style_0
TSHF7CRTWTJTRAJN,white,style_0
TSHEVMX55GFBCHPH,pink,style_0
TSHEVMX66HHUNJTR,pink,style_0
TSHEVMX5MZJXCCYY,gray,style_0
TSHEVMX5CRDRHHTU,gray,style_0
TSHF49NEAZK7HWMQ,brown,style_0
TSHEUJ45KYJRDGDF,gray,style_0
TSHEVMX6DTSUERRQ,gray,style_0
TSHEVMXZFRVQWP3Y,gray,style_0
TSHEUJ4VFYTMZTXZ,gray,style_0
TSHF46FFFWG5SRUF,brown,style_0
TSHF4PEYBVHGNRGG,white,style_0
TSHEVQYFFHSKUURR,pink,style_0
TSHF46FF7QDWDTQ3,gray,style_0
TSHF4PEYKNNXTDUA,gray,style_0
TSHEVMX5JBSBUTCV,gray,style_0
SWSFHHR4B7QNFBRR,black,style_0
TSHFFQYGTPBAHPZ3,gray,style_0
TSHFFQFZGCGNWYRD,brown,style_0
TSHF4PEYGHJEQJKM,brown,style_0
TSHFFQYYWSPU7NRM,white,style_0
TSHF46FF5EQMP4PT,white,style_0
TSHEUJ4VWCYQXMXG,gray,style_0
TSHF387DRGFVGA9R,gray,style_0
TSHEUJ44C3EHJ6A7,brown,style_0
TSHFFQ27ECZCNHYC,black,style_0
TSHF46FF9RHMQN8G,white,style_0
TSHFFQYGHHXCRMJP,pink,style_0
TSHF743BX74XGNNX,white,style_0
TSHFFQYH6Q2RYKSV,pink,style_0
TSHEVMXZPERHKHXG,white,style_0
TSHEVMXZZRY9EM39,gray,style_0
TSHF48PYPU8XP7Y4,gray,style_0
TSHF49QZZHEXKNKP,gray,style_0
TSHF48QFZBWZM4CY,pink,style_0
SWSF9W7R6GMAHKF6,black,style_0
TSHFFPZZNWT2C4WC,purple,style_0
TSHF48ZZQMXGFP6H,pink,style_0
TSHFFQYVQZYUECHQ,black,style_0
TSHF48ZZ2TF7XHZW,white,style_0
TSHF7CZWDBKM4XJA,white,style_0
SWSF9W528G7VEGCV,black,style_0
TSHF46FFTPGSG7ZD,gray,style_0
TSHF48PYST4NTUGJ,gray,style_0
TSHF48PYS4RGMYWK,brown,style_0
TSHF742RH3JHH8VG,white,style_0
TSHEU7DSTHZ3D56B,white,style_0
SWSFM8JWZX8GQA5X,gray,style_0
SWSF8922HYCYKXP6,black,style_0
SWSFM8JWZFWYGKJC,gray,style_0
SWSF8922UDUGPF8Q,white,style_0
SWSFM8JWVRWGGFSD,gray,style_0
TSHF7CPR5WJZYWUY,brown,style_0
TSHF743TG8GC6ZHY,white,style_0
SWSFJQE7KCR7WSPJ,white,style_0
TSHEUVYHM7CDGDYQ,white,style_0
TSHEU7DABNTXZR75,brown,style_0
TSHEU7DTRZDFUEZB,pink,style_0
TSHF7CR8RNSG5APJ,brown,style_0
TSHEUUTYSXSH8W8Q,white,style_0
SWSFM8JWZXQZFYHK,brown,style_0
TSHEV8EFSHUQ8TN5,pink,style_0
SWSFM8JWFGZTKZQM,gray,style_0
SWSFM8JWGHPKHHKG,brown,style_0
SWSFM8JWPMPGHGW7,gray,style_0
SWSFM8JWXH5ZMHHZ,white,style_0
TSHEUP5NZAAEH9TU,gray,style_0
SWSF8923XWJZPQNZ,gray,style_0
SWSFM8JWHGXUN9TC,black,style_0
SWSFM8JWJUBPH6HZ,pink,style_0
TSHF7CQ4PEDTSSKN,pink,style_0
TSHF4PEYK94CHFPB,gray,style_0
SWSF9W55Y5VFDDY4,gray,style_0
SWSFM8JW4HP8PTVG,gray,style_0
SWSFM8JW8UZHZW4G,brown,style_0
TSHEVMX6AGEHWYGM,white,style_0
TSHEU7D9H5TSEGV6,gray,style_0
SWSFJQE6ZFYVXREZ,white,style_0
TSHEUJ44BYJR9VRE,white,style_0
TSHF4PEYK4GXYN7J,black,style_0
SWSF9ZBTHZNCVM4R,black,style_0
TSHEUJ44Z3GWCRZG,white,style_0
TSHEVMXZJ56HF6NA,gray,style_0
TSHEVMX6XUZ8J5S2,white,style_0
TSHF46FFZSW8RU2W,white,style_0
SWSFJQE6QR9NMRZN,white,style_0
SWSF89232VCDHZVP,gray,style_0
TSHF743YMZ5YAZZP,white,style_0
SWSFM8JWS8ZGGQ3R,brown,style_0
TSHEVQYF6ASZJ6TC,gray,style_0
TSHFFQYYQPDDHDY6,white,style_0
SWSFJQE64G6WTAGN,white,style_0
SWSFJQE7YEEZTMWG,white,style_0
SWTFY83XBYN5D4HG,white,style_0
TSHF7CPKFW4BNMN9,white,style_0
TSHFFQYYH5G44DSR,gray,style_0
SWSF8922RG3WV7PZ,gray,style_0
SWSF9W7QAKGVV7UH,white,style_0
TSHFWAZQ4ZF9ZDDN,brown,style_0
JCKFJQF3CDNGRBGC,white,style_0
TSHF48ZZAGGDJECC,brown,style_0
JCKFJQF4NVJYTJ2T,white,style_0
SWSFM8JWB2WAM5MV,pink,style_0
SWSFJQE64Q9JQQQH,white,style_0
SWSFM8JWBHHSHZBH,white,style_0
SWTFMARTZVUY7MAY,white,style_0
SWTFMARSFXNNRSKW,gray,style_0
SWSFJQE7ZZFPT4ZR,white,style_0
PLOFHHR89FYEFVBH,brown,style_0
SWTFMARTNHCDE56Y,gray,style_0
PLOFJQJDCBUA9S9B,white,style_0
SWTFMARTTT9GQF8G,gray,style_0
SWTFMARTMHFAMZNK,pink,style_0
SWTFMARSWWHKZJ7N,black,style_0
PLOF894GHKCH33YU,gray,style_0
PLOFM8E4NZPBPXMT,black,style_0
PLOFM8E4NCGXY2U9,black,style_0
PLOFHJZCPVTVVNNK,white,style_0
PLOFM8E4VGVU9W54,pink,style_0
PLOFJQJF5C2Y5CZQ,white,style_0
PLOFJQJD8WJBCADX,white,style_0
PLOFJQKGWKENZKZY,white,style_0
PLOFJQJJZHTYZBXT,white,style_0
PLOF894HWEVGUWZY,gray,style_0
PLOFM8E4CNPHSEZ9,black,style_0
PLOFJQPA7ACHRYNZ,white,style_0
SHTFZ6FVTSZS3KH7,pink,style_0
SHTFZ539CGBMVCGW,pink,style_0
SHTFZ6FVBKGN9CZK,pink,style_0
SHTFZPYJ4M3QKBE8,white,style_0
TKPFWXYGFHUMTYMS,white,style_1
WSCFWVPXSGKXFHGP,white,style_0
SHTFZ746ZHNABUT3,pink,style_0
SHTFZ746NKBCMWE6,pink,style_0
TKPFWXYH9GQKJQXT,white,style_1
SHTFVE66CDHAFQZD,white,style_0
SHTFZ5WHR4NZV3YE,pink,style_0
TKPFWXYH9DXMPBUW,white,style_1
SHTFZ746HNHYP6TH,pink,style_0
SHTFZ7468FGXU7KY,pink,style_0
SHTFV9WTBHK4C2YK,white,style_0
TKPFWXYHUVSPX93S,black,style_1
WSCFYM24QSPPSNRT,white,style_1
TKPFWXYHARNRPPHD,black,style_1
SHTFVE66S9CNZFZZ,white,style_0
TKPFWXYHSWGMTGYY,white,style_1
SHTFZ6FVQBZGZQ9V,pink,style_0
SHTFZ539KSUFBY63,pink,style_0
TKPFWXYHC9Q2HVDA,brown,style_1
SHTFZNSJC2BPWMDA,gray,style_0
SHTFZNSJRTXSGGXG,black,style_0
SHTFZ539V5ZGYAYF,pink,style_0
TKPFWXYGBQBAUHJE,black,style_1
SHTFV9WTSZRKXZPD,white,style_0
TKPFWXYHRW2ZCXXZ,black,style_1
TKPFWXYGZFAVDZZC,white,style_1
SHTFZ6FVPYGPYHZY,pink,style_0
TKPFWXYHEHX2QVZQ,white,style_1
TKPFWXYH9DXMPBUW,white,style_1
SHTFZPYJZU5X4JFJ,pink,style_0
TKPFWXYHC9Q2HVDA,brown,style_1
SHTFZ5WHADBMDYMW,pink,style_0
TKPFWXYHXANGKGHZ,brown,style_1
SHTFZ5WHYPHWWH2G,pink,style_0
SHTFZ6FVJD5CVGY3,pink,style_0
SHTFZ6FV3RZA2PHE,pink,style_0
TKPFWXYGHGWZQFU8,white,style_1
SRTFYZFY7BXHR6BU,pink,style_1
TKPFWXYHDKSGGJMX,white,style_1
SHTFVE66DWUPYPBP,white,style_0
SRTFYZFYA7NFPYEM,pink,style_1
SHTFZ6FVFV98HBYE,pink,style_0
SHTFZPYJHYDDFWTZ,white,style_0
SHTFZ5WHHJ6ZJVYF,pink,style_0
TKPFWXYH9GQKJQXT,white,style_1
SHTFVE66GRVJQHGR,white,style_0
SHTFZ746AKFPZ7MG,pink,style_0
SHTFZNSJRAQKXFHD,pink,style_0
TKPFWXYHUVSPX93S,black,style_1
SHTFZPYJEAF5RZTD,white,style_0
TKPFWXYHSWGMTGYY,white,style_1
SHTFWWYXZWCPZQFZ,white,style_0
SHTFVE663ZP7ZWPC,white,style_0
SHTFVE664AJWEHNT,white,style_0
SHTFZ746DXDHGY3W,pink,style_0
SHTFV9WU9ZZHGYE3,white,style_0
SHTFV9WUGWHG9DUH,white,style_0
SHTFVE66E2XAPHRE,white,style_0
SHTFWWYXYDAYYKRF,white,style_0
TKPFWXYHXANGKGHZ,brown,style_1
SHTFWWYXRK8KHXDR,white,style_0
SHTFVE66AHGFBJQV,white,style_0
SHTFWREF4BF9SGXD,white,style_0
SHTFV9WTXQ9ZM6NB,white,style_0
SHTFZPYJFWZSHHSB,white,style_0
SRTFYZFYDNWQWECU,pink,style_1
SHTFZ6FVFHWKNWZB,pink,style_0
SHTFWSJFTHQSFQMQ,white,style_0
SRTFYZFYTPRWCSST,pink,style_1
SHTFV9XCQWZVH7CN,white,style_0
WSCFYHWQ33TC9VDA,white,style_0
SHTFVE66KF637GUQ,white,style_0
SHTFVE66EA5N2DE8,white,style_0
SHTFYGKDA3ZSBVSH,white,style_0
SHTFWWYXCNFYWVZB,white,style_0
TKPFWXYH9GQKJQXT,white,style_1
SHTFWREYG4PQBF5K,white,style_0
SHTFZ5WHCGQFX8SW,pink,style_0
SHTFWREYRV8ZHSEQ,white,style_1
TKPFWXYH9DXMPBUW,white,style_1
SHTFVE665VZAPRTG,white,style_1
SHTFV9TXZHRFRFNJ,white,style_0
SHTFV9WTHE8FTBGZ,white,style_0
SHTFV9WUMRBH9CJN,white,style_1
SHTFZ539ZFUXU7MY,pink,style_0
TKPFWXYHUVSPX93S,black,style_1
SHTFV9WTF2D7GFWZ,white,style_0
SHTFZ746HVJBFCGM,pink,style_0
SHTFVE66NTJM7MCU,white,style_0
SHTFV9WTRFSR53DB,white,style_1
SHTFVE66TC3A7RNX,white,style_0
TKPFWXYHXANGKGHZ,brown,style_1
SHTFVE66H6JYTZYU,white,style_0
SHTFVE66WNFHZTK4,white,style_0
SHTFV9TXNTTA9JTZ,white,style_0
SHTFZ7462FAKY8YZ,pink,style_0
WSCFYGGMQGZF2YXZ,gray,style_0
SHTFVE66MBTPHN3Y,white,style_0
SHTFVE664X3HHXXB,white,style_0
SHTFVE66BEJTJ7ME,white,style_0
SHTFVE66KSE3MZ75,white,style_0
SHTFV9XRRVX9NZG4,white,style_0
WSCFWVPX4GZEGGBG,white,style_0
WSCFYGGMZNFU2BBF,white,style_0
WSCFYGGMEGYMHSZB,gray,style_0
SHTFV9WASKUNHTCT,white,style_0
SHTFV9XTEYPTPQ5N,white,style_0
TKPFWXYH9GQKJQXT,white,style_1
SHTFV9X3CRSZSY9H,white,style_0
TROFUJFHTKZSPUQJ,white,style_1
TROFTQUEXTUGDPZH,pink,style_1
CRGFMUS8S8BWHVJ3,white,style_1
JCKFY6HR34AW28PV,black,style_0
TROFY54QMXMABM8Z,white,style_1
JEAFTG74PWTTFHJE,white,style_1
SRTFUFTSFUSAUCB6,white,style_1
SRTFUG3CWZBAPWBT,white,style_1
JCKFYBYRHXXX9FA8,black,style_0
TROFVHYNYG5QHPZJ,white,style_1
BXRFN4R5J2ZQGECJ,white,style_1
BXRFN4R5QYDQUETQ,white,style_1
BXRFN4R5J8YGQ9ZV,white,style_1
BXRFN4R5XWVNCYWP,white,style_1
SRTFUFTSWHXTUBFH,white,style_1
JCKFYBYR9XYCEPMG,black,style_0
SRTFMTTKNKSHEH47,white,style_1
BXRFTKP5RF8EYUZY,white,style_1
BXRFTKQZQMTP4VNA,white,style_1
TROFY54QHVGE4UZS,white,style_1
JCKFYEEFDEZFJGEB,black,style_0
SHTFYCUTFJF8FQQG,gray,style_0
SRTFUEZXHEFH2VNM,white,style_1
CRGFY5ACRGKVVEXZ,white,style_1
SHTFYCUTRYSCHRHE,white,style_0
BXRFTKR5TZ5RRX3Z,white,style_1
SHTFYCUTUARK3MQY,pink,style_0
CRGFTJNA39JZHESM,white,style_1
SRTFUFTSVG2ARFZX,white,style_1
TROFY54QSDUMZTWT,white,style_1
CRGFY5ACGZMTMETD,white,style_1
SRTFMZ5JNQCBKQEE,white,style_1
SRTFY6MTTMSAGZT5,white,style_1
SRTFUFY7YTBNHKWK,white,style_1
SRTFY6MTPWQKTERG,white,style_1
SRTFUFY7GXG6UC4N,white,style_1
SRTFN6YKUYARFHUH,white,style_1
SRTFN6YK7K7Z22HZ,white,style_1
SRTFNXUAPTZ76GGN,white,style_1
BXRFN4R5ZJVHTWFX,white,style_1
BXRFN4R577PJXWVG,white,style_1
BXRFN4R53HDSCHVX,white,style_1
SRTFUFY7AHKF5GJ8,white,style_1
TROFTQUMTPDZDHUR,pink,style_1
SRTFUG3C5MXEWX6E,white,style_1
JEAFMZ6PCZSKTB9X,gray,style_1
JEAFMY4BWEK2TBUV,white,style_1
JCKFUG3THFXJUY4G,white,style_0
JCKFUG3T7BQYB6KQ,white,style_0
TSHFHM2RDZYEJ9YJ,white,style_0
TSHFFREEHVVWTP5N,white,style_0
TSHFPHPHR5HFEVQT,black,style_0
TSHFFRF3GX72KTYF,white,style_0
TSHFFREAECJ64CJK,white,style_0
TSHFFREAESZZSNRZ,white,style_0
TSHFHJSZ4JRGG3CR,pink,style_0
TSHFFRF3YUCHRXRY,white,style_0
TSHFHHQPCYBCUBHG,white,style_0
TSHFGJD6FDARKZFH,white,style_0
TSHFFREABU8BGUNZ,white,style_0
TSHFGJD6SUMZX35G,white,style_0
TSHFHM2RVCRDCXSH,white,style_0
TSHFPHPHADJRNGSZ,black,style_0
TSHFPHPHMFZHKSKH,white,style_0
TSHFPHPHHDHVKJ9U,black,style_0
TSHFHM2RZ6HKNSZP,white,style_0
TSHFHZFYHTUHGUJF,black,style_0
TSHFHZFYGGH9MVG5,white,style_0
TSHFPHPHG2MFBTER,white,style_0
TSHFHZFYNQMW3FFY,white,style_0
TSHFPHPHT3BCGGGG,white,style_0
TSHFPHPHR4QCCHGM,black,style_0
TSHFPHPHWGZNVZQZ,white,style_0
TSHFVYHBU7AKH4E8,brown,style_0
TSHFVYHBZYHZGEGJ,gray,style_0
TSHFVYHB7YTVJ77M,white,style_0
TSHFPHPHYWGRFBHR,white,style_0
TSHFVYHBPE4E32AT,brown,style_0
TSHFHPJYY4RY33RG,pink,style_0
TSHFHPJYUXBJVSQN,pink,style_0
TSHFFREA3Q2Q3CEW,white,style_0
TSHFGJD6JVDWPUZK,white,style_0
TSHFFRF3NGEPCHBZ,white,style_0
TSHFFRF3NERSG4WF,white,style_0
TSHFPHPHGESEHEU9,white,style_0
SHTFNVGGVGUNXNZG,purple,style_0
SOCFYUYZKCB4BWTS,gray,style_1
SOCFYV4MVKGW4QXK,white,style_1
VESEZH3FUZ5YZHGR,white,style_0
JEAFZEPJDSYJHCDN,white,style_1
SUSFPYH2M862BS8N,white,style_1
SUSFZ9MVGKMXFMCZ,black,style_1
SUSFZ9MCJRPCGQZQ,purple,style_1
SUSFEY4BU4K4TNGY,white,style_1
SUSFPGXZQHWAK9SX,white,style_1
SUSFFWZG8QGXNY3G,white,style_1
SUSFH8DYKYFGAXVY,white,style_1
SUSFH8B8TTSPYG6S,white,style_1
SUSFZ9MZNJKNJKHQ,black,style_1
SUSFH8DPTVAHXZCS,white,style_1
SUSFH8BV8TJ4GNHC,white,style_1
SUSFH8CVFGEQFPXG,purple,style_1
SUSFH8BBGYGQDJUK,black,style_1
SUSFZ9ZVXF3GFSVB,black,style_1
SUSFZ9ZJCCECNUCG,black,style_1
TSHE6WQCC83HQGUZ,black,style_0
SHTFUTGF3AFWGKYX,black,style_0
SHTFUES5Z6CWZF57,gray,style_0
TROE8E47MEPJUJZH,white,style_1
TROE7KGFB5GZHPQ3,white,style_1
TROE7KGFUBNNZAWJ,white,style_1
SHTFUDVZYCASYEP8,orange,style_0
TSHE7733UD8TFHBH,pink,style_0
TROE7KGFFGHNZGUZ,white,style_1
TROE7KGFVEQNYVHX,white,style_1
TSHE6WQCY5FTJB6Y,white,style_0
TSHFYEAE2ZFAZU8K,white,style_0
TSHFYECZUKKJZ6DH,white,style_0
TSHFYEAD7YUG6KQY,green,style_0
TROE7KGFJ24RRBKN,white,style_1
TSHFYEADZZMFPZWG,white,style_0
TSHFYEADFTMF2VDG,gray,style_0
TROE7KGFDTSDCA3G,white,style_1
TSHE6WQCPTT5ZR45,gray,style_0
TROE7KGFZF23GFGZ,white,style_1
TSHFYEAB3HK2BYY5,white,style_0
TSHFYEDKW2EXUUHZ,white,style_0
TSHFYEABPK9PHGWN,brown,style_0
TSHFYEAG4EHVQG3G,brown,style_0
TSHE6WQC3WHWXNPZ,black,style_0
TROE7KGF8WEFDU9N,white,style_1
TROE7KGFCVSMRKHR,white,style_1
TROE6W3FU9MA588U,white,style_1
SHTFUDVGKCMEQGGT,gray,style_0
TROE7KGFKAK58USD,white,style_1
SHTFUDU9N9EYAT5B,white,style_0
SHTFUTDMUBZQGUHP,black,style_0
SHTFUTGPPQ6EHWRC,pink,style_0
SHTFUJD3EXV6Q8XR,white,style_0
SHTFUDV5X5VMGNDK,gray,style_0
SHTFUTDFRDFA7WUG,pink,style_0
SHTFUJBXTESZF4F9,white,style_0
SHTFUTDMVGAVJ5QN,pink,style_0
SHTFUJCY6UYKCZPW,white,style_0
SHTFUTCYK3YGZHGC,white,style_0
SHTFUTCWVAQU3JWH,white,style_0
SHTFUTDMNP2BRUWW,white,style_0
SHTFUES7HSQ4NQPG,white,style_0
SHTFUESGCAZZJ8FZ,white,style_0
TROE7KGF7CHXUJFS,white,style_1
TROE7KGFMMKUNUFR,white,style_1
TROE7KGFUXTUSUA7,white,style_1
SHOF3AYPREVGT66J,white,style_1
SHOEAZF54AT3HBHQ,white,style_1
SHOF9F56HZ3RJ36M,white,style_1
SHOFPK98UBAXEJXF,white,style_1
SHOE9A6HET4GPUHH,pink,style_1
SHOEUHDURFAEFDE6,white,style_1
SHOENN2N9QENGNMY,white,style_1
SHOF7JMTKWNVSABD,white,style_1
SHOF7JMTQ8GFGHY2,white,style_1
SHOE9R2HHPSDSQWA,white,style_1
SHOF8FZDARUPM2AX,white,style_1
SHOFJRD8NJZTJF5T,white,style_1
SHOE92XGJZZ6AKWF,white,style_1
SHOEHEJAAFJFVTE6,white,style_1
SHOFBRTRHZTVJE2P,white,style_1
SHOFHG7CZHHV4YEV,white,style_1
SHOF9F57FHRWYKZG,white,style_1
SHOEAZF5M3VE4JCA,white,style_1
SHOF9F9J8KHFPHCU,white,style_1
SHOF8FMKGSJ942GW,white,style_1
SHOF3EGUAVFGPHJ2,white,style_1
SHOF9F56KADJWBYR,white,style_1
SHOFBRVZHCZVFARZ,white,style_1
SHOF9E3ABBUWZ9BG,white,style_1
SHOFJRD8TXFTUVZA,white,style_1
SHOEAFZ7JRGRS5NP,pink,style_1
SHOE9B7ACTNR2VFJ,white,style_1
SHOFDZH3U2ZRYUSH,white,style_1
SHOE9A6GVTWMZ5WX,white,style_1
SHOFJRD9HS3H9AVN,gray,style_1
SHOF34H3YFMRZHKD,white,style_1
SHOFH758PWYRSHCF,white,style_1
SHOE7B6ZNHGBGPRY,white,style_1
SHOE9AGSXH4ZGGRT,white,style_1
SHOFHG7CCWSKF28G,white,style_1
SHOFU9EEZG46B55M,black,style_1
SHOFBRTNKFGFFE3P,white,style_1
SHOE7TZFWYSSSCZA,white,style_1
SHOFYJ7G2RTW7866,white,style_1
SHOE9B7AURZFZYS9,white,style_1
SHOFH758VHUGEB8H,white,style_1
SHOF9F5676YU9RBR,black,style_1
SHOECNBPGWTSGZPD,white,style_1
SHOEAFZ79ZF4FKGH,white,style_1
SHOE92XGGEK5FKZ8,white,style_1
SHOF4JPUXHDZH5BB,orange,style_1
SHOFBRTZYZ6KACRZ,white,style_1
SHOEUPAJAZCJXZ3F,white,style_1
SHOFDZH2HQAJ5GYS,white,style_1
SHOE9A6GF4ZF6EHZ,black,style_1
SHOFN3EJZKBG6QUF,white,style_1
SHOE7U5MBZHAFVPJ,white,style_1
SHOEF7TEEG4CBHGH,white,style_1
SHOF34H2FF3WD2BK,white,style_1
SHOEF7TDSCVXWG5K,white,style_1
SHOFYJ8557YGYZUY,white,style_1
SHOFD2GW85BX2HAE,black,style_1
SHOFRCTVKE4P38CH,white,style_1
SHOEHEJBDHMQHASJ,white,style_1
SHOE7TZFDJF8WJTC,white,style_1
SHOEYF5UH4GPCETN,white,style_1
SHOE9R2HHEEWWK4U,white,style_1
SHOFD4G4QYEH7QTU,white,style_1
SHOF9F56NBTPZZ2F,white,style_1
SHOFDXBUZF7SJDAH,white,style_1
SHOFM48YGGXNRWVA,white,style_1
SHOFH758X9FZ8VZQ,white,style_1
SHOF5WK3B3XGEPDZ,white,style_1
SHOFHG7CXXPJFUA3,white,style_1
SHOFYJ8EDE7UF2G6,white,style_1
SHOEBUWMKUZYKJD3,white,style_1
SHOE9KFY5U2D4ZRM,brown,style_1
SHOFU9EDGSMHWJS6,white,style_1
SHOF5WK3FQAGGFTW,white,style_1
SHOE9R2HJNQARUZG,gray,style_1
SHOF34H2S9QRRHHG,white,style_1
SHOFH7585Q2NVJ83,white,style_1
SHOE7T5F9Z79NHUX,white,style_1
SHOF3EGVZQYUG7WK,white,style_1
SHOE9A6GRSPWY6UC,white,style_1
SHOE92XGZ7ZHQSD5,white,style_1
SHOFY9Z5EKQTBPTY,white,style_1
SHOFJREFDEFXU73F,brown,style_1
SHOE9R2HZDSZZZKD,white,style_1
SHOF3EGUJCGGADNP,white,style_1
SHOE8RHSCJZFZUQY,white,style_1
SHOFKFDFX3YGH7FA,white,style_1
SHOFKFDFYW4XWMZ2,white,style_1
SHOF9F56STYUTS24,white,style_1
SHOF34H3GSURWNJY,white,style_1
SHOF5BDSWHAMZHSU,white,style_1
SHOFD2GXJ4MDTETN,white,style_1
SHOEBUWMYDVJCUYU,white,style_1
SHOE92XGPJDSCTQE,white,style_1
SHOFU9EE3ASB8UMX,white,style_1
SHOE7TZFV8KWSFZZ,white,style_1
SHOEFZD6JMG2ZDPB,white,style_1
SHOEFZD6FHYSZQEA,white,style_1
SHOF34H2TJ3KSZDX,white,style_1
SHOF5BDSJGCWN63F,white,style_1
SHOEFZD45VKGEGHM,white,style_1
SHOFPVGDYCX4VW9Z,white,style_1
SHOE9KD5REMJR4RH,white,style_1
SHOFH758SADFZTTE,pink,style_1
SHOF5BDSHUFCYATF,white,style_1
SHOF34H333FDBF9D,white,style_1
SHOF9F5GJT3E2YTW,black,style_1
SHOF3A22AAGWGGMU,white,style_1
SHOF34H2FF3WD2BK,white,style_1
SHOFYJ842SHUYJGF,white,style_1
SHOFHG7CC5PTX7ZD,white,style_1
SHOECNBPVVMRCE8G,white,style_1
SHOFKZPE3MF65XAH,white,style_1
SHOECNBPE5XPUWVX,white,style_1
SHOEBUWMUP5NRYXX,white,style_1
SHOF5WK35GXYRRNP,white,style_1
SHOF34H376KMSK9Y,white,style_1
SHOFBRVQUVTZDH57,white,style_1
SHOEYF5UUUHKHN9X,white,style_1
SHOF5WK3C5NV8WN2,white,style_1
SHOE7TZFE2TCNPH5,white,style_1
SHOE9A6HVV88GVRT,white,style_1
SHOF3EGUEN7HFQHY,white,style_1
SHOFN3EFNYGBKZT7,white,style_1
SHOFC54ZQMFSWCAJ,white,style_1
SHOE7CB6WNHGGHB4,white,style_1
SHOF4JZGKHNGF4UX,orange,style_1
SHOF34H26DFVWYMK,white,style_1
SHOE9R2HX6HNUBFK,white,style_1
SHOF3EGUZFFDZ7DJ,white,style_1
SHOF4JZGDRHBKDYY,white,style_1
SHOE98FPSRKPDPHB,gray,style_1
SHOEC87DCYYZH7MF,white,style_1
SHODPFXM9NUHNQXW,white,style_1
SHOECNBPVQPE7HKK,white,style_1
SHOFN3ENUBVRD3ZX,white,style_1
SHOE9A6HHNQUGQ7C,white,style_1
SHOF34H3MYHSZF9H,white,style_1
SHOF34H32VBQJGQV,white,style_1
SHOEG375F4ZKPY2E,white,style_1
SHOFN3EJZVGC6GH8,black,style_1
SHOFN3EJVGC9VXYT,black,style_1
SHOFN3EJHXHGSGUC,black,style_1
SHOF34H3GMHM9VNB,white,style_1
SHOFN4GRP949XZ5H,white,style_1
SHOF34H39VZU2QUB,white,style_1
SHOFPVD3K4GDMFGG,white,style_1
SHOF9F5GZXPT6QFN,white,style_1
SHOFC585JH9RGXWG,white,style_1
SHOEBUPFA98QVRCM,white,style_1
SHOFU9EEJHEUDJCC,white,style_1
SHOFC585JH9RGXWG,white,style_1
SHOEBUPFA98QVRCM,white,style_1
SHOFU9EEJHEUDJCC,white,style_1
SHOF4JPUHXNZEMCK,gray,style_1
SHOF3EGURNJJZFK7,white,style_1
SHOF3A22BBDQQY8F,white,style_1
SHOF9F5GPNK5CV8M,white,style_1
SHOFPVGDXQSKZEXW,white,style_1
SHOF3EGU4PAUJGQP,white,style_1
SHOE92XGEVUY3R48,white,style_1
SHOF3EGUYKAFVHTU,white,style_1
SHOE92XGKZFQGAYF,white,style_1
SHOE9A6HKZGDAHYH,white,style_1
SHOEBUWM7HJGTPEG,white,style_1
SHOE8RHSHBGZHFAR,white,style_1
SRTF9FCMYRGWQ9NE,white,style_1
TKPF9FB9TDGJYXVC,white,style_1
TSHFKQFY82AZ8DH9,white,style_0
TSHFKQFYGBAYHSYH,white,style_0
TSHFKQFYUFJHZFH7,black,style_0
TSHFKQFYYVDMNGFH,black,style_0
TSHFYAVWTZY8SRGR,gray,style_0
TSHFYAP9RPZ9UTRV,black,style_0
TSHFY8VHGJEWWNY9,pink,style_0
TSHFJV3QF9FSHAVC,purple,style_0
TSHFJV3QA8GU7VC4,white,style_0
TSHFJV3QBJCYQH3U,purple,style_0
TSHFYCYWKSBNQFNQ,pink,style_0
TSHFJV3Q99HSAQVG,white,style_0
TSHFJV3QKGEHGYDB,black,style_0
TSHFJV3QCWB63FNY,white,style_0
TSHFJV3QXJPTAYSC,white,style_0
TSHFJV3QRGUTJUFY,white,style_0
TSHFJV3Q95EN5Z54,white,style_0
TSHFJV3QS4K4A8ER,black,style_0
TSHFJV3QBGCS8Q7R,purple,style_0
TSHFKQFYR6YYRUFN,white,style_0
TSHFKQY6CBKSRSEC,white,style_0
TSHFKQY6EJD6Z5FC,white,style_0
TSHFKQFY4BRGVKXG,white,style_0
TSHFJV3QF3THG9UH,white,style_0
TSHFKQY6AH45YYWH,white,style_0
TSHFJV3QKC9XA2KB,black,style_0
TSHFJV3QJ2EV7PWS,white,style_0
TSHFKPV2FZXSCJXH,white,style_0
TSHFJV3QM3EAWS6T,purple,style_0
TSHFJV3Q4BJJ4G83,white,style_0
TSHFYAP9RPZ9UTRV,black,style_0
TSHFYAP9RPZ9UTRV,black,style_0
TSHFYAP9RPZ9UTRV,black,style_0
TSHFYAP9RPZ9UTRV,black,style_0
TSHFYAP9RPZ9UTRV,black,style_0
TSHFYAP9RPZ9UTRV,black,style_0
TSHFYAP9RPZ9UTRV,black,style_0
TSHFYAP9RPZ9UTRV,black,style_0
TSHFYAP9RPZ9UTRV,black,style_0
TSHFYAP9RPZ9UTRV,black,style_0
TSHFYAP9RPZ9UTRV,black,style_0
TSHFYAP9RPZ9UTRV,black,style_0
TSHFYAP9RPZ9UTRV,black,style_0
TSHFYAP9RPZ9UTRV,black,style_0
TSHFYAP9RPZ9UTRV,black,style_0
TSHFYAP9RPZ9UTRV,black,style_0
TSHFYAP9RPZ9UTRV,black,style_0
TSHFYAP9RPZ9UTRV,black,style_0
TSHFYAP9RPZ9UTRV,black,style_0
TSHFYAP9RPZ9UTRV,black,style_0
TSHFYAP9RPZ9UTRV,black,style_0
TSHFYAP9RPZ9UTRV,black,style_0
TSHFYAP9RPZ9UTRV,black,style_0
TSHFYAP9RPZ9UTRV,black,style_0
DHTESM5M7XP343WS,white,style_1
TSHFNQ2SHTKVQDSN,black,style_0
TSHFYPT8UFTTFCYB,blue,style_0
TSHFZGG392MZ7GCV,black,style_0
TSHFNWZT4MMHRYWD,brown,style_0
TSHFNWZTSAHPRJYK,black,style_0
TSHFNWZURMHZY6PW,black,style_0
TSHFZGZXYH3RMFTR,black,style_0
TSHFYPGNN38WFQPQ,brown,style_0
TSHFYPGN5F5PGEFA,black,style_0
TSHFZGZXFZYYFQ2F,black,style_0
TSHFZ6DBVA9HYNFP,brown,style_0
TSHFYPNJM4PPHFF4,black,style_0
TSHFZ44MHZVNAX9G,black,style_0
TSHFNT3NQD9FSRWV,black,style_0
TSHFNWZUTUWU6ZB2,brown,style_0
TSHFZGZYE5PFNHWM,black,style_0
TSHFZGG32ZWZBUSV,brown,style_0
TSHFZBKMGRGZFHHE,brown,style_0
TSHFZ44M6AXZVJBW,black,style_0
TSHFYPT8ZCFHZJ2Z,black,style_0
TSHFZHU7MKF2AZXN,black,style_0
TSHFNWZUGWHEFTRR,black,style_0
TSHFNWZU5JHVFYYZ,black,style_0
TSHFZ44MUPVKAZCS,black,style_0
TSHFZGZYSPGGCZ5G,black,style_0
TSHFYPJBBEG7R2HN,brown,style_0
TSHFYPNKJHDGAG57,black,style_0
TSHFYPNJY5ZZZHGJ,brown,style_0
TSHFZGG38A64ZAXD,black,style_0
TSHFNT34WFCJFPBP,brown,style_0
TSHFZBKMSRH5UVAU,black,style_0
TSHFZBH6GECDPUG2,black,style_0
TSHFYPNKGW3549SV,brown,style_0
TSHFZBH8BXGDGPNV,white,style_0
TSHFNT3HDHMFWHXB,brown,style_0
TSHFNWZVTCYAVYHZ,black,style_0
TSHFYPGXYRGZVZTC,brown,style_0
TSHFZ6CURSPBYEHM,black,style_0
TSHFZBH6QJS9SDZ8,black,style_0
TSHFNT3GCWMZPS3H,black,style_0
TSHFZBH6YP9FF48F,brown,style_0
TSHFZGG5ZEWGSC4A,black,style_0
TSHFZGG4NVREFDFB,brown,style_0
TSHFZGZXZCKECZ5G,black,style_0
TSHFZGZXZRAQMZEV,brown,style_0
TSHFZ6CUZVNDGPCQ,black,style_0
TSHFNWZVYCAXXHCM,black,style_0
TSHFYRNYQTN4FTE9,black,style_0
TSHFYRNYZVYYNQYY,brown,style_0
TSHFNWZUXDC3NVPY,black,style_0
TSHFZBKXE5Z7QGAD,black,style_0
TSHFZGZXVFUZP8FC,black,style_0
TSHFZGZXTWZ7QYQ7,black,style_0
TSHFNT3ZJ5UQJ4HV,black,style_0
TSHFZGZXYKHQCBMZ,blue,style_0
TSHFZ9R9CJZDGTP4,black,style_0
TSHFZ9S5ZGQGEF2S,black,style_0
TSHFZ9RHXSXU5HGW,black,style_0
TSHFYPGNHMKRUWAH,blue,style_0
TSHFNWZUFWGRGM3F,black,style_0
TSHFZGZX4MGHYSSF,blue,style_0
TSHFZGZXKEYZSVUZ,black,style_0
TSHFZGG5T7N8RVTH,blue,style_0
TSHFYPJBTKFNZ7UR,black,style_0
TSHFNT3GN7BZPFHC,black,style_0
TSHFYPGXK3PQYJ8Z,black,style_0
TSHFYPNKUNNRCTHG,black,style_0
TSHFZHU7KNBQATWJ,black,style_0
TSHFZBH6WUNPURSA,white,style_0
TSHFZ6DBE7GBBF2T,black,style_0
TSHFNQ2SYPJGAT2F,black,style_0
TSHFNWZU8BF4WEPT,blue,style_0
TSHFNT3HNAFP4YGY,black,style_0
TSHFZBH63SACJGBF,black,style_0
TSHFZ44MJACZGDX6,black,style_0
TSHFYPJBRZWYYFRJ,blue,style_0
TSHFZGZYZNMTZNZK,blue,style_0
TSHFYPT86Q4VXZWZ,black,style_0
TSHFZGG36GDQTFY3,black,style_0
TSHFNWZVS4JTVEN4,black,style_0
TSHFZGG5FTJWHR74,black,style_0
TSHFYPGXH5HVFTQK,blue,style_0
TSHFNT9HHJM4VASU,blue,style_0
TSHFZBH62H4RHFX7,black,style_0
TSHFNT9HGHFJBAFW,black,style_0
TSHFZGZYYRS3XTMB,black,style_0
TSHFZBH8VAJGV5DF,black,style_0
TSHFYPNKEX9QBJGH,blue,style_0
TSHFNWZUHE6PTYUG,blue,style_0
TSHFZBKMMHTGJBJV,black,style_0
TSHFNWZUNA5DCXDV,black,style_0
TSHFNWZVYMQHMJUC,blue,style_0
TSHFZ6CUSVTEJJFA,black,style_0
TSHFZGG56FYS3VEG,black,style_0
TSHFNWZUFTVTSWQZ,black,style_0
TSHFZ6CUH2GMSZAR,black,style_0
TSHFZGZXNU7REVZC,black,style_0
TSHFZ9QDHHZVD6XG,black,style_0
TSHFZ9QGYY8GA7SW,black,style_0
TSHFYRNYU9YRF9CM,black,style_0
TSHFZ9SYCZZYYFCQ,black,style_0
TSHFZ9R7YVWVGZZZ,black,style_0
TSHFZBKWZKZFXHHK,black,style_0
TSHFZ9TRSRGB8FJA,black,style_0
TSHFNMGYJ2XFRHE2,black,style_0
TSHFNWZVYWWYMN5D,black,style_0
TSHFYPNJRZFGY9ZE,black,style_0
TSHFNWZUNXHRRVTA,black,style_0
JCKFEEE99F4ZHMEE,white,style_0
JCKFMHS84AARPB4E,gray,style_0
JCKFMHS8RHZETSAH,purple,style_0
JCKFXY6FKFXW66DD,white,style_0
JCKFWZBYQM2KQXCZ,white,style_1
JEAFEH2TAH6H5HEV,white,style_1
JCKFMHS8ANSPXK72,pink,style_0
JCKFWZBYEHTX3PFG,white,style_1
JCKFMHS8TFBUJHAJ,pink,style_0
JCKFXY6FZMWUMTD4,white,style_0
JEAFEH2STJYPUEYQ,white,style_1
JCKFWZBYSXCEQDYD,white,style_1
JEAFEH2T6HFUJGUH,white,style_1
JEAFEH2S6NG6FGDN,white,style_1
JEAFEH2SMKHNEGGK,white,style_1
JEAFEH2TGHCEGZZ8,white,style_1
JEAFEH2SZHGRNVJX,white,style_1
JEAFEHYVDGBFZNGV,white,style_1
JEAFEHYVZHNURZYH,white,style_1
JEAFEHYVHUYCCKWW,white,style_1
JCKFXY6F9UFABRGP,white,style_0
JCKFXY6FHKFVSJEZ,white,style_0
JCKFWZBYVHJGQDGT,white,style_1
JCKFWZBYPVVGAHUR,white,style_0
JCKFWZBYHDRNMSZF,white,style_0
JCKFY4B3YKRV82EH,white,style_0
JCKFEED3BHMKFAYJ,white,style_0
JCKFWZBYFHGWZ6RF,white,style_0
JCKFMHS8X5MYGQHS,white,style_0
JCKFY4B27WTGHWGD,white,style_0
JCKFXY6FPFZTG5WN,brown,style_0
JEAFEH2TNJDVHC4D,white,style_1
JCKFY4B2ZXXFUBEH,white,style_0
JCKFWZBYPATZVGPB,white,style_0
JCKFXY6FC8Z6YENR,brown,style_0
JCKFY4B2XYFTKYWX,white,style_0
JCKFXY6FKF36GMNN,white,style_1
JCKFXY6FPHVHGFG4,white,style_1
JCKFS9GBFFANGH6E,pink,style_0
JCKFQGPMJZMBE9BY,white,style_0
JCKFHUDHZC3Y9U5T,gray,style_0
JCKFQGPM6WRGNRZ3,white,style_0
JCKFHUDHF2YVVZSU,white,style_0
JCKFURYWGYKVKFH3,white,style_0
JCKFSFZYJSTH7BZY,green,style_0
JCKFSFZYFU3HZUSN,white,style_0
JCKFHUDHKGQZXGZZ,gray,style_0
JCKFSFZSRAKBEU5T,white,style_0
JCKFSFZS6WXH6UC8,white,style_0
JCKFVDPXFVQBGME7,black,style_0
JCKFWC5YGQENYT6B,pink,style_0
JCKFWC5YPXZG6S7F,black,style_0
JCKFVEUDBT4KKSXR,pink,style_0
JCKFVDPW4WNPBGS2,pink,style_0
JCKFM9TPKQAM68D6,white,style_0
JCKFXAKEY2ANHJGW,black,style_0
JCKFQGPMYR3BCBGP,white,style_0
JCKFVDPY9QR8UKKZ,pink,style_0
JEAEYNV6D4XAXZ5V,white,style_1
JCKFYY97BC7KWPM4,pink,style_0
SHTF364YY8RFCQZZ,purple,style_0
SHTF365EYZN6KGVA,gray,style_0
JCKFM9TQA2ZRPZHZ,white,style_0
JCKFBFFZP9NHYH9Y,white,style_0
SWSFN8YZ33MHKQVF,white,style_0
JCKFVEUDNF3J7CWV,pink,style_0
SHTF365EA95EHE7B,black,style_0
SHTF365CHSGHWDFF,pink,style_0
JCKFM9TQVV7ZGXWE,pink,style_0
TKPFMYETEQZCSYYZ,white,style_1
SHTF365CMCF7ZPYN,black,style_0
JCKFWC5YW4Z3YYZX,pink,style_0
SWSFN8YZXFSUCAJX,white,style_0
JCKFM9TQ3HYGV9KQ,white,style_0
JCKFWC5YZKFWXGEB,pink,style_0
TROFN8YNBWZKQXST,white,style_1
SWSFN8YZZAN8RBDC,white,style_0
JCKFHUDHHEYDS8QB,pink,style_0
JCKFHUDHXTHNABYD,pink,style_0
SHTF365EZMEXWHNH,black,style_0
JCKFMV5WAAXE6BWT,white,style_0
SWSFN8YZW4VPXW7W,white,style_0
JCKFMV5X7CFQMNYR,white,style_0
JCKFHUDH42QEWHEZ,pink,style_0
JCKFXNVMP5XZZNHA,pink,style_0
JCKFCX6W6PZACUGM,purple,style_0
JCKFHUDHQQGGX49N,white,style_0
JCKFCX6WR3ZTGZCM,white,style_0
SHTF365DHJRDFARC,gray,style_0
JCKFMV5WBFHFRZRS,white,style_0
JCKFMV5XDGQ2WRZY,white,style_0
JCKFM9TQXKHDHWHU,white,style_0
JCKFXNVMP5XZZNHA,pink,style_0
JCKF7KY5KKUKYSGY,gray,style_0
JCKFH8GYUG7KM5YG,black,style_0
JCKFCX6W9HYZNEVN,purple,style_0
JCKFHUDHQQGGX49N,white,style_0
SHTF365DHJRDFARC,gray,style_0
JCKFCX6WR6HAP6BE,white,style_0
JCKFMV5WBFHFRZRS,white,style_0
JCKFMV5XDGQ2WRZY,white,style_0
JCKFCX6WY7DUQ6FB,white,style_0
JCKFMV5XJJQMNASZ,white,style_0
JCKFM9TQXKHDHWHU,white,style_0
JCKF7FHYECSZGCQA,black,style_0
JCKFBFFP26ZRP8WN,brown,style_0
JCKFXNVMQMZYDZFY,pink,style_0
JCKFKYUZQ4B5ZHZT,white,style_0
JCKFKYUZCABVHPW2,white,style_0
JCKFYY7WKSXSSUUA,pink,style_0
TROFBSSMUDFFDWE3,white,style_1
TROFBSSMFZG2E9NA,white,style_1
TROFBSSMSHYCMXJB,white,style_1
JCKFHUDHMV5NKAUM,white,style_0
TKPFMYETZHMYY5KG,white,style_1
SHTF365GAYGBZFGP,white,style_0
JCKFM9TQYKPYB4QG,white,style_0
JCKFXNVM5FVS294R,pink,style_0
JCKFKYUZKZZHY5ZF,white,style_0
SHTFGHUQ84YUQEPT,gray,style_0
SHTF365GDVRDPTRP,black,style_0
JCKFBFFP4GQJ3Y32,black,style_0
JCKFXNVMUPHVEQ7F,pink,style_0
JEAEYNV6QZHJZFRH,white,style_1
JCKFXNVMGBYGXKHN,pink,style_0
JCKFXNVMC435YMSU,pink,style_0
SHTF36547PQEHU5U,gray,style_0
SHTFGHUQNTHG5Z5T,white,style_0
JEAEYNV6WJVSK2JP,white,style_1
SHTF365A7ZJJWRQR,gray,style_0
JCKFXNVMZZ4UP9CE,pink,style_0
SHTF364UNFZY8ZFH,gray,style_0
SHTF365EA82Y79K4,gray,style_0
JCKFMV5WGWFMHNFC,purple,style_0
SHTF365FSYVRVFZM,white,style_0
JCKFXNVMCH9Q9GWE,pink,style_0
SHTF365FVVPWW6D6,gray,style_0
JCKFMV5WYY6QX78F,black,style_0
JCKFM9TQZBYECNBT,white,style_0
JCKFM9TQR2HMYGHJ,white,style_0
JCKFXAKSEGEGGGEY,pink,style_0
SHTF365EHRKP4KW2,gray,style_0
JCKFMV5WTASYK4Y2,white,style_0
SHTF365DDG4PWCCG,gray,style_0
SHTF3658RKNCTNQ5,pink,style_0
SHTF365FMUKG9GGB,orange,style_0
SHTF365FUNFMWZ9V,black,style_0
JCKF7KY3NQUGDHE2,gray,style_0
SHTF365FGMZRAYZX,black,style_0
SHTF365FUKGNBJQQ,black,style_0
SHTF365FJ3HFTXVS,purple,style_0
JCKFMV5WUQDVAUXB,white,style_0
TKPFMYEUYKYUTX7J,white,style_1
SHTF365FGYD2EJ3C,purple,style_0
JEAEYNV7Y7SGZAJB,white,style_1
TKPFXYSGSXMVQTBK,white,style_1
TKPFXYSG3HWGSMEG,white,style_1
KTAFZ9KF8YDVNTTP,white,style_0
KTAFZZ3HSST4QCM5,pink,style_0
KTAFZ8JEVXJTNXZC,white,style_0
KTAFZ9KFDGVNYZ8B,black,style_0
SHTFM66VYKFSY9AZ,purple,style_0
SHTFZMYTA6ZMPMZV,white,style_0
RUGFM8CYPGBKMHUH,white,style_0
SHTFMYXDRXZPVXJA,white,style_0
SHTFM66VD6HRMFJZ,pink,style_0
RUGFM8DGQGUZFNXD,brown,style_0
RUGFM6GPAANF4HWP,white,style_0
RUGFM6GPZXZ8C3NF,white,style_0
KTAFZ8JEQ9WG7UUH,white,style_0
SHTFM66SNWJVTTN7,black,style_0
KTAFZ8JEQQYNWBGR,pink,style_0
KTAFZ8JETTV87AZD,white,style_0
SHTFNGP5S4JGGTFZ,brown,style_0
SHTFZ4B5XVDYFGZB,black,style_0
KTAFZZ4RSSPPKDUE,gray,style_0
SHTFZ4B5ZSAMVGMH,orange,style_0
KTAFZ8JEHGXGHFBD,white,style_0
SHTFZ4B5QAHHJHYH,brown,style_0
SHTFZKYGZGEWTBPX,white,style_0
KTAFZ9KFEAFVMWFN,white,style_0
KTAFZZ3H5FHHRYZS,gray,style_0
KTAFZZ4RWH9TJZZA,pink,style_0
KTAFZ8JEBG2NZBPA,white,style_0
SHTFNGP5EHGE7RHE,black,style_0
SHTFZ4B5FSKNFZA6,gray,style_0
KTAFZZ4RNXZQV4FZ,gray,style_0
SHTFZ4B5WSCXNYF9,white,style_0
SHTFZ4B5HCFXFVKG,black,style_0
SHTFZ4B5HZGZBVRS,black,style_0
KTAFZZ3HSWQTYNQH,white,style_0
SHTFZ4B5QHFGRHMG,black,style_0
SHTFMYXDAFGZMNFC,white,style_0
SHTFMYXDPCMF7ZWG,white,style_0
SHTFZMYTGCQMGH4N,gray,style_0
SHTFZKXXQGBA82PF,gray,style_0
RUGFM8CYUJ6G4VHN,white,style_0
KTAFZ8JE9ZN4GHMS,white,style_0
SHTFZ4B59XEES4EZ,brown,style_0
SHTFNGP5DCW4KZS4,orange,style_0
KTAFZ8JENRH668GH,white,style_0
SHTFMYXDZSNGGSCY,white,style_0
TSHFH53HGYQYFU7A,brown,style_0
RUGFX854MP755K3G,brown,style_0
KTAFZ8JECS48J3AG,white,style_0
RUGFX854KA5E5PQJ,gray,style_0
SHTFZKXC2QSQMGHG,purple,style_0
RUGFX854ZPPTXHVH,black,style_0
RUGFM6JGGGFBHHPE,white,style_0
SHTFZKXXD6FPXPMW,white,style_0
KTAFZ8JEVXMTNHGJ,white,style_0
SHTFM66SVWMUSVGZ,gray,style_0
TROFWXDDDQBDKZPG,pink,style_1
TROFWXDDTTCD85XQ,white,style_1
TROFWXDDVC4DWYRD,white,style_1
TROFWXDDJQP48GYH,pink,style_1
TSHFUBK6QZGAHAXP,white,style_0
TROFWXDDMFAKC7UZ,pink,style_1
TROFWXDD4MZ8B68W,pink,style_1
TROFWXDDEXQ9HEAC,white,style_1
TROFWXDDHFHVR7GG,pink,style_1
TROFWXDDMFSXBAXU,pink,style_1
TROFWXDDMQZHHKMF,pink,style_1
BRFEZEF49JAWFCMD,gray,style_1
BRFEWB5RPZSEDGG4,gray,style_1
BRFEWB5RYDTMHH8B,gray,style_1
BRFEZWU9FCHYPJDU,gray,style_1
BRFEWB5RYZMKW6PY,gray,style_1
BRFEWB5RPBDW9DKP,gray,style_1
BRFEX35MMYUSPSBJ,gray,style_1
BRFEWHS34EPHWRMH,gray,style_1
BRFEWHS3PPEXHJKM,gray,style_1
BRFEZWU96X5ZDUFG,gray,style_1
BRFEX35MBHYTBYGC,gray,style_1
BRFEX35MHKWCZF8Z,gray,style_1
BRFEX35MSZXP435J,gray,style_1
BRFEWHS3DGMXTVKX,gray,style_1
BRFEWHS39TYKUP2N,gray,style_1
BRFEZWU8KC2SJRQM,gray,style_1
BRFEWHS3JKRRWYHM,gray,style_1
BRFEWHS36NE4ZU86,gray,style_1
BRFEWHS32YSYYHP3,gray,style_1
BRFEWHS37TGKXW4T,gray,style_1
BRFEZWU8SFDDQU5B,gray,style_1
BRFEX35MCDWKG2AE,gray,style_1
BRFEZWU87CJHMDJV,gray,style_1
BRFEWHS3ZDXUG2RZ,gray,style_1
BRFEWHS3FRTYJQNR,gray,style_1
JCKFWTP4NZDHZPKJ,white,style_0
JCKFWTP4NKSZF5WG,white,style_0
JCKFWTP4RFQC2MGY,white,style_0
JCKFWTP4ZHGZV4HF,white,style_0
SWSFWTNDZQ3YHJFC,white,style_0
SWSFWVVEJYQYCXRN,white,style_0
SWSFWVVEWTAXZ7JU,white,style_0
SWSFWVVEXVADMYBT,white,style_0
SWSFWTNDJFCF72WU,black,style_0
SWSFWTNDSCZPBBJQ,white,style_0
SWSFWTND3EPMFCQD,white,style_0
JCKFWTP4GMHWMG5Z,white,style_0
TSHFXVJZ686WAKFB,pink,style_0
TSHFUGXS6VHG4NGX,pink,style_0
TSHFUGZZZXBSHFH9,brown,style_0
TSHFUGNWKWGPZ32S,black,style_0
TSHFUGZ6GDDUVNZE,white,style_0
TSHFUGKRUQNDZZRF,white,style_0
TSHFXVJZJG8AQ6ZM,white,style_0
TROFUHKHWSSGEWAF,white,style_1
TSHFXVJZ2JKFMKVA,white,style_0
TROFUHKCU8CSZY4H,white,style_1
TSHFXVJZZPMGZ5QE,pink,style_0
JCKFX4SAGAF6H8ZG,pink,style_0
JCKFX4PUM6HDQH6V,white,style_0
TSHFUGKQH5TP7XCP,white,style_0
SHTFXYJRGTGSRMDH,pink,style_0
JCKFX4GJJTTZJY9R,pink,style_0
SHTFXYJRXGJSSYSS,pink,style_0
TSHFXVJZMZASRF5W,pink,style_0
TSHFUGKSZHBWZZ5E,gray,style_0
TSHFUGHFF4VAWB6R,brown,style_0
TSHFUGP7GVGXJWTC,white,style_0
TSHFUGKSKZUGEYYQ,brown,style_0
TSHFUGZTQVRAWTYG,white,style_0
TSHFXVJZWZ66FRQ6,white,style_0
TSHFUGP7AYMCZRGH,white,style_0
JCKFX4PUBTNJEWZU,pink,style_0
TSHFXVJZYXJNUZH6,white,style_0
TSHFUGZTSHGQ67HZ,white,style_0
TROFUHK7UTZFGZYQ,pink,style_1
TSHFUGKSTYJAMHCW,white,style_0
TSHFUGZ9ZG5XN2FY,purple,style_0
TSHFUGNUWUHMHUBP,pink,style_0
TROFUHK7P6ET2C8U,white,style_1
TSHFXVKEYERWGGXY,pink,style_0
JCKFX4SAAGHUKSSG,white,style_0
TSHFUGKQRABCZ84U,pink,style_0
TSHFUGKTXHZTUGCH,white,style_0
JCKFX4PUHCC2AVJY,pink,style_0
JCKFX4PU7UCTX8HW,white,style_0
JCKFX4GJD4WYQYHM,pink,style_0
SHTFXYJRGY8HHHK9,pink,style_0
SHTFXYJRHEBET2UN,pink,style_0
TSHFUGNJGNSKUENU,pink,style_0
TROFUHKCU8CSZY4H,white,style_1
TROFUHK6AGZWZKQE,black,style_1
JCKFX4GJFPUYJGYW,pink,style_0
JCKFX4GJFFHYBQTD,white,style_0
TSHFUGZ6GDDUVNZE,white,style_0
JCKFX4GJURGHRZYQ,white,style_0
SHTFXS9FUVZYNFFY,white,style_0
SHTFXS8MGDFRCQHG,white,style_0
TROFUHK7P6ET2C8U,white,style_1
TSHFUGZT6JXZZYRC,white,style_0
TROFUHKCU8CSZY4H,white,style_1
TROFUHKCU8CSZY4H,white,style_1
TROFUHKCU8CSZY4H,white,style_1
TROFUHKCU8CSZY4H,white,style_1
TROFUHKCU8CSZY4H,white,style_1
TROFUHKCU8CSZY4H,white,style_1
TSHFTT2XFSPXHWH6,pink,style_0
TSHFTT2WMXWR6ER2,gray,style_0
TSHFTT2FFZRZVHNZ,white,style_0
TSHFSFVZMCCDFFEY,purple,style_0
TSHFTT2GUYWB9VXR,pink,style_0
TSHFTT2GXR2XWJFV,pink,style_0
TSHFTT2G28WSRGUF,pink,style_0
TSHFTT32HHGAHPCK,pink,style_0
TSHFSFVZYTQHBHSH,white,style_0
TSHFTT2NYGTJ4F4H,gray,style_0
TSHFSFVMP8QZAYDY,pink,style_0
TSHFTT38GX7XVRVY,gray,style_0
TSHFTT3FMWZYJD9D,gray,style_0
TSHFTT2RNN8DSSHF,gray,style_0
TSHFTT2YFNPSHCZ7,purple,style_0
TSHFSFVQWFGETYD5,pink,style_0
TSHFTT3EFXPE5FEB,pink,style_0
TSHFTT3YG8NWVCHW,pink,style_0
TSHFSFVH6Q4U2PHT,pink,style_0
TSHFSFVZZGKD7ZAX,white,style_0
TSHFSFVNG8NYGQYX,white,style_0
TSHFSFVNJERJSZUH,pink,style_0
TSHFTT3A3WVHFJFQ,white,style_0
TSHFSFVQSMNXWNHH,brown,style_0
TSHFTT2CPPHSY2GT,pink,style_0
TSHFSFVZTGGVGHGV,pink,style_0
TSHFSFVM5WHNGZFU,pink,style_0
TSHFSFVNFRZR3ZNE,pink,style_0
TSHFSFVP4XRRRZQF,brown,style_0
TSHFTT2BHNGZAK2M,gray,style_0
TSHFTT2TPYBAGFRC,pink,style_0
TSHFSFVMYY2ZMVDU,pink,style_0
TSHFTT2H7C7M8GNU,gray,style_0
TSHFWCRHWHUHWHWH,gray,style_0
TSHFTT2ZHMTF2K7B,white,style_0
TSHFSFVQBDGFCREC,white,style_0
TSHFSFVPGH5DFUX6,black,style_0
TSHFSFVHX4RX4FK6,pink,style_0
TSHFTT2BG6JM2SR7,pink,style_0
TSHFTU8C3B48JQS6,pink,style_0
TSHFSFVKRKHXH7GT,gray,style_0
TSHFTT2GGFDMRUSF,pink,style_0
TSHFSFVM3T69WBZ4,pink,style_0
TSHFTT2XPG7HFYBY,pink,style_0
TSHFSFVN9RTR475R,pink,style_0
TSHFSFVZRVARQUCJ,black,style_0
TSHFSFVPFWZUHVR4,white,style_0
TSHFSFVQUN7GTJRC,black,style_0
TSHFTT2PXNJRHF6M,gray,style_0
TSHFSFVRDZDXRGXS,pink,style_0
TSHFSFVPRSJ2YCHG,gray,style_0
TSHFSFVNF9BFYXPE,gray,style_0
TSHFWCRFSZYVZZWT,gray,style_0
TSHFSFVMYXB3RECU,white,style_0
TSHFSFVQQQB9AZGY,brown,style_0
TSHFWCSQUMZHWSWQ,white,style_0
TSHFWCRY5JKNFRK6,white,style_0
TSHFWCRRNKQ6QVYS,pink,style_0
TSHFWCRHRZBTYK5V,brown,style_0
TSHFSFVPAFZNWKYP,pink,style_0
TSHFWCRCEQSJUBPR,white,style_0
TSHFTT323Y6EGAFS,gray,style_0
TSHFWCRHGHWGGDJZ,white,style_0
TSHFWCR46KGKH8WQ,black,style_0
TSHFTT23ZASWHHUG,pink,style_0
TSHFTT2PYZA3JNAF,pink,style_0
TSHFWCRZTWJX2KEQ,pink,style_0
TSHFSFVQZ6GHTK7P,gray,style_0
TSHFWCRNEDWNNQGC,pink,style_0
TSHFTT236GUC52NG,gray,style_0
TSHFSFVPXKXMSQTZ,purple,style_0
TSHFWCQYPHZ83UBH,pink,style_0
TSHFWCRCWEYPK8MZ,white,style_0
TSHFWCRNWNK2FZKB,gray,style_0
TSHFTT2BXP7N2PSR,pink,style_0
TSHFWCRTKRUFCMQY,white,style_0
TSHFTT3FBSZTQZEA,pink,style_0
TSHFWCS8KKP2HADY,white,style_0
TSHFSFVPGAWPPBNF,pink,style_0
TSHFSFVQQ4Y85MVF,white,style_0
TSHFWCRNYFYFGHHY,black,style_0
TSHFWCRJCWQQYEZG,white,style_0
TSHFWCSCQUTFHZFR,gray,style_0
TSHFWCRKNYRXXVEE,pink,style_0
TSHFSFVHWGPP23JH,black,style_0
TSHFSFVPRZYZHG8G,pink,style_0
TSHFWCRZZYRRGFZH,gray,style_0
TSHFWCSAGX7GVXZD,white,style_0
TSHFTU49XTKUCVEZ,pink,style_0
TSHFSFVHEFPKEVCP,black,style_0
TSHFTT2RAFYECHHN,white,style_0
TSHFWCRZBPSDTKCY,gray,style_0
TSHFTT25AZSPCFKX,pink,style_0
TSHFWCS9HPPF368T,white,style_0
TSHFWCSP8XMGGXDK,gray,style_0
TSHFWH6GFZ942BQE,gray,style_0
TSHFSFVZ9KADQHEZ,white,style_0
TSHFTT387FC7CDHV,pink,style_0
TSHFTT22GDYDPNRF,white,style_0
TSHFTU9HTYJW2ETE,white,style_0
TSHFSFVZYDSCGAVG,gray,style_0
TSHFSFVNSZQN4STS,white,style_0
TSHFSFVZAQ4G2NT5,white,style_0
TSHFWCTYNDGHQ3CG,white,style_0
TSHFWCSWAQDYD4WB,white,style_0
TSHFWCRJG4FGAZHZ,white,style_0
TSHFSFVR6ZXHJMSG,pink,style_0
TSHFWCR3GFAKTSDY,white,style_0
TSHFSFVMCUE7HXH3,gray,style_0
TSHFTT27H6HWUXHB,white,style_0
TSHFWCR6FAHSMGQZ,pink,style_0
TSHFSFVQABWHRQKK,pink,style_0
TSHFWCRETTVQYHXX,white,style_0
TSHFSFVZ4ENKCHZV,pink,style_0
TSHFWCRNNXGMPVRH,gray,style_0
TSHFTT2ZMFS7HFXH,white,style_0
TSHFSFVHKWRD5HZX,brown,style_0
TSHFWCR9ZJEYQYWJ,brown,style_0
TSHFWCS9MDAFETZH,white,style_0
TSHFTT2QHPXK8GWJ,pink,style_0
TSHFTT2H7QYWUBHM,pink,style_0
TSHFSFVMSCXHG7Y8,white,style_0
TSHFSFVQ9WA3FWRV,pink,style_0
TSHFSFVMKQMC2NDT,pink,style_0
TSHFWH6GRDFEV687,pink,style_0
TSHFWCRPT5ZHHWNT,black,style_0
TSHFTT2CRBQMRFHU,pink,style_0
TSHFWCS9QHYBUUDZ,gray,style_0
TSHFTT23DQPKD9MJ,white,style_0
TSHFTT2KTG5KHVWP,pink,style_0
TSHFWCSYHV5GHFRC,pink,style_0
TSHFTT2GZHX7AGM4,white,style_0
TSHFWCRHYSVFWZWH,black,style_0
TSHFWH6GQ2BGU2UB,white,style_0
TSHFTT2MAAZSWGXW,white,style_0
TSHFWCSU693YZVZM,white,style_0
TSHFWCRHDDZFHAJV,white,style_0
TSHFTT2MTE9ZHFGW,gray,style_0
TSHFTT2G7WEKHQWU,gray,style_0
TSHFWCRPKQFNZB8R,pink,style_0
TSHFTTFCMXM4W8HP,white,style_0
TSHFTT2GVVMC5KEB,pink,style_0
TSHFWCRDSZMK2SJU,white,style_0
TSHFWCQVGDKT862S,white,style_0
TSHFSFVQTDKZJ48V,white,style_0
TSHFWH6GNHHVVNEB,pink,style_0
TSHFSFVQH8U5VDZH,white,style_0
TSHFWCRDDWFFHPG6,white,style_0
TSHFWCRJNEXCVZHQ,pink,style_0
TSHFWCRGCZQTEW7V,gray,style_0
TSHFWCR44UPHFCHU,white,style_0
TSHFWH6G96UUXYYK,gray,style_0
TSHFWH6GFHZPJC3B,white,style_0
TSHFWCSEFNZREH5G,white,style_0
TSHFWH6GTDV3EF3V,pink,style_0
TSHFWCR5GPYGEKCF,pink,style_0
TSHFWH6GWFY5QV8Z,gray,style_0
TSHFTT2TXYGWPU2N,pink,style_0
TSHFWCSJPGMUEHHH,white,style_0
TSHFWH6G6H2MVGHC,gray,style_0
TSHFWH6GFBC53TP5,white,style_0
TSHFWH6G4EZGTRBJ,gray,style_0
TSHFWCR6EAAKWTEY,white,style_0
TSHFWH6GAUJJBHPH,gray,style_0
TSHFWH6GJMFXZVV7,gray,style_0
TSHFWH6GAB7NBGJX,brown,style_0
TSHFWCRZSDJ9PVYH,gray,style_0
TSHFWCRCTNG498EP,white,style_0
TSHFTT2ZUHVDXYGU,gray,style_0
TSHFTT2SJDRQFZNS,gray,style_0
TSHFWCRGUC6GHVFH,white,style_0
TSHFTT25HXNNBHYR,pink,style_0
TSHFTTFHQSED7QKF,pink,style_0
TSHFWCSHHJ89EXS9,white,style_0
TSHFSFVHCP5ME7F2,white,style_0
TSHFTT28X2QZBWBZ,white,style_0
TSHFWH6GB3TDPF9F,pink,style_0
TSHFWCSUQR6ECHFG,white,style_0
TSHFTT2YFY9M3ZSY,white,style_0
TSHFWCRNH8QZXRSY,pink,style_0
TSHFSFVHXPYGXTR5,gray,style_0
TSHFWCTYPKMN5GNT,brown,style_0
TSHFWCRGZ65FBTRD,gray,style_0
TSHFWH6G8JHCDTK7,gray,style_0
TSHFTT2JYHYWSYXP,gray,style_0
TSHFTT23FMP4FMJB,gray,style_0
TSHFTT3DBW9GMARA,pink,style_0
TSHFWCRES3T9UG7G,pink,style_0
TSHFWCRQZNYH5BJX,white,style_0
TSHFWCSUZGPD8YYH,pink,style_0
TSHFTT2U7KFGVFVZ,white,style_0
TSHFWCS8TVU4YCAZ,brown,style_0
TSHFWCRHHZ3FA4VY,white,style_0
TSHFSFVZXMESTBVU,purple,style_0
TSHFWCSP3BMCXFRH,white,style_0
TSHFWCSGRY4AVQKS,pink,style_0
TSHFWCRCHGC5HBQB,white,style_0
TSHFTT2HMHTDS4YG,gray,style_0
TSHFWCRZQKCEKS72,pink,style_0
TSHFWCRZVTARVXWM,black,style_0
TSHFWCR8MHEHPGYT,gray,style_0
TSHFTT2MMSSS3GPP,pink,style_0
TSHFWCRPGQTEMPGB,purple,style_0
TSHFTT2QFGHGKEEM,pink,style_0
TSHFSFVHRSGTZCBG,pink,style_0
TSHFTT2HBMPPVX2G,white,style_0
TSHFWH6GAHZHWCBM,pink,style_0
TSHFWCRH2Y4UZJ2G,pink,style_0
TSHFWCRPTUKZD4R4,pink,style_0
TSHFTT2J4HUGDMJ2,gray,style_0
TSHFSFVQAYPSFFFD,white,style_0
TSHFWCSUPT6ZTEZ6,white,style_0
TSHFSFVQGA4SYWZ5,pink,style_0
TSHFWCRZRCYA4258,pink,style_0
TSHFWCR5N4DVMUGQ,pink,style_0
TSHFSFVPJ4HMCMUX,white,style_0
TSHFSFVQYZWB3DPW,white,style_0
TSHFSFVZNZ9XXBGR,white,style_0
TSHFTU7H9Z79U6TV,pink,style_0
TSHFWCR6CQYGVQWH,brown,style_0
TSHFWCRZ28TFHEK2,brown,style_0
TSHFSFVPG2YSYBH8,gray,style_0
TSHFTT2HCHTTSZZA,pink,style_0
TSHFTT2TXRGTNYTP,pink,style_0
TSHFSFVRH6HKZCCW,white,style_0
TSHFTTFGHEMVZFKH,white,style_0
TSHFSFVZFPVEVMBA,purple,style_0
TSHFWCRNTQUUHHSD,black,style_0
TSHFWCRC55NY8FHU,white,style_0
TSHFTT2RM3BFHWQT,pink,style_0
TSHFWH6G7KPPKHND,pink,style_0
TSHFTTFWDKHUP9EY,pink,style_0
TSHFTT2JRHHY33ZM,pink,style_0
TSHFWCRABBDZAFXX,purple,style_0
TSHFTT2NJQMGWBB6,white,style_0
TSHFWH6GYWDGES5J,white,style_0
TSHFTT2H8G76S6RX,gray,style_0
TSHFWH6GPRQUYXFS,white,style_0
TSHFWCSAXNNWWDUY,white,style_0
TSHFWCRFNFZ8YRFP,white,style_0
TSHFTWVPXZ7ACXM8,purple,style_0
TSHFSFVNZ3ERWHWJ,gray,style_0
TSHFSFVMTKFKDCYR,white,style_0
TSHFWCRPVXK9JBBG,black,style_0
TSHFWH6GVHYHUUMU,gray,style_0
TSHFWCSUACW44BR2,purple,style_0
TSHFSFVRGZGKCHPT,gray,style_0
TSHFTT2HDPRFGGNB,pink,style_0
TSHFSFVHYKDCAZXM,brown,style_0
TSHFWH6GSJZFYEDF,purple,style_0
TSHFWH6GYCMCYVGK,pink,style_0
TSHFWH6GVPKFYHPC,white,style_0
TSHFSFVM2YUSSVZR,white,style_0
TSHFTTFWUBAUHZP9,pink,style_0
TSHFWCRAKZUK5MUK,purple,style_0
TSHFWCRNBHSGQAEC,pink,style_0
TSHFTT2DSPHRS6PZ,pink,style_0
TSHFTT2ETYE6ZFT9,brown,style_0
TSHFWH6GCBPAE9V6,gray,style_0
TSHFWH6GZTBX9U4M,gray,style_0
TSHFWH6GZRKQDSVA,brown,style_0
TSHFWH6GRJQKVMTZ,gray,style_0
TSHFWCSK9YCSUBNZ,brown,style_0
TSHFWH6GHJGZEGH7,gray,style_0
TSHFWCRGM5FPYXFZ,gray,style_0
TSHFWH6GYZTF9ZZJ,brown,style_0
TSHFWCRYXXQMDRQP,white,style_0
TSHFTT2XJRAFER5K,pink,style_0
TSHFWCRZKHZVRUNW,white,style_0
TSHFWH6GEVKRWVMK,gray,style_0
TSHFWH6GHYREGT8A,white,style_0
TSHFTT2CBTFHNZQM,gray,style_0
TSHFWCRJVYDMNZWX,gray,style_0
TSHFWCQXENGNZRVY,white,style_0
TSHFWH6GPGYNEFKA,white,style_0
TSHFWCRCRZJZ8RNG,white,style_0
TSHFWH6GJPSZNYQ3,gray,style_0
TSHFWCRFWQGVU4AH,white,style_0
TSHFWH6GT4DMFHMK,white,style_0
TSHFTT2ADHZ8HFY9,pink,style_0
TSHFTT34Z2HPAZUB,white,style_0
TSHFWCSUZGPGWYBV,brown,style_0
TSHFWCRQUB89GQSS,pink,style_0
TSHFSFVNZVVTB7FS,gray,style_0
TSHFWCR99HMG3JF2,pink,style_0
TSHFSFVQQ3EMAMFG,brown,style_0
TSHFWCSGYG5UQMFY,brown,style_0
TSHFTTFGYEMM3YYC,purple,style_0
TSHFWCSUTZGJJDBK,brown,style_0
TSHFTT26RQGTHMRG,pink,style_0
TSHFWCR8DH4MEGUA,white,style_0
TSHFWH6GBUDBQYF9,white,style_0
TSHFWRFMGKZDRYYH,white,style_0
TSHFWCR5AEAZGXPY,gray,style_0
TSHFTT23XRPHBGMF,pink,style_0
TSHFWCRNFHUMNURR,pink,style_0
TSHFTT32YTY77FUU,pink,style_0
TSHFTT2MPZMMNYNF,gray,style_0
TSHFTT2MVGZAAH8V,white,style_0
TSHFWCRQREMAFPFC,purple,style_0
TSHFWH6GKQ4FDRFW,gray,style_0
TSHFSFVZT5Y4UYAH,white,style_0
TSHFWH6G4NGB9RGG,gray,style_0
TSHFTT2FUVUC8YZF,gray,style_0
TSHFSFVHWDJURNAE,white,style_0
TSHFVUXKYZJCPEYN,white,style_0
TSHFTTFYZUQEHR5J,pink,style_0
TSHFTT2GNJ7XGGYZ,gray,style_0
TSHFSFVMHSDMVMMR,white,style_0
TSHFSFVZPNAUGFWZ,pink,style_0
TSHFWH6GK8B9EGGJ,pink,style_0
TSHFWCR5GFZHKMKZ,white,style_0
TSHFSFVKZG7HZFNA,black,style_0
TSHFSFVHWG4EESGN,white,style_0
TSHFSFVQYECRZURF,purple,style_0
TSHFSFVMHW5CYGHG,white,style_0
TSHFWCQVVHPYBGHK,white,style_0
TSHFSFVMQPSXDU3G,white,style_0
TSHFWH6GYBDHSQF5,pink,style_0
TSHFWCRTK5VCDFYM,white,style_0
TSHFTT3A7MUFD3F7,pink,style_0
TSHFVTVF5Z6FPGFY,white,style_0
TSHFWCRYNPVWNNW8,pink,style_0
TSHFWCR89ARHCNSY,pink,style_0
TSHFWCSZUEXKVFUG,white,style_0
TSHFVUXHTE5KH7RH,black,style_0
TSHFVUXKM9TRHVZU,pink,style_0
TSHFVUXJEVDNRH3G,brown,style_0
TSHFVUXGQU6XDFDF,white,style_0
TSHFTT2TSHUAZ9M8,white,style_0
TSHFVUXJN993JJA8,pink,style_0
TSHFSFVZ55VQEKKG,pink,style_0
TSHFSFVMKX3GHZDB,brown,style_0
TSHFSFVMV2MHBXTU,gray,style_0
TSHFVUXNG5VCCCHU,brown,style_0
TSHFTU6FKEBGCKNG,gray,style_0
TSHFSFVQZE7JHY4U,pink,style_0
TSHFVUXJ3G3EVJSG,white,style_0
TSHFSFVNMZKKSYFT,brown,style_0
TSHFSFVHFYWJU8M6,white,style_0
TSHFSFVQTJTYFN2E,brown,style_0
TSHFVUXGRXTQPUGH,white,style_0
TSHFWCRD56HMGKMS,white,style_0
TSHFVUXJG93HTH2G,pink,style_0
TSHFVUXH734XFYGG,gray,style_0
TSHFVUXGZ6ARJXFW,gray,style_0
SHOFKPXWA53QGXGQ,white,style_1
SHOFX2G6FHVNAHZN,white,style_1
SHOFHAYHAG8YNRN2,white,style_1
SHOFZFF2NYHQGQ2K,white,style_1
SHOFJVXUDG629MD2,white,style_1
SHOFVXGRUGGSKCSU,white,style_1
SHOFHAYHXX2GTJQ3,white,style_1
SHOFVXGR2CZRYY7W,white,style_1
SHOFMRCRGJNGXKZH,gray,style_1
SHOFVAGYFTHPJS69,white,style_1
SHOFVGHHVVUZGFA6,white,style_1
SHOFMRCRHAVQZKGM,brown,style_1
SHOFVAGYEHERFV9T,black,style_1
SHOFVGHH9YGKTX4J,black,style_1
SHOFN5YQYD5MD7QT,white,style_1
SHOFMRCR89HXUFTR,black,style_1
SHOFVXGRFFD8HMBW,white,style_1
SHOFVZFSUFZCUUHV,black,style_1
SHOFJVXUQYC7WXYP,white,style_1
SHOFHJHZGHX2BKVZ,white,style_1
SHOFZ48AZ29HWZQH,black,style_1
SHOFVAGY3NUWJRYB,white,style_1
SHOFPY8YCFXCHRFH,white,style_1
SHOFHJHZ8BFSDXCF,gray,style_1
SHOFUH9JBHVZC5TU,brown,style_1
SHOFHJHZBGFQTKFY,brown,style_1
SHOFUWMJ9CMSKHUD,white,style_1
SHOFZPASCCHQTDHU,black,style_1
SHOFW8D8VVTHXAJM,white,style_1
SHOFUH52J9W5RQZG,white,style_1
SHOFJGZAGAZRQAZQ,white,style_1
SHOFW8DUZZQDPHGQ,white,style_1
SHOFWFVWRSNK5AZJ,white,style_1
SHOFZVUF4GJQEHUM,white,style_1
SHOFHVRPFZGKFTAY,white,style_1
SHOFGHWYNPCKFS3H,white,style_1
SHOFN5Y38XQBZFB6,white,style_1
SHOFJGUAGAVDZ8CJ,black,style_1
SHOFVHY9PKJZH3ND,white,style_1
SHOEXH5ETZR3YMWP,white,style_1
SHOFKH9ZNNNWCHGC,white,style_1
SHOFGHWY36ZXNKMT,white,style_1
SHOFG6VRHHAVFSGG,white,style_1
SHOFGGFBURR3WGGP,brown,style_1
SHOFVXG57QNV399H,brown,style_1
SHOFVJWMPGTRE34N,white,style_1
SHOFVXG5EYFF2H9T,white,style_1
SHOFVHY9WPFNAZKB,white,style_1
SHOFH88ETJPPNRHP,white,style_1
SHOFKZV4URAJAEGZ,white,style_1
SHOF97KQWHH7FDTG,white,style_1
SHOFVAHZRKEUUGZV,black,style_1
SHOFZP2FHH8Z6ZHC,white,style_1
SHOFJGZAH559G26U,gray,style_1
SHOFN5Y32AV636FZ,white,style_1
SHOFM8GQWNZDGS4Q,white,style_1
SHOFUH52V5AVNHMN,white,style_1
SHOFP7Y2JZHJFWR7,white,style_1
SNDFEFZ24ZHJDX4Q,white,style_1
SHOFG5TXSM7M57MY,white,style_1
SHOFVXG5XR59AFTH,white,style_1
SNDFEFZ26WGVHH8D,white,style_1
SHOFVHY8MAYUPTZF,white,style_1
SHOFUVGYF9DFWVNV,white,style_1
SHOFUVGYSZMNWNMP,white,style_1
SHOFH26JVUQESDAM,white,style_1
SHOFU4TFVFTAMNPD,white,style_1
SHOFUH52SH3EQDH5,white,style_1
SHOFU4TFYUFBGKTC,white,style_1
SHOFW8D8BJYRSHFN,white,style_1
SHOFU4TFZXAKFT2Z,white,style_1
SHOF9HNWVFZVDUAB,white,style_1
SHOFVJX2TP8FRR7P,black,style_1
SHOF2544GTK42KRR,white,style_1
SHOFUVZTXJX3NCHF,white,style_1
SHOFW8D8TMRM5JG7,white,style_1
SHOFM8GQ2YR6Q5FA,white,style_1
SHOFVJX2TP8FRR7P,black,style_1
SHOFUVZTXJX3NCHF,white,style_1
SHOFW8D8TMRM5JG7,white,style_1
SHOFM8GQ2YR6Q5FA,white,style_1
SHOF9HHVJFYZTZZS,white,style_1
SNDFEFZ2HPXKMANY,white,style_1
SHOEYBEUJY9XHPZK,white,style_1
SHOFZHXT6JJ5YBQD,black,style_1
SHOFYEV4HCPKPGQW,white,style_1
SHOF9HHVGYRFXPZH,white,style_1
SHOFG2AZGJHDU6SY,white,style_1
SHOFKAZMGJHMBFSP,white,style_1
SHOEZ4ETTB3S7XHH,black,style_1
SHOFWHF8JHM2QBKY,white,style_1
SHOFUVZT6ADKY5VW,white,style_1
SNDFE26ZKXZQNADF,white,style_1
SHOF4PCGV2XJPZAP,white,style_1
SHOF9HHVGZZVGHPB,white,style_1
SHOEXHAC44HRHTSJ,gray,style_1
SHOF8MTEFPHH28UA,white,style_1
SHOFP7Y2YEYFKSGU,white,style_1
SHOFW8DUE8BXXKYX,white,style_1
SHOFN5Y3C6UZRDC8,white,style_1
SHOFJ35P5UDK744S,white,style_1
SHOFJ35PFXFXGWR9,white,style_1
SHOEXDTN4ZXBFDVS,black,style_1
SHOFP7Y2ZSPHQHZR,white,style_1
SHOEZYYH7AGXGSPV,white,style_1
SHOEXDUFMATWVPXA,white,style_1
SHOF98H4X8PU3EGW,white,style_1
SHOFU4TFQHFRX2FV,white,style_1
SHOF2RE7FUSEUG7K,white,style_1
SHOF8MST8NBHDAW7,gray,style_1
TSHFYWFQMUCGYVUV,purple,style_0
TSHFYWFQGHGNTTXA,white,style_0
TSHFYWFQW49RZYAR,white,style_0
TSHFYWFQQHZ4H9ER,pink,style_0
TSHFZQZA324XYHZC,pink,style_0
TSHFZKM8HSCZDQER,black,style_0
TSHFZPENHCAQQWCR,pink,style_0
TSHFZPENQKGHKYTU,white,style_0
TSHFZKM8ZVFJDCYV,pink,style_0
TSHFZQ3HU8Q4YKS5,white,style_0
TSHFZ9K3GMWCJKZS,pink,style_0
TSHFZQ3HU8YKYXGF,gray,style_0
TSHFZPENWQNK9UNG,white,style_0
TSHFYWFQ9GBQTBZK,brown,style_0
TSHFZPENTY9GZ5FY,gray,style_0
TSHFZPENNC3FUH6F,pink,style_0
TSHFZPENCUGXACSY,gray,style_0
TSHFZPENPC2DPVYY,pink,style_0
TSHFZPENAHTZJCPR,brown,style_0
TSHFYWFQWHRNCZHJ,white,style_0
TSHFZPENAVZCFY8R,white,style_0
TSHFZPENJQQCYEV2,white,style_0
TSHFZQ3HHXFYTQJG,pink,style_0
TSHFYWFQW8JWPCZZ,black,style_0
TSHFZQ3HSRXVDQXS,pink,style_0
TSHFZ9JSB5MB9AAG,black,style_0
TSHFZPEN8HHR6GFD,pink,style_0
TSHFYWFQ5HHBFMS4,pink,style_0
TSHFZQZAYQ79XAH9,white,style_0
TSHFYWFQXH4GGQFH,pink,style_0
TSHFZQZAEJR66JTQ,white,style_0
TSHFZQZAHDSH9GZX,white,style_0
TSHFZQZAZD8MYBGZ,pink,style_0
TSHFYWFQZPYHAQNV,pink,style_0
TSHFZQZAAZ9VZBZJ,pink,style_0
TSHFYWFQSKWH25HJ,white,style_0
TSHFZQZAE9C5UTTD,white,style_0
TSHFZQZAHPYW8VUT,white,style_0
TSHFZQZANKUGXBJC,white,style_0
TSHFYWFQGZGKCHUX,pink,style_0
TSHFZKM85U323FTA,pink,style_0
TSHFZ9K33VWUCRFW,pink,style_0
TSHFZ9K3AX2MBCPM,purple,style_0
TSHFYWFQMUCGYVUV,purple,style_0
TSHFZKM8GMFUZXGE,pink,style_0
TSHFZ78EDZFQYC2X,white,style_0
TSHFZKM8ATBQHECF,white,style_0
TSHFYWFQGHGNTTXA,white,style_0
TSHFYWFQXQAXAH2X,pink,style_0
TSHFZKM8FUZSCS8Z,pink,style_0
TSHFZ9K38GDWMSKX,white,style_0
TSHFYWFQSKWH25HJ,white,style_0
TSHFYWFQCPZUSTGX,purple,style_0
TSHFYWFQWHRNCZHJ,white,style_0
TSHFZKM8YGCZHWVK,white,style_0
TSHFYWFQ9GBQTBZK,brown,style_0
TSHFZR2TKGZYXFPT,gray,style_0
TSHFZ9K3VEGHKZE5,black,style_0
TSHFYWFQJ5PXFRJU,black,style_0
TSHFYWFQW8JWPCZZ,black,style_0
TSHFYWFQTVCARGRU,brown,style_0
TSHFZ9K39MAMHHUF,brown,style_0
TSHFZ9K3WK4FPKQ9,white,style_0
TSHFYWFQXH4GGQFH,pink,style_0
ETHFZ3Q34ZCBXK7S,white,style_0
TSHFYWFQDZJ2GHGT,brown,style_0
TSHFYWFQMUCGYVUV,purple,style_0
TSHFYWFQMUCGYVUV,purple,style_0
TSHFYWFQMUCGYVUV,purple,style_0
TSHFYWFQMUCGYVUV,purple,style_0
TSHFYWFQMUCGYVUV,purple,style_0
TSHFYWFQMUCGYVUV,purple,style_0
TSHFYWFQMUCGYVUV,purple,style_0
TSHFYWFQMUCGYVUV,purple,style_0
TSHFYWFQDZJ2GHGT,brown,style_0
TSHFYWFQMUCGYVUV,purple,style_0
TSHFYWFQMUCGYVUV,purple,style_0
TSHFYWFQDZJ2GHGT,brown,style_0
TSHFYWFQDZJ2GHGT,brown,style_0
TSHFYWFQMUCGYVUV,purple,style_0
TSHFYWFQMUCGYVUV,purple,style_0
TSHFYWFQDZJ2GHGT,brown,style_0
TSHFYWFQMUCGYVUV,purple,style_0
TSHFYWFQMUCGYVUV,purple,style_0
TSHFYWFQMUCGYVUV,purple,style_0
TSHFYWFQMUCGYVUV,purple,style_0
TSHFYWFQMUCGYVUV,purple,style_0
TSHFYWFQMUCGYVUV,purple,style_0
KTAFBCFZCBYFGW8H,white,style_0
KTAFD2U9ZM6FQ7D6,white,style_1
KTAFDVG4QWHPQGFJ,orange,style_0
KTAF5BMUHFEC7DTD,white,style_0
KTAFD3ZMPXPC3GE4,white,style_0
KTAFPH7K7JW2KXHD,white,style_0
KTAFD2UBNTQPBGAE,brown,style_0
KTAFDVG4MFGKVFTE,white,style_0
KTAFDVG3CHBXWHXF,white,style_0
KTAFDVG4TF7ZFCQC,white,style_0
KTAFD2UBGFJEGGPM,brown,style_0
KTAFD2UBNRWRAQJW,brown,style_0
KTAFD2UB2NGVGNQE,brown,style_0
KTAFD2UBYWYJGSKU,white,style_0
KTAFD2UBCVEYNDTP,brown,style_0
KTAFD2UBT7EHYZRW,white,style_0
KTAFD2UB3XUDTEZM,white,style_0
KTAFD2UBBZKSQGYB,white,style_0
KTAFD2UBPDF8GXWH,white,style_0
KTAFD2U9CPNYSPX7,gray,style_1
SHTF64JE4JJZXNWN,white,style_0
KTAFD2U9KQXCQFZJ,white,style_1
KTAFD2U9H96RNW3H,gray,style_1
KTAFD2UBSDPHPHXC,brown,style_0
KTAFD2UBPY9HHSY6,brown,style_0
KTAFD2UBHHZNSX2B,white,style_0
KTAFDVG4F6CHPHNM,orange,style_0
KTAFPH7JAKFPY87C,white,style_1
KTAFD2UBSZXGANHH,white,style_0
KTAFDVG35JRBKUKG,white,style_0
KTAFD2UBSTFTB6SJ,white,style_0
KTAFDVG3HHUFBUZH,white,style_0
KTAFDVG37ZSGF9CR,white,style_0
KTAFD2U8FHZRECCF,white,style_1
KTAFD2U9YFW3CFPR,white,style_0
KTAFD2U825GCQDF9,white,style_1
KTAFD2U8ZGHHHNYF,white,style_1
KTAFD2U9ZNKJGBGY,white,style_1
KTAFD2U9H96RNW3H,gray,style_1
KTAFDVG3NKYQPZYY,white,style_0
KTAF5SD3WHM2V9HZ,white,style_1
KTAFDVG4R5EJKXRQ,white,style_0
KTAFDVG3BQVGVJKE,white,style_0
KTAFDVG4GPDAGH4U,white,style_0
KTAFDVG44DBP3Y43,white,style_0
KTAFDVG4RGUFGNKU,white,style_0
KTAFDVG43CRFVW7G,white,style_0
KTAFDVG4VKJ84ZPR,white,style_0
KTAFDVG44YAGZKR3,white,style_0
KTAFDVG49KPUAJEN,white,style_0
KTAFDVG352BWD8F7,white,style_0
KTAFDVG3GBKFY45N,white,style_0
KTAFDVG4HGJQMZQK,white,style_0
KTAFDVG3QPBQZKUQ,white,style_0
KTAFDVG4QWHPQGFJ,orange,style_0
KTAFE8HXBFWKVAVK,white,style_0
KTAFDVG4C9YA38JF,white,style_0
KTAFDVG4VHHECNHH,orange,style_0
KTAFDVG4RZGAACJD,orange,style_0
KTAFEYGGUHWZA89K,white,style_0
KTAFDWB6ATHDQHHN,white,style_0
KTAFDVG4YZBS44WT,white,style_0
KTAFEYGGPWJBB9RR,white,style_0
KTAFEYGG3CP5FDHP,white,style_0
KTAFD2U96GQBXCSP,white,style_0
KTAFDVG4MFGKVFTE,white,style_0
KTAFD3ZMEMREHQHS,white,style_0
KTAF5SD2C3TJACQF,white,style_0
KTAFD3ZMZSMMHB5C,white,style_0
KTAF5BHTYWY7YYMY,white,style_0
KTAFD2U9MWTSSDNU,white,style_1
KTAFDVG4TSDXEMCZ,white,style_0
KTAFPH7JVHJJ6HVZ,white,style_1
KTAFD3E4DTKJCRJD,white,style_0
ETHFFNRGAHZFAY2P,white,style_0
KTAFD3ZMWMWFHWHH,white,style_0
KTAFD2U96GQBXCSP,white,style_0
KTAFD2U9ZNKJGBGY,white,style_1
ETHFFZAHDYM2NNYV,white,style_0
KTAFE8HXM7GFSDUZ,white,style_0
ETHFFZAHVVSYQDHT,white,style_0
KTAFEYGGXJMJ5P9G,white,style_0
KTAF5SD2TQ3UV4GG,white,style_1
ETHF2557EGMJTGFT,white,style_1
ETHF2557ZHWRYHPT,white,style_0
ETHF25572QHXAGEQ,white,style_0
KTAF5SD2XS8HWYCX,white,style_1
KTAFE8HXJDQEDX3F,white,style_0
ETHFFNRGCFZZZJFT,white,style_0
ETHFFNRGMNZC8YY7,white,style_1
KTAFE8HXC2A2BPZF,white,style_0
ETHFFNRGFDQWGKTZ,white,style_0
KTAFPH7KUEBT65RY,white,style_0
KTAFPH7JNGYZSDHS,white,style_1
KTAFPH7JWXARRETM,brown,style_0
KTAFPH7JN77FY6AP,white,style_1
KTAFPH7JGH4HFDXG,brown,style_0
KTAFPH7JRG3GGB7B,brown,style_0
KTAFPH7JTWUMCFKW,white,style_0
KTAFPH7KYZCGMWRZ,pink,style_1
ETHFFNRGNKGFZEXD,white,style_0
KTAFPH7JGEWMC4VQ,purple,style_1
ETHFFNRGDGFUXJNX,white,style_0
KTAFPH7KK2PHHJDR,pink,style_1
ETHFFNRG9JKZFMPN,white,style_0
ETHF2557WQ98NSZC,white,style_1
ETHF2557SGSWZEVH,white,style_0
KTAFPH7KFGHZHFPZ,white,style_0
ETHF2557EG7MDXES,white,style_0
ETHF2557ZVRYYQZS,white,style_0
ETHF2557HFUJKF6S,white,style_0
ETHF2557NWFC5AS6,white,style_0
ETHF2557GMAMGGNR,white,style_0
ETHF2557X6HKRUY3,white,style_0
ETHF2557SVKPBHHW,white,style_0
ETHFFNRGFTNFSB3Q,white,style_1
ETHF2557CGF4CUMW,white,style_1
SHTF64J7YHNET2YH,white,style_0
ETHF2557MQCHATEY,white,style_0
KTAFD2U9YMZEMGGB,white,style_1
KTAFPH7JAFWKFF5V,purple,style_1
KTAFPH7KTT5JYV6U,white,style_0
KTAFDVG3K4ZBGUY9,white,style_0
KTAFPH7KFWYNBAVG,white,style_0
KTAFPH7KZ5CTJYZC,white,style_0
KTAFPH7JVRG87YSK,brown,style_0
KTAFPH7KWJW9UZTH,white,style_0
KTAFPH7KVQJG7EMW,white,style_0
KTAFPH7KKNDYU43Q,white,style_1
KTAFPH7KV3HAEGSG,white,style_1
KTAFPH7KWUTCURGH,white,style_0
KTAFD2U9TD6VNWFY,white,style_0
KTAFPH7KH8K7DSZB,white,style_0
KTAFDVG3GQF2HFYZ,white,style_0
KTAFPH7JW2JUG5HZ,purple,style_1
JCKFZKQGXJYHY9V7,white,style_0
JCKFZMHHBCYRPFPP,white,style_0
BXRFUHHV4DT2WCNF,white,style_1
BXRFUHHXPMQFKNUN,white,style_1
BXRFUHHVUEVU39UV,white,style_1
BXRFUHHVPUA7CBM7,white,style_1
BXRFUHHVZGRGB3Q4,white,style_1
KTAFYMDYEDF2HYHH,black,style_0
KTAFYNEF5R3YZWJ2,white,style_0
KTAFYEJ3RXF3UZSR,gray,style_0
KTAFXMURHV6KS9MD,white,style_0
KTAFYNF7YKC9KMRF,white,style_0
KTAFYM94ZHCAZJPG,white,style_0
KTAFYHYB9MHWHHWY,white,style_0
KTAFYNE2FMNYDK7Y,white,style_0
KTAFYM98VYZCHPGA,white,style_0
KTAFYM9QX6ZP8HRB,white,style_0
KTAFYNFAYGYXMQJX,white,style_0
KTAFYMGXYZNHMX5A,gray,style_0
KTAFYNEQRYXZTWAH,white,style_0
KTAFYNFGHFGWZQGN,white,style_0
KTAFYMCN3ZVQR6XT,white,style_0
KTAFYHWQEUKGHQSZ,white,style_0
KTAFYMGCVBYZSBPM,pink,style_0
KTAFYNH6PYDGTEZP,white,style_0
KTAFYNGSEZGFRZFR,white,style_0
KTAFYNGBADVKW8KT,white,style_0
KTAFYMZHVSPKBTZB,white,style_0
KTAFYNFDEH8MHGUM,white,style_0
KTAFYHVVBRMEAUTV,white,style_0
KTAFYNDSG5WKSCMJ,black,style_0
KTAFYNE8BHA9B3GT,gray,style_0
KTAFYNE7WZ6JCWE5,white,style_0
KTAFYMZQEYZX4UAT,white,style_0
KTAFYHTHGFNZ9PQF,white,style_0
KTAFYNEYZNSWTYQ3,brown,style_0
KTAFYMDYZNG7ZAGG,black,style_0
KTAFYMZRXEHH4MSN,white,style_0
KTAFYNFHQ4DVMXZZ,white,style_0
KTAFYJZHVAHCCWR9,white,style_0
KTAFYNFZGC2ZY5NM,pink,style_0
KTAFYHTTNXAB7ZVY,pink,style_0
KTAFYMDYEDF2HYHH,black,style_0
KTAFYNFSCDWTJEWQ,white,style_0
KTAFYMD9CTW5WMFE,brown,style_0
KTAFYJKBF3WZ5MGC,black,style_0
KTAFYJZJDYHAUVKX,white,style_0
KTAFYMDNWTD9GKHE,pink,style_0
KTAFYNEF5R3YZWJ2,white,style_0
KTAFYHWDAWZFDUYT,white,style_0
KTAFYNYQ8YZDESWZ,black,style_0
KTAFYMH86WNDCN3G,white,style_0
KTAFYP5GQWF7BQBQ,pink,style_0
KTAFYNYZHKZHFH24,white,style_0
KTAFYKU8PYGFWFJJ,white,style_0
KTAFYNGZ3TRCCGXS,white,style_0
KTAFYP5BDJE73RTB,black,style_0
LWMFMF9UJGX7SWS4,gray,style_1
LWMFYN9NQFZDTASF,gray,style_1
TSHFW7GJEJYFJQVU,white,style_0
TSHFW7G3CPDP8YND,white,style_0
TSHFW7YNFKTGU3YY,white,style_0
TSHFW7GYKMHGZUZM,white,style_0
TSHFW7YNH4WWFCHH,pink,style_0
TSHFW7GFTVAGN5EH,white,style_0
TSHFW7F9PZCZGRZT,white,style_0
TSHFW7G2HPB3BGPY,white,style_0
TSHFW7GFZQBNZ7EU,white,style_0
TSHFW7G3MM6XAJPM,white,style_0
TSHFW7G2AMYMZPCA,white,style_0
TSHFW7F9CTHYCZQE,brown,style_0
TSHFW7F47A3YVBGD,white,style_0
TSHFW7F49C4FRWWG,white,style_0
TSHFW7F9CMZE6K7J,white,style_0
TSHFW7F4NJAFZBFC,white,style_0
TSHFW7F3XWMGK7WT,white,style_0
TSHFW7YNR6KFWNCK,white,style_0
TSHFW7F9BWUMENZZ,white,style_0
TSHFW7F3PXYZBZUS,white,style_0
TSHFW7F9DGEN6XYJ,white,style_0
TSHFW7F3DYMZXJH6,white,style_0
TSHFW7F4ZTHMV329,white,style_0
TSHFW7GYFXTFRFM3,white,style_0
TSHFW7G25AGURMVH,white,style_0
TSHFW7G2ZYCESAWH,white,style_0
TSHFW7GFNEPCNZDT,white,style_0
TSHFW7G2ZV2JJNFH,white,style_0
TSHFW7G2WMZDSJWG,white,style_0
TSHFW7GGYFMHSHYY,white,style_0
TSHFW7G3RATKQJHY,white,style_0
TSHFW7G2SYTQNBTX,white,style_0
TSHFW7F3FMEMUSX2,pink,style_0
TSHFW7G29V6TZZAM,white,style_0
TSHFW7GJ9WXBGVWP,white,style_0
TSHFW7G2AH4G5TJT,white,style_0
TSHFW7GFYGBHSY37,white,style_0
TSHFW7G2GAEA69NN,white,style_0
TSHFW7GFPZDVEDJX,white,style_0
TSHFW7GYHG49RD4S,white,style_0
TSHFW7G2NBVRFSTB,white,style_0
TSHFW7GYUUCENAKN,white,style_0
TSHFW7G2GJVQ4H9S,white,style_0
TSHFW7GYHGQGBFYR,white,style_0
TSHFW7GY8SFRXZGF,orange,style_0
TSHFW7G2ZRK8VVRD,white,style_0
TSHFW7GFGBNNKJKP,white,style_0
TSHFW7GFAJBVF45N,white,style_0
TSHFW7G2NGP9KRRG,white,style_0
TSHFW7GFFHQCZZA5,white,style_0
TSHFW7GH2GZKYUGG,white,style_0
TSHFW7GFPZFR2KHH,white,style_0
TSHFW7G2HXRAFEUW,white,style_0
TSHFW7GHFEZRWFDA,white,style_0
TSHFW7G3U2KHARFH,white,style_0
TSHFW7G2KHJZZBUB,white,style_0
TSHFW7G2BKFJEAKJ,white,style_0
TSHFW7GF2JHTWHUZ,white,style_0
TSHFW7GYWWFFB8NH,white,style_0
TSHFW7G5UKMTGKJR,white,style_0
TSHFW7F3SZYA5MCP,white,style_0
TSHFW7G3RAZ2SSX3,white,style_0
TSHFW7YHWHHCGS6Y,black,style_0
TSHFW7GYDWWJXHWB,white,style_0
TSHFW7YMTA5FS44Y,pink,style_0
TSHFW7YMJ4RJAUGZ,white,style_0
TSHFW7YMGPSCVMGX,purple,style_0
TSHFW7F4ZZYWCHVE,white,style_0
TSHFW7F492XGP6JR,brown,style_0
TSHFW7F4Z5HHHNBP,white,style_0
TSHFW7F4XEDY2HYF,white,style_0
TSHFW7GYGCWUQMCC,white,style_0
TSHFW7GYZNDPFKCV,white,style_0
TSHFW7YNSFFG2ZNH,white,style_0
TSHFW7F3NHHFUCGM,green,style_0
TSHFW7YMX5MCGCNX,white,style_0
TSHFW7G29RZZPZZB,white,style_0
TSHFW7F4KCN5DZUH,white,style_0
TSHFW7F3NDS7BF49,white,style_0
TSHFW7F4BJZP8MT4,white,style_0
TSHFW7YNTTHAZYGB,pink,style_0
TSHFW7G3DHQGSQGD,white,style_0
TSHFW7F3G9ZVZZKH,pink,style_0
TSHFW7GFA5GFJP8Y,white,style_0
TSHFW7G4JWHKYTCY,brown,style_0
TSHFW7F3UQZNSGEP,white,style_0
TSHFW7G3JC6HP8FZ,white,style_0
TSHFW7G3TFSBHBRS,white,style_0
TSHFW7G2GHG3VFXB,white,style_0
TSHFW7G2S6NQV6GG,white,style_0
TSHFW7G2YTYD5W6B,white,style_0
TSHFW7GFQG3M2CHW,white,style_0
TSHFW7YHNXRYZS7D,white,style_0
TSHFW7F3WHTY8ZNW,brown,style_0
TSHFW7F4GQYUDMGZ,purple,style_0
TSHFW7YMFAZNMYXH,black,style_0
TSHFW7F3GYXKHYHB,pink,style_0
TSHFW7F3UDBQ8JH3,brown,style_0
TSHFW7F3PRQSAVN9,brown,style_0
TSHFW7F3FGBFA8HT,pink,style_0
TSHFW7YH3QA9WZ8E,black,style_0
TSHFW7YNH7AW9ENM,black,style_0
TSHFW7G2JSGAGPVS,white,style_0
TSHFW7YM9FCAZTBJ,pink,style_0
TSHFW7F3TXNEHUFA,brown,style_0
TSHFW7F9ZRXWYZCE,white,style_0
TSHFW7F4HUSKPKWG,gray,style_0
TSHFW7F9W8XZAJ74,white,style_0
TSHFW7F9VAPAYFFA,gray,style_0
TSHFW7F4HRPWNHFX,white,style_0
TSHFW7F4ATRMGMEX,white,style_0
TSHFW7F4EDZCUFX4,white,style_0
TSHFW7F4RMJVK4AP,gray,style_0
TSHFW7F4AY7EQ38Z,white,style_0
TSHFW7F4YAZPVEWE,gray,style_0
TSHFW7F4JMTRPVVZ,white,style_0
TSHFW7F4AFAAEGD6,gray,style_0
TSHFW7F9FDZ8ANQH,white,style_0
TSHFW7F47EF9FZKF,white,style_0
TSHFW7F4YAANYGKH,white,style_0
TSHFW7F9HH9ZD2G6,white,style_0
TSHFW7F4CEAEUYFG,white,style_0
TSHFW7G3BWWKHQYA,brown,style_0
TSHFW7YMVSS8P5YR,gray,style_0
TSHFW7F4XQVZ8PMP,white,style_0
TSHFW7F4NKX9HANH,white,style_0
TSHFW7F4DJTKCUAU,white,style_0
TSHFW7F4RKNDQYCD,white,style_0
TSHFW7F4EYUNHFRM,white,style_0
TSHFW7F4ZFRR8CVE,white,style_0
TSHFW7F956YDNPWQ,white,style_0
TSHFW7F4VZD9EKGE,white,style_0
TSHFW7F4HVMCXDWE,white,style_0
TSHFW7GHPMZWTCSV,white,style_0
TSHFW7GHBZTYWZCZ,white,style_0
SHTFWGBHWUTX8PTJ,white,style_0
SHTFZP66MYXQNGNC,white,style_0
SHTFWGBHYHAV2DHS,gray,style_0
SHTFWGBHFJHBHBUQ,black,style_0
SHTFWGBHHHJMPW4E,black,style_0
SHTFWGBHNVHMJGFH,black,style_0
SHTFWGBHZRZ3BMNY,black,style_0
SHTFWGBHBXWJ4QXV,pink,style_0
SHTFWGBHSGRZUJMZ,black,style_0
SHTFWGBHKXTKAHXD,black,style_0
SHTFWGBHAEHHWNGU,black,style_0
SHTFWGBHRVWMYRZC,white,style_0
SHTFWGBH6H2DNKZB,black,style_0
SHTFWGBHG5UAJGXG,black,style_0
SHTFZP66GGKV5KME,black,style_0
SHTFZP66SKGEKSJZ,pink,style_0
SHTFZP66HZNRS2XR,white,style_0
SHTFWGBH7MXY3YDT,white,style_0
SHTFWGBHZDFHFQZW,gray,style_0
SHTFWGBHWVH8YUKZ,gray,style_0
SHTFZP66CZBAE43R,white,style_0
SHTFWGBHENMCXCXN,white,style_0
SHTFWGBHPETF7GF2,gray,style_0
SHTFWGBHUYTZ5TVG,pink,style_0
SHTFWGBHHFNH9AHX,gray,style_0
SHTFWGBHHZBFHHGU,white,style_0
KTAFP4ZHP4YYHG35,pink,style_0
KTAFP68T6HPACTFZ,pink,style_0
KTAFVTYNDGJWSTBN,gray,style_0
KTAFVTYNGPHZA69Q,white,style_0
KTAFVTYNQ4KWGZRB,gray,style_0
KTAFVTYNFEZCQ55P,gray,style_0
KTAFVTYNZTN3QWTJ,gray,style_0
KTAFVTYNGJTMWGFN,brown,style_0
KTAFVTYNGGFPWKG7,gray,style_0
KTAFVTYN87FW56ZF,white,style_0
KTAFVTYNVUG2YRYZ,gray,style_0
KTAFP68TXMQR99XH,white,style_0
KTAFVTYNETH53NZB,gray,style_0
KTAFP68T72HDKEU3,brown,style_0
KTAFP68TBMGXMGVX,purple,style_0
KTAFP8KSXZVAWHZG,white,style_0
KTAFP68TC7Z5HUFG,purple,style_0
KTAFP68TZZHVYUMY,white,style_0
KTAFP5Y3F77RZFGU,pink,style_0
KTAFP68T9FRFUWHX,gray,style_0
KTAFP68TUZZGNQG2,white,style_0
KTAFP68T4NF8QGVN,black,style_0
KTAFP68T9SGJNGTX,black,style_0
KTAFP68TJUGTPF5Q,gray,style_0
KTAFP8KSVAYZ3HBV,purple,style_0
KTAFP68TBREZEHVK,brown,style_0
KTAFP8KSUVZBFGHF,purple,style_0
KTAFP8KSHC8AVAAG,purple,style_0
KTAFP8KS7ZKFVVFS,white,style_0
KTAFP8KSB7RAQZXZ,white,style_0
KTAFP8KS5UZZ7U7H,white,style_0
KTAFP8KSAK2GZ3HU,white,style_0
KTAFP8KS4BQWWYRY,white,style_0
KTAFP8KSZACEV7ZQ,white,style_0
KTAFP8KSZYFDPFZY,white,style_0
KTAFP8KSPRUHFGZN,purple,style_0
KTAFP8KSFTGY8H6X,purple,style_0
KTAFP68TNTGRHXHB,brown,style_0
KTAFP8KSSWRVTNAG,white,style_0
KTAFP8KSBFNYRSZZ,white,style_0
KTAFP8KSTGQPYGUT,white,style_0
KTAFP8KS37WZMEDV,white,style_0
KTAFP8KSEZUYRXSG,purple,style_0
KTAFP8KSTGWRDYAW,white,style_0
KTAFP8KS6GGG6VG3,white,style_0
KTAFP8KSYHAHPVGX,white,style_0
KTAFP8KSGABXJCXE,white,style_0
KTAFP8KSASGYWKWH,white,style_0
KTAFP8KSBRKZ58J3,white,style_0
KTAFP8KSQJWTBFAX,purple,style_0
KTAFP8KS6GHEAQFT,purple,style_0
KTAFP8KSVWFYHRPE,white,style_0
KTAFP8KSXNE3CWAG,purple,style_0
KTAFP8KSFVGVYNM8,white,style_0
KTAFP8KSG59MJSQW,white,style_0
KTAFP8KSGTZHZGZQ,white,style_0
KTAFP8KSA2GVCUGB,white,style_0
KTAFP8KSDUZZGFAG,white,style_0
KTAFP8KSPMCRD56E,white,style_0
KTAFP8KSCYTM93ZG,white,style_0
KTAFP8KSEB6VEDXB,purple,style_0
KTAFP8KSUFRUP6AG,white,style_0
KTAFP8KSBGE9YFXD,white,style_0
KTAFP8KSGDCPVKWR,white,style_0
KTAFP68TGPGCYX5A,white,style_0
KTAFP8KSWTD65VZZ,white,style_0
KTAFP8KS5TFZZKZZ,white,style_0
KTAFP8KSX2GHFNEG,white,style_0
KTAFP8KSZBRMDYVG,white,style_0
KTAFP8KSYBPZWQUK,white,style_0
KTAFP8KSMRSACHRB,white,style_0
KTAFP8KSKGDGSYXG,white,style_0
KTAFP8KSFKKYEZY5,white,style_0
KTAFP8KSRYYMUAUB,white,style_0
KTAFP8KS83PBA2ZS,white,style_0
KTAFP8KSUW4QTRG6,white,style_0
KTAFP8KSUPKDRFRY,white,style_0
KTAFP8KSWDW2FKKZ,white,style_0
KTAFP8KSHEPU4CH8,white,style_0
KTAFP68T6THFSUEZ,white,style_0
KTAFP68TNNGHZKMD,gray,style_0
KTAFP68THY5GTG95,white,style_0
KTAFP68THF6FHQGG,gray,style_0
KTAFP68TBCDETCS8,purple,style_0
KTAFP68THRMUXAVW,purple,style_0
KTAFP68THGQ4PHZG,black,style_0
KTAFP68TBVATY9MH,white,style_0
KTAFP4ZQ86ZAMHK6,gray,style_0
KTAFP68THXMGSUKK,white,style_0
KTAFP68TCFCWEH5X,brown,style_0
KTAFP68TBGY2CFZY,white,style_0
KTAFP4ZHCEMZWGSG,gray,style_0
KTAFP68TVKDCHSR8,white,style_0
KTAFP4ZHZSSNZRSR,brown,style_0
KTAFP68TFMVXDPJM,pink,style_0
KTAFP8KSUZWDUDEB,white,style_0
KTAFP4ZHFHQRGSYP,brown,style_0
KTAFP4ZHEGXYQ8Z8,pink,style_0
KTAFP4ZHXPZACRCB,gray,style_0
KTAFP8KSYZQNACRY,white,style_0
KTAFP68TBHUFGG5T,gray,style_0
KTAFP68TYAM8WXJJ,black,style_0
KTAFP4ZNZN4SNJPE,pink,style_0
KTAFP4ZHH5NBHZTJ,brown,style_0
KTAFP68TT83XMXYK,black,style_0
KTAFP68TEJRGQVGF,pink,style_0
KTAFP4ZH7KRXGVGU,pink,style_0
KTAFP4ZHGAFCFZH5,pink,style_0
KTAFP4ZHFSJWTPJQ,gray,style_0
KTAFP4ZHPEQTZBFT,brown,style_0
KTAFP4ZHSGPSGZNH,pink,style_0
KTAFP4ZHEJ4MMRQZ,pink,style_0
KTAFSXNQP6FDZHJU,white,style_0
KTAFP4ZQCZTU83XD,brown,style_0
KTAFP5Y2ZTHSYHWG,pink,style_0
JEAECSRFJNJUJNFJ,white,style_1
JEAE4NYHE5FJHUBF,gray,style_1
JEAEKMCHWJJVUPQE,white,style_1
JEAEKZFJHSKJMV58,white,style_1
JEAEKNV79D8E4Z3F,white,style_1
JEAEKZFGQSYRFV9K,white,style_1
JEAEKNV83HZRKETB,white,style_1
JEAFPMKZNTTHHKM5,white,style_1
JEAERYGSGHGM9JBA,white,style_1
JEAECSRFHAUAWZ9R,white,style_1
JEAEKSFSX6ZFX3ES,white,style_1
JEAERYJ25KBEYNTG,white,style_1
JEAES8HG6BHVRP5Y,white,style_1
JEAERZEPZXK2MADH,white,style_1
JEAECSRFKPAGZ9WS,white,style_1
JEAFPMKZYQDGZZAB,white,style_1
JEAFPMKZ6VZHJWXD,white,style_1
JEAFPMKZGHS2ZTKG,white,style_1
JEAFPMKZPGDT3GSS,white,style_1
JEAFPMKZC5EYHCHZ,white,style_1
JEAEQ5FUQSUZHVYA,white,style_1
JEAFPMKZDSAGG7EX,white,style_1
JEAEQ4RAXHYFMVHZ,white,style_1
JEAEQAMQ6G8ARHPR,white,style_1
JEAEX8BYZNYBRPVM,white,style_1
JEAEPKYDYBSSMUDY,white,style_1
JEAEQ4R7WJSPGMHN,white,style_1
JEAE4NYGRNHJTFWS,black,style_1
JEAERZFNXBSZ2KRY,gray,style_1
JEAEQ9GZZMF7GPAR,white,style_1
JEAEKRYTVP3NHWDX,white,style_1
JEAFPMKZNQZXZKPW,white,style_1
JEAEKMF2V5RGFUBU,white,style_1
JEAESBXVU9RDYA8E,black,style_1
TSHFH49FCP9QKCCB,white,style_0
SHTFV7KZPMCHXJYF,white,style_1
JEAEVEYBHZMCX2QR,gray,style_1
JEAEKSCH3EXCGUEF,white,style_1
JEAEKMF3M8NXSHFZ,white,style_1
TSHFH49FGTE78WZZ,white,style_0
TSHFH492EMBZ69SY,white,style_0
JEAEKZFGYRTUGHNZ,white,style_1
JEAEKSCKYGMGEAAZ,white,style_1
TSHFH48NVHMR4XVS,white,style_0
TSHFH79FDDFRFZEW,white,style_0
TSHFH48Z3YG4XYAJ,white,style_0
JEAEHYGF7JRHVYV4,white,style_1
JEAFJZ4Y7YYXCD43,white,style_1
JEAFVMMSRYBGDQQ2,white,style_1
VESFV6RKG9YK8HPW,white,style_0
CAPESRJUB2C4GVGU,white,style_1
CAPESRK5WFTRPKAT,gray,style_1
CAPETCFNHP4BFRFV,white,style_1
CAPET5K3UYXSPYGH,white,style_1
CAPETCFNJTFQ4H5M,white,style_1
CAPETCFNM5XAZ6HV,white,style_1
CAPETCFNFDHFYGYZ,white,style_1
BXRFTZCGPFHJFYYC,white,style_1
BXRFTZF7QZGQXU7J,white,style_1
BXRFVQJ6PUA4MVYJ,white,style_1
BXRFTZCHY6FMAHXF,white,style_1
BXRFTZCGYWU78AUH,white,style_1
BXRFTZCGXM2NTM22,white,style_1
BXRFTZCGESGW367P,white,style_1
BXRFTZCJPXHHY54P,white,style_1
BXRFTZCGGZAZPJCF,white,style_1
BXRFTZCGCRWPCSXU,white,style_1
BXRFTZCJRM5ST9DG,white,style_1
BXRFTZCHZHHVCDQR,white,style_1
BXRFTZCGGSYRXZTE,white,style_1
BXRFTZCGURMG4GHE,white,style_1
BXRFTZF7WCWHTZMV,white,style_1
BXRFTZF7XYHXNFHS,white,style_1
BXRFTZCJ77JJV9QM,white,style_1
BXRFTZF7JGX75DAW,white,style_1
BXRFTZF77XPPNYEH,white,style_1
BXRFTZCGMUGVKVKA,white,style_1
BXRFTZF7NZTJCVWB,white,style_1
BXRFTZF78EDDRNHF,white,style_1
BXRFTZCHCQARXC5H,white,style_1
BXRFTZCG8BGSBXES,white,style_1
BXRFTZCGHNPHKHZW,white,style_1
BXRFTZF7Z2EVZNEJ,white,style_1
BXRFTZF7V3QGMZFD,white,style_1
BXRFTZCJJXV3PEKG,white,style_1
BXRFTUXEBZUTGMVZ,white,style_1
BXRFTZCK4F3KZT8R,white,style_1
BXRFTZCGCDGYDRCA,white,style_1
BXRFTZF7EPQVD8YF,white,style_1
BXRFTZCKYCFJRPAF,white,style_1
BXRFTZCKRNFHKGKU,white,style_1
BXRFTZCJPDCKDMAJ,white,style_1
BXRFTZCHFXXMEHM4,white,style_1
BXRFTZCJUXZDXYGR,white,style_1
BXRFTZCGNTTGZZPD,white,style_1
BXRFTZCJYFH8NHBG,white,style_1
BXRFTZCGYTUKB4W8,white,style_1
BXRFTUXGUH8UQ9DM,white,style_1
BXRFTZCHJ8SDM84F,white,style_1
BXRFTZCGYHG4SGZV,white,style_1
BXRFVQJ6BRCSJJZC,white,style_1
BXRFTZF7U3MM8FJE,white,style_1
BXRFTZCHKHXHEP7K,white,style_1
BXRFW6CQJYZQRUKH,gray,style_1
BXRFW6747TGTZTRW,gray,style_1
BXRFW6CPHVVJSGFG,gray,style_1
BXRFW674BFZGU9GD,gray,style_1
BXRFW674Z8U3P8QV,gray,style_1
BXRFW6CP3AUDZYJN,gray,style_1
BXRFW674JRF8WJKB,gray,style_1
BXRFTZCGVGH3HMKA,white,style_1
BXRFW674FSHGPAZK,gray,style_1
BXRFTZCJ63HFPKZA,white,style_1
BXRFW6CPDFJJET7M,gray,style_1
BXRFTZF7ZXEYC3PE,white,style_1
BXRFW6CPZGUNHQYH,gray,style_1
BXRFW674TRQN9SSY,gray,style_1
BXRFW6CRXHWVBCKB,gray,style_1
BXRFTUXF6ZKCKETS,white,style_1
BXRFTZCG6TVBERQ4,white,style_1
BXRFW674TXZC2PTF,gray,style_1
BXRFW6758X6FVRHA,gray,style_1
BXRFW674FBJPXQBD,gray,style_1
BXRFW674ZRJHSTZ3,gray,style_1
BXRFW675JVZVPEFN,gray,style_1
BXRFTZCHHYK9ZHGE,white,style_1
BXRFTZCGWFD52T7V,white,style_1
BXRFTZCGHHSS9BQF,white,style_1
BXRFTZCJZ3HBC9QG,white,style_1
BXRFW6754KYP9ZQJ,gray,style_1
BXRFTZCH6FGZWHND,white,style_1
BXRFTZCGYSQFM4MP,white,style_1
BXRFTZCGD2BJMHKX,white,style_1
BXRFTZCJVHKRHJJH,white,style_1
SHTFZHXDQZADEJXK,white,style_0
SHTFZHXDAFGWHF6C,pink,style_0
SHTFZHXD2RPSVZ3V,white,style_0
SHTFZHXDSTHQNHP3,gray,style_0
SHTFZHXDFANQGQ8G,white,style_0
SHTFZHXDEHDQXH8V,white,style_0
SHTFZHXDJ8NDRXYX,gray,style_0
SOCFZ8FBDV26H6NG,white,style_1
SHTFDYMUQ7ZPEY97,gray,style_0
SHTFH8ZH6ZXE8ZZK,white,style_0
SHTFDYQ9CFETRKGX,pink,style_0
SHTFGFJPJQH7WZFT,pink,style_0
SHTFDYZGEXPED7YS,white,style_0
SHTFDYMYV7AUKE9R,white,style_0
SHTFCC2F8KEJ7VEK,white,style_0
SHTFGYHEWBFYCBXD,white,style_0
SHTFDYPHFAB6UKF8,gray,style_0
SHTFGYH2K9URS6PM,white,style_0
SHTF4FWGGMPGXMCH,white,style_0
SHTF47JNAVU4UMVP,white,style_1
SHTFGYGX2ZNDEUXS,white,style_0
SHTFDYTZGHNN2JQ9,white,style_0
SHTF47JNJKURQ2WN,white,style_0
SHTFG2AXVZUPGZKG,gray,style_0
SHTF45DY6GRT6YHW,white,style_0
SHTF4FWGG4YZH4BZ,white,style_0
SHTF42Y88SSHVUT5,white,style_0
SHTFH8ZH4GHAF6ZD,white,style_0
SHTFGX9TGHFHTS79,white,style_0
SHTF45DZMHTP66UR,white,style_0
SHTFGFADVXS8XSPJ,white,style_0
SHTF47JNQFEFRQHG,white,style_0
KTAFHRQGEWMQYYC7,gray,style_0
SHTFH92NWUWEQPAB,gray,style_0
SHTFDYV5MVWGZDJ3,gray,style_0
SHTF45DYRFA4M4AZ,white,style_0
SHTF47JN8HG8NTM4,white,style_0
SHTFCF8DGPUTHS93,gray,style_0
SHTFDYSQZ9AG7ZTV,gray,style_0
SHTF4FWJCN6BRSH2,white,style_0
SHTF47JNJHTXT5AB,white,style_0
SHTFG3GFQAJ9YSQK,white,style_0
SHTF4FWK2QWVFENH,white,style_0
SHTFGX9T4SZKDHRW,white,style_0
SHTFY5DGYMWNJ5PG,white,style_0
SHTFH8ZHWUECAGEK,white,style_0
SHTFG7FMWDDNYFEY,white,style_0
SHTFY5YSAAVHGSZB,pink,style_0
SHTFH92NRHWTSG5Z,gray,style_0
SHTF4FWJ6UQAHRQM,white,style_0
SHTFGYBZHRCFCYUX,white,style_0
SHTFH92NJJTGWHWV,gray,style_0
SHTF45DZ4V8W4DBP,white,style_0
SHTFGFE8YPAMXP9M,pink,style_0
SHTFGF7FFY2SUATX,pink,style_0
SHTFDYU42BPWHM3Y,white,style_0
SHTF47JNRDCZYBPX,white,style_0
SHTF47JNJF8ZPUDU,white,style_0
SHTFH937SAHHJHA3,gray,style_0
SHTFH9FSWEFPMPMD,white,style_0
SHTFH923QPDAEFTU,purple,style_0
SHTFH8YGFHYZRCYE,white,style_0
SHTFH923CR9MPS96,purple,style_0
SHTFH9FSTRZYTEZ9,white,style_0
SHTFH9Y9EUEYHFBT,white,style_0
SHTFH937BYFEX9XH,gray,style_0
SHTFH92NGBJERS53,gray,style_0
SHTFY52YCHAHU8HZ,gray,style_0
SHTFH937APZG5P8H,gray,style_0
SHTFH9Y9HTPGW6JY,white,style_0
SHTFH8YGZAAWZCM7,white,style_0
SHTFH9Y9APHPHHGG,white,style_0
SHTFH8YGACPKXW6X,white,style_0
SHTF45DYKHBCRAEX,white,style_0
SHTFH937JG2J74B6,gray,style_0
SHTFGFHTDVDQXFCZ,white,style_0
SHTFH9FSHGBRVQHB,white,style_0
SHTFH93RBGG72EHE,pink,style_0
SHTFCF38GN3XKFMG,white,style_0
SHTFH93RRMMS5RKZ,pink,style_0
SHTFH9FSFCYT5RKF,white,style_0
SHTFH937G7NCHSCY,gray,style_0
SHTFDYS6ZMARR5YS,black,style_0
SHTFGYGV4TNQFKHV,pink,style_0
SHTFH9FSTY48G9HJ,white,style_0
SHTFH93RY2GZPBCZ,pink,style_0
KTAFHRQG6SHX9Q4H,gray,style_0
SHTFH8ZHC4GEQMK9,white,style_0
KTAFHRQGJCGWZKFH,gray,style_0
KTAFHRQGSNZKNERY,gray,style_0
KTAFHRQGGMVF29YQ,gray,style_0
KTAFHRQGMMCFGQZ2,gray,style_0
SHTFCF3H3HC9HBER,white,style_0
SHTF8CKYUD4CGZJJ,white,style_0
SHTFDYRQRYGTW4PX,white,style_0
SHTFH8YGH3GMZQZN,white,style_0
SHTFH92NZAFFCQJ9,gray,style_0
SHTFH92NTFZAXGW8,gray,style_0
SHTFH8YGFQGJYZTX,white,style_0
SHTFH9VTRCBHHHYZ,pink,style_0
SHTFH93R6AAMPVXT,pink,style_0
KTAFHRQGCB3BFPBU,gray,style_0
SHTFH93RFTWYZVS3,pink,style_0
KTAFHRQGVTRHGYB7,gray,style_0
SHTFH923NHNGTFH6,purple,style_0
KTAFHRQGZUAMYB62,gray,style_0
SHTFH9Y9CWX3JAHM,white,style_0
SHTFH923V2Q38THA,purple,style_0
SHTFH8YGHSPY2T82,white,style_0
SHTFH93RSCRGPF8A,pink,style_0
SHTFH9Y9FWA6EYRT,white,style_0
SHTFH923HYY7GXW4,purple,style_0
SHTFH9FSWSVVY6FR,white,style_0
SHTFH9VTZGFMUHGS,pink,style_0
SHTFDYVVNDXJQWWV,white,style_0
KTAFHRQGKGEVE4KQ,gray,style_0
SHTFDYRGG82QBAH2,white,style_0
SHTFH8YGBZZGWAED,white,style_0
SHTFH9Y9VGXZ4GSJ,white,style_0
SHTFH8YGD69XDDVQ,white,style_0
SHTFH9Y9KWZYEG4R,white,style_0
SHTFH8YGPFSXKF7G,white,style_0
SHTFH923HFVGHDCG,purple,style_0
SHTFH9Y9YZFQZCET,white,style_0
SHTFH923EGUNHGZJ,purple,style_0
SHTFH9Y9MNNN4PJV,white,style_0
SHTFH923KRQTFDTB,purple,style_0
SHTFH9Y9HWFXAJGU,white,style_0
SHTFH8YGZYHPBY2Q,white,style_0
SHTFH9FSYBZGFVGP,white,style_0
SHTFH9FSTU4G85YG,white,style_0
SHTFH937RSFP3ZAP,gray,style_0
SHTFH93RHCXRQDJ8,pink,style_0
SHTFH937GMXA8348,gray,style_0
SHTFH93RXWDJTWBG,pink,style_0
SHTFH92N3H2UUQMC,gray,style_0
SHTFH9FSCWRAYQWV,white,style_0
SHTFH9FSV7XXZZB6,white,style_0
SHTFH92NCNJUUSQB,gray,style_0
SHTFH93R6YKV42ZZ,pink,style_0
SHTFH937FWHQJWSR,gray,style_0
SHTFH937YNCTRHZY,gray,style_0
SHTFH92NZQBRGNY7,gray,style_0
SHTFH9VTZHBTZZY5,pink,style_0
SHTFH8ZHAH5WWX5J,white,style_0
SHTFH93RMP32HF5K,pink,style_0
SHTFH937GEZHRV5S,gray,style_0
SHTFH9V5NFQWMTYV,white,style_0
SHTFH937SYSZ6GFE,gray,style_0
SHTFH9VTKRG9FYK4,pink,style_0
SHTFH9VTXDN3NEFF,pink,style_0
SHTFCBDYA52ZZ5JD,white,style_0
SHTFH9VTGFHU6UKA,pink,style_0
SHTFH9VTGK4HVZNE,pink,style_0
SHTFH9VTZVXXZQ3V,pink,style_0
SHTFH8ZHHVFATUSE,white,style_0
SHTFH9VTGSB363GF,pink,style_0
SHTFDYMU7MCMFCT9,white,style_0
SHTF45DYQHVCJ7Z3,white,style_0
SHTFH8ZHZQ66S8U3,white,style_0
SHTFH9VTQ7HUZHGJ,pink,style_0
SHTFH8ZHGGBGNB9H,white,style_0
SHTFH9V5QFAZ7DGF,white,style_0
SHTFH923S8QHZHGJ,purple,style_0
SHTFH9V5PRYYC7QH,white,style_0
SHTFH9V5MGYJUQRV,white,style_0
SHTFH9VTKSPXWRZP,pink,style_0
SRWFC6HTYHE92NAQ,black,style_0
SHTFH8ZHDQ9HYR2N,white,style_0
SHTFH9V5HPNK6ZAJ,white,style_0
SHTFH9V5VMV22B8V,white,style_0
SHTFH9V5DBCXHABH,white,style_0
SHTFH8ZHJ7VWKVMW,white,style_0
SHTFH9V5TZZWPF8Y,white,style_0
SHTFH9V5GHKFSK2U,white,style_0
SHTFH9V5MCNUXZTC,white,style_0
SHTFH9V56UXNX2P9,white,style_0
FABFZH85MZ8S52FH,gray,style_0
FABFZH8ZQAFJU7AW,gray,style_0
FABFZH8HGKDW2MZK,pink,style_0
FABFZH7ZKYZEAH6T,black,style_0
FABFZH8Q9UJHHHGZ,white,style_1
FABFZH8SHA4ZPGNU,white,style_1
FABFZH8AGS4WTKPW,black,style_0
FABFZH92SREJWEV2,white,style_0
FABFZH8KCK8E2KH3,white,style_0
FABFZH8XUPRPEEB2,pink,style_0
FABFZHB2AFA7THKS,white,style_1
FABFZH8YZMXQAZUH,white,style_1
FABFZHB68YZJHYPH,pink,style_0
FABFZKBVGCS3TYHH,pink,style_0
FABFZHAZSGXYGCQ3,pink,style_1
FABFZH8FHGHGTFBN,black,style_0
TSHFZRCTRDE9NQZA,brown,style_0
TSHFZRCT2JN4HGXJ,black,style_0
TSHFZRCT2ZDM5AGQ,pink,style_0
TSHFZRCTS9FEZ3BC,gray,style_0
TSHFZRCTUNAN6HHP,black,style_0
TSHFZRCTS28YG4MM,purple,style_0
TSHFZRCTR3Z52VT3,black,style_0
TSHFKKCXY9YYQP4U,pink,style_0
TSHFKJEVA38FMDBA,pink,style_0
TSHFKJH5JUZZ4RTD,pink,style_0
TSHFKJFFJDXQHKDU,pink,style_0
TSHFKGSYNZNUWNEM,pink,style_0
TSHFKJCDCPBHF2ZA,pink,style_0
TSHFUX48WZGGMKZF,white,style_0
TSHFKJCSB2DAKBH2,pink,style_0
TSHFKKB4NBNUWHEX,pink,style_0
TSHFKJG4HDWQJEMN,pink,style_0
TSHFKHK6THNFZZDC,pink,style_0
TSHFKJGYBYHPHMGG,pink,style_0
TSHFUX489SDUV8ME,white,style_0
TSHFKJBSHEEHF5WP,pink,style_0
TSHFKJDRFG3HCZFW,pink,style_0
TSHFKJFPXGAJYEJQ,pink,style_0
TSHFKJDFGT4XUFNH,pink,style_0
TSHFKKA9YZTWDRJU,pink,style_0
TSHFY6ZWHC222RNW,gray,style_0
TSHFKJE6CVZ4WFH2,pink,style_0
TSHFY6FP4D3ZMFFH,white,style_0
TSHFKJJ6TBASAFXM,pink,style_0
TSHFY6ZWH4GTFFC8,gray,style_0
TSHFUX48VRYPYEH3,white,style_0
TSHFKKAU2KQYFWN4,pink,style_0
TSHFKKCMFHRD5XYY,pink,style_0
TSHFY6FPXJTFACEY,white,style_0
TSHFUX48GJPE5DNA,black,style_0
TSHFKJDCKTCA5CFX,pink,style_0
TSHFKKC5HS8TEJZW,pink,style_0
TSHFKJGCQHGUVAH9,pink,style_0
TSHFKKCC5N6MHFCH,pink,style_0
TSHFUX48ZT9DXQRG,black,style_0
TSHFY6ZWVSUZVE22,white,style_0
TSHFUX483DPPHW4C,white,style_0
TSHFUX48UEFX6JYD,white,style_0
TSHFUX48NVUZVGJG,white,style_0
TSHFY6FPHYU7XXUZ,white,style_0
TSHFKKCYPCXWQ5BT,pink,style_0
TSHFUX48FK4ZDGGG,white,style_0
TSHFKKAJ9NJCFHCC,pink,style_0
TSHFKJEHM3GPGVBV,pink,style_0
TSHFKJBEYFTMCZEP,pink,style_0
TSHENX24QASMERUP,pink,style_0
TKPEZAGSCUSJF8VM,black,style_1
TKPEGZ7NTPHFWKEU,white,style_1
TKPEZAGSQNCCZVYS,purple,style_1
TKPEZAGSJSTSUTRZ,black,style_1
TSHENYGRN9XHQUVF,brown,style_0
TKPEGZ7HBHDKUXTV,white,style_1
TSHFD4TQPFPZAAWD,gray,style_0
TKPFK5KGQBYZGRAW,gray,style_1
TKPFK52C7YUQAABT,white,style_1
TKPFK52CRCHV9HQ7,white,style_1
TKPEZAGTFVFHMC8W,gray,style_1
TKPEGZ7MRE2MHY6Z,black,style_1
TSHER6FBVYWFJGKQ,gray,style_0
TSHFHQH3HKDAGGK9,white,style_0
TSHEXZ8KJHEHFWYF,gray,style_0
TKPFK5KGEUPYCAUH,black,style_1
TKPEGZ7HNGCTZRNE,black,style_1
TKPEGZ7HNZJCAYHX,white,style_1
TSHENXFZHDWREHFT,white,style_0
SRTFKZB4GT2FCUQX,white,style_1
TSHEXZ8KHNVHEEK6,black,style_0
TSHEXZ8K3QVEV25H,white,style_0
TSHENYGSPFSRFC7T,white,style_0
TSHEXZ8KNQT7EH3Z,white,style_0
TKPEZAGSUGUYC28P,gray,style_1
TKPEGZ7HPA9AYGZD,gray,style_1
TSHEXZ8KYFDUHVYY,gray,style_0
TSHEXZ8KNA3ZHDSC,gray,style_0
TSHEXZ8KZPJSQMXJ,white,style_0
TSHENYJFMQBHC7UY,white,style_0
TSHEXZ8KZGYSFGH3,gray,style_0
TSHEXZ8KBEKYQYTZ,gray,style_0
TSHEXZ8KWDKF4CHF,white,style_0
TKPEZAGS42FZVHYJ,white,style_1
TSHER6FCMMNETWMH,black,style_0
TSHENXFYEJRHVXMY,white,style_0
TSHEXZ8KTZVQJECU,gray,style_0
TSHEXZ8KZQYRZTZH,gray,style_0
TKPEGZ7HKMGGGYBZ,white,style_1
TSHEXZ8KKZM6G55Z,pink,style_0
TSHEXZ8KZUEHJU3Z,gray,style_0
TKPFK52BUCF4VAFH,white,style_1
TSHENYGTJN6VSFZW,white,style_0
TKPFK52CWMPSATRM,white,style_1
TSHENWZ7JNTTUZMB,pink,style_0
TSHEXZ8KZQHMFUFP,purple,style_0
TSHENWW53TW4EGWG,white,style_0
TKPFK52BJSBGNNKK,white,style_1
TSHENXFVQA5GG6HH,brown,style_0
TSHENYGZEBSNARPQ,black,style_0
TKPEXZA5PYYD3PUW,black,style_1
TSHER6FBWFYYR5GG,pink,style_0
TKPEGZ7M7JQB6NPG,pink,style_1
TKPEXZA6CUYUWSVS,white,style_1
TSHER6FCAXA3JCZN,purple,style_0
TSHEZ63AHHESGXKM,white,style_0
TKPEXZA5Z5TZZS2A,pink,style_1
TSHFGNFGZTPZKJEJ,white,style_0
TSHER6FC4YZDTH53,pink,style_0
TSHER6FDRDKP2XUB,purple,style_0
TSHEZWQ9XVZH8PBS,pink,style_0
TKPFK5KGDWGFXM2A,white,style_1
TSHFHQH3E9ESGMXH,white,style_0
TKPEGZ7MBAUKYGWR,white,style_1
TKPFK52BFGTB7JFN,black,style_1
TSHENYGWFJWNZHZD,brown,style_0
TKPFK5KGG96EMTTJ,gray,style_1
TKPEXZA5EFGHGDRN,black,style_1
TKPFK5KGYRBNKZKK,pink,style_1
TSHEZ63AGYYVDQTE,white,style_0
TKPEXZA6GGQAAZCU,white,style_1
TKPFK5KGZQHAHJZF,white,style_1
TKPEGZ7HPFPCGHYE,black,style_1
TSHEXZ8KW7NSU6DE,white,style_0
TSHEXZ8KKWVACCEH,white,style_0
TSHEXZ8KHC2U5JT9,gray,style_0
TSHEXZ8KJC9GHZCH,white,style_0
TSHEXZ8KTR8AHYJG,pink,style_0
TSHEXZ8KDKN9DMNF,gray,style_0
TSHFGNFGZYJFGYTA,white,style_0
TSHFH8HGZQYERVKF,white,style_0
TSHEXZ8KTVRMVUZQ,white,style_0
TSHFGNFG94BDXNWC,white,style_0
TSHEXZ8KREJ8UJRV,white,style_0
TSHFGNFGJK4CBNZT,pink,style_0
TSHEXZ8KMFG4WHJY,gray,style_0
TSHFGNFGQ4FFZQ2R,white,style_0
TSHENYJ28ZCH4H4V,brown,style_0
TSHEZ63AZD58XZFH,gray,style_0
TSHFGZFNURH5KNYY,white,style_0
TSHFGZFZ2JVCVVEN,pink,style_0
TKPEGZ7H67EZKVNV,gray,style_1
TSHFGNFGJBUTGXAX,white,style_0
TSHFH8H4HHTKQGMS,white,style_0
TSHFGNFGGCBQR4NS,pink,style_0
TSHENXFWTYBBXETS,white,style_0
TSHEXZ8KAZQKM8Y7,gray,style_0
TSHFGNFGZMH94WQ6,white,style_0
TSHFGNFGY8E5CPKC,white,style_0
TSHFGNFG9JDCCWMN,pink,style_0
TSHENXFW8CZCTVU5,pink,style_0
TSHFH8H42GZ4AWPV,white,style_0
TSHFDJ63TVDHK25Q,white,style_0
TSHFD4TQYQAGAYEQ,pink,style_0
TSHFH8HGYY226HQ8,white,style_0
TKPEZAGS4TSDYFGW,white,style_1
TSHFH8H4TNZ5ZHQM,white,style_0
TSHFH8HFM5RW5RCT,white,style_0
TSHFH8H4BWFSVA9H,white,style_0
TKPEGZ7NPFPBKRQU,white,style_1
TSHFH8GXYXKR7K3B,white,style_0
TSHER6FBH6FDRYHH,white,style_0
TSHER6FB5T6XGZY9,pink,style_0
TSHER6FBQEXNZYRH,purple,style_0
TKPEGZ7MJH25GHGX,white,style_1
TSHER6F4RWS54H9F,pink,style_0
SRTEXZA54GMAKGXB,white,style_1
SRTEXZA6DWSXYWPT,gray,style_1
TKPEGZ7H4U4NCHGP,black,style_1
TSHER6F4GKYFZPZQ,white,style_0
TKPEGZ7NSMS42CUH,white,style_1
TKPEZAGRRPZU7GY3,purple,style_1
TKPEGZ7HVXNTZAVX,white,style_1
SRTEXZA8UDGSZYB8,white,style_1
SRTEXZA5Z8JRP3Z2,white,style_1
TSHEZWQ9EZXGA6QS,brown,style_0
TSHEZWQAGQUZX7HY,gray,style_0
TKPEGZ7HXE6TZB3G,black,style_1
SRTEXZA7R2FZKQEV,white,style_1
TKPEGZ7NVWAZEK3C,white,style_1
SRTFKZB48S7XPXZ5,white,style_0
TKPEGZ7NRH2RYMFM,white,style_1
TSHFH8GX2HYBMR4T,white,style_0
SRTFKZB3NE47YUXN,white,style_1
SRTFKZB4QVRHZBC8,white,style_0
SRTFKZB35G7DNCFG,white,style_1
SRTFKZB48HDN4ZGB,white,style_0
SRTFKZB3MZNH6BMV,white,style_1
SRTFKZB3P6CGGGMP,white,style_1
SRTFKZB37VWXD5SY,white,style_1
SRTFKZB4YK9ZCZJW,white,style_0
SRTFKZB38FBF9YAJ,white,style_1
SRTFKZB3TQNBDY59,white,style_1
TSHFDFEFQCVZ6CYU,white,style_0
SRTFKZB3DU9ECXVR,white,style_1
SRTFKZB3EYGG2WCF,white,style_1
TSHFH8H3TAUVZMSM,white,style_0
TKPEXZA5VDZ2C6QG,black,style_1
SRTFKZB3YMH4ZRHP,pink,style_1
CAPFDVGYCNSCKCXG,white,style_1
TSHFVQJRX6573PVX,white,style_0
TSHFVQJS2MM2ZPQZ,white,style_0
TSHFVQJR3WZCTUNQ,pink,style_0
TSHFVQJRMEEMJDFP,gray,style_0
TSHFVQJSFT8EYXXU,white,style_0
TSHFVQJRYXEGSGJN,white,style_0
TSHFVQJRQQMSTHYS,pink,style_0
SHTFW6YHRGU69RGY,black,style_0
TSHFVQJS2WSWBJDP,gray,style_0
TSHFVQJS5YVBBUE8,white,style_0
TSHFVQJRKUKDHSQS,white,style_0
TSHFVQJSMK4KGQVR,white,style_0
TSHFVQJSPVSF9XJJ,pink,style_0
SHTFW6YHKGEMGQHY,gray,style_0
TSHFVQJSBTUVZGTD,white,style_0
TSHFVQJSGDRWTACE,white,style_0
TSHFVQJQFDTTBYSH,white,style_0
TSHFVQJSABBN5UZH,white,style_0
TSHFVQJQY7HNVHBJ,white,style_0
TSHFVQJRGQDCFDGP,gray,style_0
TSHFVQJSMSEUGY9S,gray,style_0
TSHFVQJQBJSVF8HH,white,style_0
TSHFVQJQCJJZXMXQ,gray,style_0
TSHFWYYFKHKSGVRM,pink,style_0
TSHFVQJRRJ4TPXUP,white,style_0
TSHFVQJQSKFF9VDU,white,style_0
TSHFVQJRZH4QZXNK,black,style_0
TSHFVQJSYF6Y8YKT,gray,style_0
TSHFVQJRPKGTHNTB,black,style_0
TSHFVQJSBBTG2YKC,gray,style_0
TSHFVQJSEC9TNTAX,white,style_0
TSHFWYYFJH5YJFYJ,white,style_0
TSHFVQJSC9ZDK22J,white,style_0
TSHFVQJSRGRMHB3N,pink,style_0
TSHFVQJRWYDG5DZ4,pink,style_0
TSHFVQJS8YC8DYCS,pink,style_0
TSHFVQJRWZ9MFUEZ,gray,style_0
TSHFVQJRFHFMG3Q8,pink,style_0
TSHFVQJRPHGFJHR2,pink,style_0
TSHFWXA4RNZHNPHZ,white,style_0
TSHFWXA4WRZAD5DP,purple,style_0
TSHFXYGBGZEAQ5QB,brown,style_0
TSHFWYCTZCYHBJKN,white,style_0
TSHFXYERRWUGYDZG,brown,style_0
TSHFWYCTYGR333KM,white,style_0
TSHFWXA4GEJ9AJSX,white,style_0
TSHFWYCTGYMG6VPM,white,style_0
TSHFXU6XAZHGYWD2,white,style_0
TSHFWYCTEP6AEHBS,purple,style_0
TSHFXYGDBYEPZRKX,orange,style_0
TSHFXQYHDGJHTKC3,orange,style_0
TSHFXNQZ3MRRJP8Z,black,style_0
TSHFXT7F6HCBFBK3,brown,style_0
TSHFXT7YTDFBHQ2G,brown,style_0
TSHFXNRYBDB3QWZF,white,style_0
TSHFXNQZTEHMG2AY,orange,style_0
TSHFXU6WVKPXKGZB,brown,style_0
TSHFXZRSA7NTJYEZ,brown,style_0
TSHFWXA4NHZQ7HTQ,white,style_0
TSHFXU6XVVNRW2AZ,orange,style_0
TSHFXNQZQEJVT2ZA,brown,style_0
TSHFXT7YNZNPW8BM,white,style_0
TSHFXNRYTXEN3CJC,black,style_0
TSHFXT7FFS2RNSPD,orange,style_0
SHTFYHW7HRBNRW5M,black,style_0
SHTFYHW7ZPXUDVXG,pink,style_0
SHTFYHVKJKQRMYHX,white,style_0
SHTFXF8BCNBGTNZU,white,style_0
SHTFXF8JNF4QKHHQ,white,style_0
SHTFWY66JHBYTHH7,white,style_0
SHTFYHW7RA7K9KHJ,pink,style_0
SHTFXF84HYGUHEEG,pink,style_0
SHTFYHW7SMGZS7UG,white,style_0
SHTFXF8EAQFJY4HZ,gray,style_0
SHTFXY63VZTWCWEU,pink,style_0
SHTFXY63ZZXGV89A,pink,style_0
TSHERWG9GCFRKUJG,pink,style_0
TSHEPQZHGMAF8PHG,gray,style_0
TSHEPQZHDHE2TTMZ,black,style_0
TSHEPQZHGSSQDM7Y,black,style_0
TSHERYAXVH9X9NFV,white,style_0
TSHEH7SWVEZBXYFQ,pink,style_0
TSHEH7SV6EBCYHGN,white,style_0
TSHEH7SV3ZWJRFBE,white,style_0
TSHEPQZHEPPZAHPM,white,style_0
TSHEH7SWBFBPBZJT,pink,style_0
SOCFXVPRMEUYSHGG,white,style_1
SHTF98P84QUYZNMC,gray,style_0
TSHFGPJJRHZTP6JD,white,style_0
TSHFFXYJG2BSKSV9,black,style_0
TSHF4YFE2YFC9PHV,white,style_0
TSHFHGUJCSHH3NRP,white,style_0
SHTF9HU8YXYJGKTH,white,style_0
SHTF9HV7GHV4RKJP,gray,style_0
SHTFFVYPMWHZ3SFQ,gray,style_0
SHTF98P8MTY7ZXAZ,white,style_0
SHTF98P8F4ERZXAK,gray,style_0
SHTF9MFKFJPN8DZA,white,style_0
SHTF8XG9YWFNC2ME,pink,style_0
SHTF8XQRPAPP5YT8,pink,style_0
SHTF98P8C6GXJHKR,brown,style_0
SHTF8XMFJGEMKRBR,white,style_0
SHTF8XG9HBYHQSDD,white,style_0
SHTFJF8MKJBWYEVZ,white,style_0
TSHFHVPBYGMHPGBR,white,style_0
TSHFHVPBFGSGVXFM,white,style_0
SHTFJF8MKZM4GWTZ,white,style_0
TSHFHVPBYQP9SNBP,white,style_0
TSHFHVPB7F33EBNN,gray,style_0
TSHFHVPBFZSXYHEP,white,style_0
TSHFHVPBMCXAZEQY,white,style_0
TSHFHVPBAUCHFQ3K,white,style_0
TSHFHVPBBUF2WHZY,gray,style_0
TSHFHVPBHBFPU8SW,gray,style_0
TSHFHVPBF4BJYW7N,white,style_0
TSHFHVPBXVFAYYW2,white,style_0
TSHFHVPBSDYRNG9N,white,style_0
TSHFHVPBVZ9HY9GG,white,style_0
TSHFHVPBB8K87ZMV,gray,style_0
TSHF4SSHYCUUUBNM,white,style_0
SHTF98P8JZZDZ3DQ,white,style_0
SHTFEGPHZGHPS4ZW,gray,style_0
TSHF4ZFDXZMZ287W,white,style_0
TSHFFYTQNA9CXMTZ,white,style_0
SHTFAG463RUFHFPR,pink,style_0
TSHF4SSEWKCG5DFC,gray,style_0
TSHFFHA5EMRVFUEG,white,style_0
TSHFFXYJRGVRYMHN,white,style_0
SHTF98P88Z6WHRQJ,white,style_0
SHTFEGPMZZWWQJ7A,white,style_0
TSHFGQKHYBK3GCMR,pink,style_0
SHTF98P8ASFYXWVV,white,style_0
TSHFFHA5TGJWYYGF,black,style_0
TSHF4YBBGVEXZZQC,white,style_0
TSHF4YEZNXZEXPDB,black,style_0
TSHF4SQJAKZKC9Z3,gray,style_0
TSHF4YGUZW5F3TEV,pink,style_0
TSHF4YFGZX6QGZX5,white,style_0
TSHF4YB4FZHFHXFK,gray,style_0
TSHF4YFFH3TZCHHY,pink,style_0
TSHF4YAGEZSJYMEG,gray,style_0
TSHF4YFNGBDJH9YK,white,style_0
TSHF4ZCYCEEGXC8K,white,style_0
TSHF4YEXYHVMAJKM,pink,style_0
TSHF4YH86YDXFHEX,gray,style_0
TSHF4YF8CX8ZGCG8,gray,style_0
SHTFJF8MAJHHZHW6,white,style_0
SHTFJF8MHGUV4PWK,white,style_0
SHTFJF8MEUUNRTJK,white,style_0
SHTFJF8MTG3G3NDQ,white,style_0
TSHF4YF5HJZECHJV,gray,style_0
SHTFJF8MVWGDPYDG,white,style_0
SHTFJF8MZFVRJSD9,white,style_0
SHTFJF8MRH8WHXRU,white,style_0
SHTFJF8MHDUQHNW7,white,style_0
SHTFJF8MBFNC3RFP,white,style_0
SHTFJF8MKWHGJBBK,white,style_0
SHTFJF8MKF9NUZYB,white,style_0
TSHF4SSNTD4HUK9H,white,style_0
SHTFJF8MSGCENM2K,white,style_0
SHTFJF8MGRRVDPE8,white,style_0
SHTFJF8MHZPG2ERZ,white,style_0
SHTFJF8MQG9UHNFU,white,style_0
SHTFJF8MGGJSC7HX,white,style_0
SHTFJF8MS6HY7QF8,white,style_0
SHTFJF8MMAM2ZHYM,white,style_0
SHTFJF8MFT9YA9ZG,white,style_0
SHTFJF8MVCZHASU8,white,style_0
TSHF4Y97JXCQAY7F,white,style_0
TSHFGSYHEJHDWSX7,black,style_0
SHTFJF8MHUXGGGP4,white,style_0
SHTFJF8MHNWBMFZX,white,style_0
SHTFJF8MWNKW36ZG,white,style_0
TSHFGPJJA6V7KPV6,purple,style_0
SHTFJF8M37D2A6QR,white,style_0
SHTFJF8MNZYBCSUS,white,style_0
SHTFJF8MUMFDHZTP,white,style_0
SHTFJF8MFZUUKT5G,white,style_0
SHTFJF8MUJ9FRNDD,white,style_0
SHTF8XQRJNACHGRM,pink,style_0
TSHFG29MT7YYXDUQ,black,style_0
TSHFFXYJ2H4NJ8PF,purple,style_0
SHTFJF8MG6WGGVFJ,white,style_0
TSHFGPJJCEUMWETB,black,style_0
SHTFJF8M9CQHEAXF,white,style_0
SHTFFZPVYCQYYERJ,white,style_0
TSHF4ZDRNBFFMJAT,gray,style_0
SHTFJF8MWGXFUYJH,white,style_0
TSHFG287GG6YHXZD,black,style_0
SHTFBG4PPAKGPEXE,pink,style_0
SHTFBHFGEZV3VHKG,white,style_0
TSHF4ZEAGMHV2XGU,white,style_0
SHTFEGPMHZQC47HR,white,style_0
SHTFBG69XC92GMH7,white,style_0
SHTFEGPHYGPZSZBV,pink,style_0
TSHF4YAQBZUKMXJP,gray,style_0
SHTFAG45TFHTPGGV,pink,style_0
SHTFEGPHP2UVRYJY,white,style_0
SHTFEGPHBMQESMX6,white,style_0
SHTFEGPMGKDZBP8F,white,style_0
TSHF4ZF34WGG4YTZ,black,style_0
TSHFG2873FPMQDSH,gray,style_0
SHTFEGPMX8ZKHAMY,white,style_0
TSHFHGUJVMWYJHW7,white,style_0
TSHFFHA5AFHKBKYW,black,style_0
SHTFAG4BZGKKWGVX,gray,style_0
TSHFGQU9SY5ZT5GZ,black,style_0
SHTFENY2AZHBHGW5,pink,style_0
SHTFEGPMQV6KB2HS,gray,style_0
SHTFEGPM6HZ2W4YM,white,style_0
TSHFGPJJRGWPQAKJ,black,style_0
SHTFEGNZKGZY5FZZ,white,style_0
SHTFEGNQ7NSNA99D,white,style_0
SHTFAG46UGZMN5HH,gray,style_0
SHTFEGPHFMGE6GKT,pink,style_0
TSHFG2HTXEHZNGGZ,white,style_0
SHTFEGPMXNAJFC62,white,style_0
SHTFAHGFAZH6VGAD,white,style_0
SHTFEGPMAKYYFJYD,white,style_0
SHTFAHGF4YTDCN6T,gray,style_0
TSHFG2HTQDXM3SQX,white,style_0
TSHFG2HTNYF2VG9Q,pink,style_0
TSHFG2HTGWSVXBZB,white,style_0
TSHFG2HTMZDQEABX,white,style_0
TSHFG2HSGZMR6WCG,pink,style_0
TSHFG2HTZFBZNH9X,white,style_0
TSHFG2HTCR8W5NZP,white,style_0
TSHFG2HTZBX7RMGZ,white,style_0
TSHFG2HT8YNZHWA5,pink,style_0
TSHFG2HSNXP9KVD5,white,style_0
TSHFG2HTPGKEK3WX,white,style_0
TSHFG2HTGDKH9HH9,pink,style_0
TSHFG2HTPXQAWZTS,white,style_0
SHTFEGPHHJBGSVHE,white,style_0
TSHFG29METVWDWZQ,white,style_0
SHTFAHFM36FRBED7,gray,style_0
SHTFFV8VF99RZCW3,white,style_0
SHTFFVYP7K5F8D3C,pink,style_0
SHTFFV8VHAH8N6Q9,white,style_0
SHTFFV8VC28EWZPQ,pink,style_0
SHTFFV8VVXVBBUMH,white,style_0
SHTF7AP3BGHNCZMQ,pink,style_0
SHTF7AP3TGKZMZKG,pink,style_0
SHTFFRQ67TXFBVJ5,white,style_0
SHTFFV8VHDK3GX6C,gray,style_0
TSHFG2HT6EMKGP7W,pink,style_0
SHTFBG4UTQM5SRJK,white,style_0
SHTFAHGFFKMYUMEG,white,style_0
SHTF7AP3JGT5VHGW,pink,style_0
SHTFJF8MPGWDMQDU,white,style_0
SHTFDNGCZ3Z6ZA8M,white,style_0
SHTF8XQRN6GDTECZ,pink,style_0
SHTFAHG2Z9QGEMYX,white,style_0
TSHFHHZQPBF26CVF,black,style_0
TSHFG2HTBE9JC7D9,white,style_0
SHTFDNGCZQ6TZFQ5,white,style_0
TSHFG2HTFPG77CHG,white,style_0
TSHFG2HTNZJZEPUH,white,style_0
TSHFG29M3NYBE2MN,pink,style_0
SHTFAHEYFXB7SHKW,pink,style_0
TSHFFHA5RZGRXW39,white,style_0
SHTFAHF9D3WNCWXA,pink,style_0
SHTFAHEZZVGPDQ8F,pink,style_0
SHTFDNGCHUXCTMGY,white,style_0
TSHFG2HT2XZVHGPH,white,style_0
SHTFD3KSFGGZAEJC,pink,style_0
SHTFCNYTJ9QMWZSK,white,style_0
TSHFFYTQQWG3CDHF,white,style_0
TSHF4SSM3RXMZPTG,brown,style_0
SHTFB7Z4ZQC2ACCZ,brown,style_0
SHTFDNGCHFHCDBNH,white,style_0
TSHFGQU9SHFHPJY6,gray,style_0
SHTFCTH9Z3BWJ4JC,white,style_0
SHTF8XMFCKBUZPFH,gray,style_0
SHTF98P8UPVU7NYJ,gray,style_0
SHTFCTH9KHUEAVBS,white,style_0
SHTFCTH97CGZ2GFP,pink,style_0
SHTF8XMFK9P4ZTHZ,pink,style_0
SHTF8WHVJB22DGRE,pink,style_0
SHTF9MFHYNKCM6QH,white,style_0
TSHF4Y8S5ZJ5TJG2,white,style_0
TSHFG2HT8JTQHHHU,pink,style_0
SHTF98U7UYHVK2CH,white,style_0
SHTF8XMFDHS4WFFT,pink,style_0
SHTFCTH9K75FFGWC,white,style_0
SHTF8XMFGGSJZHGY,pink,style_0
SHTF8XMFXTBCGCJU,white,style_0
SHTF8XG9HFTZMUCH,pink,style_0
SHTFCTHAGYFZDXMH,pink,style_0
SHTF8WHV2XVADJHZ,pink,style_0
SHTFCTHAXSCUSEZ2,white,style_0
SHTF98P8EGH8GU6U,gray,style_0
SHTF8WHVSP8KD9P6,gray,style_0
SHTF98P8G5JBVNZH,gray,style_0
SHTFCTH9FUWT5GCU,pink,style_0
SHTF8XG9SJA8KFJX,pink,style_0
SHTF8XG9W6FAPXGK,pink,style_0
SHTF9MFKGAFPNVT9,pink,style_0
SHTF98U6R2NYNM3T,white,style_0
SHTFEGPKFA7XRXQZ,white,style_0
SHTF98P8GNFYPMD6,gray,style_0
SHTF8XMFVNYRAB3Z,pink,style_0
SHTF98P8TFWFRGGD,white,style_0
SHTF98P8A95YXCNM,white,style_0
SHTF8XMFYRGWXSZX,gray,style_0
SHTF9HV4XPJRU2XP,gray,style_0
SHTFDHGZSZHDF9TN,white,style_0
SHTF8XG9ZJJMHTQH,pink,style_0
SHTF98P8BENJZ6RG,white,style_0
SHTF98P8VHZG2TWU,white,style_0
SHTF98P8PU8HABF4,white,style_0
SHTF98P84WNPN6CZ,white,style_0
SHTF8XG9KGSKBM4Y,gray,style_0
JEAF8PNBKAAHCUGG,pink,style_1
SHTF9ETEEZMQBYWT,pink,style_0
SHTF9NY3HDET6T33,white,style_0
SHTF8PTUH6DZ6J6C,pink,style_0
JEAF8S4GGRU9VY46,pink,style_1
SRTF8S4GSG7HSVDZ,pink,style_0
JEAF8S4GWU5YKQTF,pink,style_1
JEAF8PNCXDDDTCG6,pink,style_1
JCKF7EBGWC49PTKX,black,style_0
SHTEQ6DVYFEHUJZ8,gray,style_0
JCKF7EBGUCXYRGHY,gray,style_0
SHTEQ6DWAW7SN2AG,gray,style_0
SHTEWNDGVV49Z54K,black,style_0
SHTEDV4QQEFGHE55,gray,style_0
SHTEZDXURWPGB3ZM,white,style_0
SHTEQ6DVYUDPFNSG,gray,style_0
SHTFGWFD5YASYMMY,black,style_0
SHTEZDXTWMMZFMAR,white,style_0
SHTEQ6DV3JANMKHJ,gray,style_0
SHTFYWUHU6EZFADJ,black,style_0
JCKF87Y3GZGBFNR7,black,style_0
SHTFYC4GSANAZXHS,gray,style_0
SHTEZDXTZ9VZMXNU,white,style_0
SHTEWNDGDFQYBXGY,black,style_0
SWSFEDGGFNNRRAXH,white,style_0
SHTEZDXTR9TB7TTK,gray,style_0
JCKF87Y3CVRQYVCE,brown,style_0
SHTEDV4QHDHYXYPV,gray,style_0
SHTEQ6DVGVQEVGNC,gray,style_0
SHTFHAMZCAQRHHDC,black,style_0
SHTF8BZ9ZFUFN9DG,white,style_0
SWSFEDGGWNQUKWYG,black,style_0
SHTFHAMZWUZXHZGH,pink,style_0
JCKF87Y3WGYQ2HGS,black,style_0
SHTEWNDGGSFSGQZU,gray,style_0
SWSEP4DJBZWHAZXC,black,style_0
SHTEQNJQS3MFKT8Z,pink,style_0
JCKFDXGQS6FGCTQ3,white,style_0
SHTEX5EAGX4PJWVR,black,style_0
SHTEDV4QYZTHXCYM,gray,style_0
JCKFH8JZPKVQYENF,white,style_0
JCKFH8JZNGQFG55Y,white,style_0
KTAFH7NBG8PEX5GP,white,style_0
SWSFEDGGAFUFUHFN,black,style_0
SHTEZMKWZFBSF3BE,white,style_0
JCKFDXGZGQK5WSHK,black,style_0
JCKF87Y3VEBHQTJT,black,style_0
JEAF6HFHG2FGKHBG,white,style_1
KTAF8XGKV9EVUDGZ,pink,style_0
SWSFEDGGAGPEYSYT,brown,style_0
SHTEZDXT9KZJUR6R,gray,style_0
SHTEZDXTDPHUYQGC,white,style_0
JCKFDXGQTV6ASZFU,white,style_0
SWSEP4EBPJYA6G2S,black,style_0
SHTFYWUHZUHYQQG8,black,style_0
SHTFYWUHPBKZHBVU,black,style_0
SHTFBUBXSUKZXFAP,black,style_0
SHTEZDXTREWQWCTY,white,style_0
SHTEDV5PBCFEHYE9,white,style_0
JCKFAYVDVBJJSU2K,black,style_0
SHTEZMKWWKSDYMQK,white,style_0
SHTEZDXTUSCYZHQR,white,style_0
SHTEZDXTUUA8NCEC,gray,style_0
SHTEX5EAZQHRZGPM,purple,style_0
SHTEZMKWQTUJQ3SJ,black,style_0
JCKFH8JZWE9NGEHG,white,style_0
JCKF78SZUNSDGKZC,black,style_0
JCKF6SFTRKZ3YJG7,white,style_0
JCKFAYVDEHAGVFQ5,brown,style_0
SHTEX5EAJWUUGJQM,black,style_0
SHTFY5WD2ZZK5JHZ,white,style_0
SHTEZDXT69TSGTTP,white,style_0
SHTEDV4QBHABZSGE,gray,style_0
SHTF7EXZEDRF9A2R,black,style_0
JCKFDXGZGPYY3FUC,white,style_0
JCKFAYVDMYZEAMUY,black,style_0
SHTF7EXZYBGAU8FC,brown,style_0
JEAF6HFHPSWA3FTS,white,style_1
JCKF744NYSUFDXAH,black,style_0
SHTF4U7P2HWZHYFA,black,style_0
JCKFHZYA6YTKPHNZ,white,style_0
SHTEZDXTDHEHGQGF,white,style_0
SHTFYWUHHGNP7XKZ,orange,style_0
JCKF6SFAQNAGPGXF,white,style_0
JCKF744NMZNXMG6U,white,style_0
SWSEP4DJGRNDGZR8,black,style_0
JCKFCVY8PCH3ZFAF,white,style_0
SHTEQ6DWZSUBGCGQ,gray,style_0
JCKFCVY83ZGEWD96,white,style_0
SHTFYC4RCGZZZK4Z,white,style_0
TROFZWJYJPRFQ7QB,white,style_1
TROF5TJNQKA4WHP2,black,style_1
TROFPX6875BYWYVX,black,style_1
TROFPYP5ZFVKXPXJ,white,style_1
TROFZWHXGHT9FWKZ,white,style_1
TROE237TVFDFV5AD,white,style_1
TROFPAUHBRQGXAK7,white,style_1
TROETCGPFGG6AQZJ,white,style_1
TROE3KVQU2ZZZ8HC,white,style_1
TROEUTRGUKMREGBY,white,style_1
TROEE9CQFEMEQECZ,black,style_1
TROETVHFEUAQFUSK,white,style_1
TROFFYFCTWZZBXGJ,white,style_1
TROF55VGC2MZFZ7K,white,style_1
TROFCFWWHG5THS6D,white,style_1
TROETVHGBZJZFDEV,white,style_1
TROFC7GYW99G3DGU,white,style_1
TROF5TJN4NKCK873,black,style_1
TROERGMZFGZQ6HNN,white,style_1
TROF5TJNN8CA7CDT,black,style_1
TROFFYFCPETDTSBF,black,style_1
TROE367EEBB6BNTC,black,style_1
TROF55VGZB9S4HPV,white,style_1
TROFDYK776HD4GDC,white,style_1
TROFBJ8FVEK2UZDU,white,style_1
TROF5YQPPYVFN3KZ,white,style_1
TROF55VG69YWXUC6,white,style_1
TROFDYKJH3JVA86A,white,style_1
TROF5TJNJNNFGMF2,black,style_1
TROFPYZA6AQKFD6Y,white,style_1
TROFDYHNKMSPWBWR,white,style_1
TROEK4DJQMNSRPEZ,black,style_1
TROF5TJNGNZGCD9M,black,style_1
TROFDYJ3Y7XDGZTQ,white,style_1
TROFMQ6HUJMV8WFC,black,style_1
TROF5TJNYYK54CA3,black,style_1
TROES3CCPQGRDHFX,white,style_1
TROFZQ7H9MEKVWMU,black,style_1
TROES3CDVJ6ZQZGG,black,style_1
TROEDVF5YUXUH2ZU,white,style_1
TROETVHGWF5STKBB,white,style_1
TROE2GSZFZMAQ8ZE,white,style_1
TROE2HZR85AE4ET2,white,style_1
TROFZN9JQHMGBEUK,white,style_1
TROFZNA7SNGRR97H,white,style_1
TROE237TXGJM2RPP,white,style_1
TROF5TJNMY76KSGZ,black,style_1
TROE2HZRCHVZ4YDY,white,style_1
TROF5TJNHGSSDQUN,black,style_1
TROESUV9EGAZGHMQ,white,style_1
TROETVHGXVNQY28T,white,style_1
TROF5TJNNZ5FYBZN,black,style_1
TROE237TVBYPUXZH,white,style_1
TROES3CDYCFNZYVF,black,style_1
TROEK4GUHYZVSGVF,white,style_1
TROFPAU8WF3YWSQU,white,style_1
TROFEB3THJSHRYGC,white,style_1
TROES3CCBSDW9ZXQ,black,style_1
TROE2GT2CPZQADXH,white,style_1
TROEMRUYYD6ZQTCE,white,style_1
TROES3CD82YFG2WB,black,style_1
TROES3CD3AXBE4TQ,black,style_1
TROE3KVQD8RAEPUZ,white,style_1
TROE3KVQYZHZG2DV,white,style_1
JEAEJYZ8KAGSABDQ,white,style_1
TROEZWC5YFFJQCBJ,white,style_1
TROFDYKY5S36ZH4E,white,style_1
TROFFXABA4HTGUWE,white,style_1
TROFZGC9MGUFU2QZ,white,style_1
TROEDQ9T5GR7PG8F,white,style_1
TROFFYFCGNCWJUHH,white,style_1
TROFEAYD5GWUMA3A,white,style_1
TROEE9CQAMRSYWGV,black,style_1
TROF9ZBSPBS6GWS8,gray,style_1
TROEE8SEEBTSTA86,black,style_1
TROEUTRGAY4USVPS,white,style_1
TROEUTRGGH7Z5ZHX,gray,style_1
TROFZG3DFZEDPQZ7,white,style_1
TROFH2GYUQJPEFUT,white,style_1
TROFBJ8FHRNQNYVH,white,style_1
TROET87XGPUADPWA,white,style_1
TROF5TJNFKN2GBRY,black,style_1
TROFC3FJCGETFFAZ,black,style_1
TROFH2D6Y469N9GR,white,style_1
TROFBJ8FU8VFHUFX,white,style_1
TROF5D4XREWYZMMB,white,style_1
SHTFXYFHFAGMQFDZ,white,style_0
SHTFXYF2EF3S776D,brown,style_0
SHTFWZHC2UYQYFRY,pink,style_0
SHTFXYEWYRGVGETA,gray,style_0
SHTFWZHCMWWWGZJH,white,style_0
SHTFWZHNC6NWBQMH,purple,style_0
SHTFXYG4XAHGES5N,black,style_0
SHTFXYG4CYJDJWEK,gray,style_0
DHTFYD2MXMNQZS7X,white,style_1
DHTFYGZMTG6N6YXG,white,style_1
DHTFYGQYHAYHGEHS,white,style_1
DHTFXH3TFVRNKZYR,pink,style_1
DHTFYCZFZ7MBTYZE,pink,style_1
DHTFYGTPJJBW8HBH,white,style_1
DHTFXPNCRHWNBGWB,pink,style_1
DHTFZZZGDJZW9VYU,pink,style_1
DHTFZS8ZJKSZWPFG,pink,style_1
DHTFZS8ZHTZGZHDC,pink,style_1
DHTFZSY2YEJ8XXGH,pink,style_1
DHTFZSY2BFAPCH6K,pink,style_1
DHTFZSY2ZEPKD2G4,pink,style_1
DHTFZSY2WGGHSZHG,pink,style_1
DHTFZS8ZCRUB7XBZ,pink,style_1
DHTFZSY2KXDKYH5H,pink,style_1
DHTFZSY2ZSRWA2VY,pink,style_1
DHTFZSY2YYHMZUGH,pink,style_1
DHTFZSY2KYXDFRPS,pink,style_1
DHTFZSY2JR5AAEE2,pink,style_1
DHTFZSY278HAJGVK,pink,style_1
DHTFZS9YGMZPMC38,pink,style_1
DHTFZHFA5BK9RFVQ,pink,style_1
DHTFZMFFKVNAXZAX,white,style_1
DHTFZMFFZNH2NVYF,white,style_1
DHTFZMFFXHHZWVZW,white,style_1
DHTFZMFFNMNZEVKX,white,style_1
DHTFZNSJMACQ22JH,pink,style_1
DHTFZNZ9XSGERVZE,pink,style_1
DHTFYCW2ES2NGXGW,white,style_1
DHTFZNZ9DE8YAVPT,pink,style_1
DHTFZHFAAFHKEGFM,pink,style_1
DHTFZH9UAFE7MJBZ,pink,style_1
DHTFYJWFZHRMPDK9,pink,style_1
DHTFZHFAQYSGCFQX,pink,style_1
DHTFZGA8CNGYCUGT,pink,style_1
DHTFX4THAQQPDDHP,pink,style_1
DHTFYJY9ZZP4FQ2F,pink,style_1
DHTFYD2MFG7XECN9,pink,style_1
DHTFYJXPEKMV8HYZ,pink,style_1
DHTFZZZGBEUCWGP8,pink,style_1
DHTFZZZGHMBNXKKW,pink,style_1
DHTFZNZ9ZZR3JQMY,pink,style_1
DHTFZNZ92G3BCBYX,pink,style_1
DHTFZZZGPZMMTV6B,pink,style_1
DHTFZHFAZ8HVF95G,pink,style_1
DHTFZH9UFKMXZ9EP,pink,style_1
DHTFXPNBMFGU7YJS,pink,style_1
DHTFZHFAWS2XXQHY,pink,style_1
DHTFZHFAMPZQHPGV,pink,style_1
DHTFZNZ9VZZSNS8K,pink,style_1
DHTFZNZ9WZWYH9WQ,pink,style_1
DHTFYJWCTYYHQRXJ,pink,style_1
DHTFZ2U9B557CQ9Q,pink,style_1
DHTFYJXWYH8TNXSP,pink,style_1
DHTFYGPSH5RYH2QS,pink,style_1
DHTFYHQFPFZUVRK6,pink,style_1
TSHFYYSKNSS8PPZB,pink,style_0
TSHFYYPRVYPAQSDU,gray,style_0
TSHFYFYZ5HGYYA67,pink,style_0
TSHFYF54UVAFWH4X,pink,style_0
TSHFYYPRMZHFDAQG,gray,style_0
TSHFYYPR8VF7GYN5,pink,style_0
TSHFYYSKFTKPFNPQ,gray,style_0
TSHFYYPRGFPHHHSD,pink,style_0
TSHFYF4WHRDTXAPS,pink,style_0
TSHFYFFY2NAWBQX6,pink,style_0
TSHFYFYZSTDKBHZ8,gray,style_0
TSHFY2FUYZATFCS2,pink,style_0
TSHFYFXEAEQMCMKS,pink,style_0
TSHFYF54P8XNTERY,gray,style_0
TSHFYY4FTM6NUSWX,gray,style_0
TSHFXZNKTBGRH4ZU,pink,style_0
TSHFYY4YH6FEUV99,pink,style_0
TSHFYYPRWZQGTFPN,pink,style_0
TSHFYY4FS2FBQZCZ,pink,style_0
TSHFYYPRWFDXFRAN,pink,style_0
TSHFYY4YZGUUDBQG,gray,style_0
TSHFYY7UWWYMCDEJ,gray,style_0
TSHFXZNKFXZGVHGU,pink,style_0
TSHFYY7USXRZHFTN,gray,style_0
TSHFYF47M9CCZPGS,gray,style_0
TSHFXYRD54YQFGKN,pink,style_0
TSHFYF47DYSA8R5N,pink,style_0
TSHFYFFYXKXHS9BX,pink,style_0
TSHFYF4CQYHK5ZRH,pink,style_0
TSHFYFVFNJFVHHTP,pink,style_0
TSHFYYPRKXDZFTEZ,pink,style_0
TSHFYY47RRJCYHKS,pink,style_0
TSHFXYRDSE7EG5HW,pink,style_0
TSHFXYRD5BGFZMV7,pink,style_0
TSHFXYRD8GVJZEMH,gray,style_0
TSHFXYRDHCTAGQU3,pink,style_0
TSHFYFVFWFNFSNE3,white,style_0
TSHFY2FUUMWYK5B7,pink,style_0
TSHFYFVFENQWGH7H,pink,style_0
TSHFYY47CFEBK2QH,pink,style_0
TSHFYFVJYQAETRXN,pink,style_0
TSHFXYRD9KGJN3GA,gray,style_0
TSHFYYSKAJCVFTKV,pink,style_0
TSHFYYPRXAVHVJ7F,black,style_0
TSHFGFJFGFY9UNNS,gray,style_0
TSHFYF4YCQRPY6VY,pink,style_0
TSHFYF4WW2TT8ZGX,pink,style_0
TSHFYF4YPH5YHWPB,pink,style_0
TSHFGFJFTYMUZQ97,pink,style_0
TSHFYF4ZXH6RSQPZ,gray,style_0
TSHFYF4ZF7BXTKRV,pink,style_0
TSHFYFXET9CUBNZA,white,style_0
TSHFYFYZNW2Q3NJJ,pink,style_0
TSHFYFXETHVBHDED,pink,style_0
TSHFYFYZCQHBMYJU,gray,style_0
DHTFZQPYSHX2VHWG,white,style_1
DHTFP9FRKXMA6QGT,white,style_1
DHTFSXU9BZCGPHMD,white,style_1
DHTFNS9ZRNQVP9EM,pink,style_1
DHTFW5EZEDM2KARD,pink,style_1
DHTFU2HMVD9KHHMT,brown,style_1
DHTFP73MHQZRRFA7,white,style_1
DHTFNQFET8DMHYHE,white,style_1
DHTFPBJBFFEJ4TEF,pink,style_1
DHTFNK4EBS8MJZPT,white,style_1
DHTFZ6BHUQRGGHVQ,pink,style_1
DHTFUYSRQUHDH7XF,white,style_1
DHTFSXG3JCTCXQUS,white,style_1
DHTFNGATBJTQJUHN,white,style_1
DHTFPYQ2SQUNU89M,white,style_1
DHTFV3KYNSUDGWBB,pink,style_1
DHTFNGCFZQFDYYHZ,white,style_1
DHTFP2CWH5UGSYYN,white,style_1
DHTFV3YFCVHWD7CJ,white,style_1
DHTFV3H5W2RUWVWB,white,style_1
DHTFP4U7UP6FHFVS,white,style_1
DHTFMBS5PKZFRZ9M,white,style_1
DHTFV8UGUQGJGGCG,pink,style_1
DHTFMC7YGHUURCGB,white,style_1
DHTFP5XE8CVNY6ZY,white,style_1
DHTFV2H7Z7FVDGHN,white,style_1
DHTFZYBPNHE6BE3G,pink,style_1
DHTFZYBZP9HC6QHF,pink,style_1
DHTFZYDDW9PHHWRT,pink,style_1
DHTFZYBRHNENPSJK,pink,style_1
DHTFP56BWSJBMBYK,white,style_1
DHTFYZC6XJHZPQQ2,pink,style_1
DHTFYZC3RQDHPT7H,pink,style_1
DHTFYZC7QZXRABDX,pink,style_1
DHTFV8UGWPM7KRQY,pink,style_1
DHTFZYBTK32CMGBS,pink,style_1
DHTFZSYC6YZUAZXY,white,style_1
DHTFZ6ESNTJUY9NC,pink,style_1
DHTFZ6BXAFPPGBYZ,pink,style_1
DHTFNUGS94R7PEDG,pink,style_1
DHTFV2GYPTKXZUMJ,pink,style_1
DHTFZ6CYDFAQHYMH,pink,style_1
DHTFNGB5KGQ5GZNY,white,style_1
DHTFMZ9PHCNKPCH7,white,style_1
DHTFMZ9PSTNED8RN,white,style_1
DHTFMBS55SRGCFTA,white,style_1
DHTFMZ9U4WA46SBY,orange,style_1
DHTFVFCVDYBRTRUG,white,style_1
DHTFQ4RGB5PQ3ZYG,white,style_1
DHTFSWH5AJJCVF2W,white,style_1
DHTFUCSGCZHDGQVY,white,style_1
DHTFNS9JYVACGREY,pink,style_1
DHTFP6AFDGZQES8S,white,style_1
DHTFHV5BJYVVEQAK,white,style_1
DHTFPYAYRGX8KGTG,white,style_1
DHTFPA5KEVPJRD6H,white,style_1
DHTFXVMVVWGRSSVC,pink,style_1
DHTFPXY2Q6YX52K8,white,style_1
DHTFYJG6ASNZRBP8,pink,style_1
DHTFP2Z3FQGME9XZ,pink,style_1
DHTFPFWHWGJSRQWR,white,style_1
DHTFP43BAWQ9BMTW,white,style_1
DHTFZU3GCKMJ4KFH,white,style_1
DHTFZZ8RUBNMUNDF,white,style_1
DHTFYGZEKGZMZYT9,white,style_1
DHTFPBUTGZJQ2XZM,white,style_1
DHTFVYAP4ZWN85ZS,pink,style_1
DHTFP7FCYNEZJNJP,pink,style_1
DHTFN2R27RDEQQPD,white,style_1
DHTFSYY3PFNC5B8B,white,style_1
DHTFZZAKDKFAFGZX,white,style_1
DHTFZVVCATJVCKYM,white,style_1
DHTFZUX8Z5KMJDH7,white,style_1
DHTFZYFZGCZFJYBS,white,style_1
DHTFZHUAPYCGR6AE,pink,style_1
DHTFPVYX9MSD2PWH,pink,style_1
DHTFXVMVUXUBDTZU,white,style_1
DHTFSZNADEMZQRHW,white,style_1
DHTFZZG9BUFPZVBA,white,style_1
DHTFZF6XG7PJZ9GH,white,style_1
DHTFNK5U3MSMVREP,white,style_1
DHTFNSA5ABZWDX7Y,white,style_1
DHTFP9MUAZMGQFHU,white,style_1
DHTFZSYEPUKZ53RS,white,style_1
DHTFTYYDGGE3YBGF,white,style_1
DHTFSTGSNGCRZZ8E,white,style_1
DHTFMZ9UMHFSBZW3,white,style_1
DHTFHW7ZBFGSFREH,white,style_1
DHTFVYTE5QHBGVHG,white,style_1
DHTFQ5DFKSTHCSMY,brown,style_1
DHTFP3RFF8ZDGUQQ,white,style_1
DHTFVY9TQKQSGGGX,pink,style_1
DHTFM6JNW5A2JNNT,white,style_1
SOCEUWH7KVGHVSFJ,white,style_1
JEAFDVDYTGFWU46M,white,style_1
JEAEZY2U4Z2FX4CY,white,style_1
JEAFYZD7G68BKPZW,white,style_1
JEAFANJFQX89NCP3,white,style_1
JEAFDWBPRKEUZYHY,white,style_1
JEAFDWC8NGRWDHRS,white,style_1
JEAFE578TJZMZZHA,white,style_1
JEAF6VATGREG4MDF,white,style_1
JEAF4PJYS6GX9CF7,white,style_1
JEAFAS46CHE2SRZP,black,style_1
JEAF6VAUCH2HCSSD,white,style_1
JEAFE577DMBVDVYU,white,style_1
JEAFE577X4HYUHF3,white,style_1
TSHFE2ZUU2DF8PGF,white,style_0
JEAFDWCPDCVQAA3T,white,style_1
JEAFANJNYQRETCSN,white,style_1
JEAFDHHGY3HBXEMP,white,style_1
TSHFE2ZWBU7A8UJJ,white,style_0
TSHF9C8CN3UGFRBB,brown,style_0
JEAFEC2HCNHW8V3K,white,style_1
TSHFFNZUENQETHC8,brown,style_0
JEAFDZRSZUKTKZH3,white,style_1
TSHFFNZMYJAP9DFU,white,style_0
JEAFEC2GF5MFWTJG,white,style_1
JEAFEC2GDGBEGGVK,white,style_1
JEAFDZRVABZZ2PQ3,white,style_1
JEAFGKA5JZKHHFPT,white,style_1
JEAFGKAYFHRPXFXZ,white,style_1
JEAFEC2HNSNFUWQ8,white,style_1
JEAFDWG9K7KPKHS8,white,style_1
JEAFEC2GJFZKBFGS,white,style_1
JEAFEC2GGTCSCXDT,white,style_1
JEAFDHHHGUWJCDZF,white,style_1
JEAFEC2HKYXQQDRX,white,style_1
JEAFEC2HZZPPTFNJ,white,style_1
JEAFEC2GUMAQWGFB,white,style_1
JEAFEC2GZDSHD789,white,style_1
JEAFEC2GGXEJEEVR,white,style_1
JEAFEC2HJZPZQRGQ,white,style_1
JEAFEC2GEMGBWHA5,white,style_1
JEAFEC2GEYFEWMVM,white,style_1
JEAFEC2HZNJ6ERBY,white,style_1
JEAFEC2GDNKAA2X9,white,style_1
JEAF4PJYJAPZQQU7,white,style_1
JEAFEC2HZCZKHXFZ,white,style_1
JEAFEC2GUPAPCTUZ,white,style_1
TSHF9C88NJBWKZTG,white,style_0
JEAFEC2GQFVWQQFY,white,style_1
JEAFDHKBHQZG6HNP,white,style_1
JEAET8SSCA3PEGGC,white,style_1
JEAFEC2HHFGZZNKM,white,style_1
SOCFPYX5UMDGWEPY,white,style_1
SOCFNBEJHVSJQNKA,white,style_1
SOCFVYHYZFJ4FFNG,black,style_1
SOCFW6DHZ5UHN39R,white,style_1
TSHFJ56Y3DGZ4DYV,brown,style_0
TSHFJ56XKWVJEMYR,gray,style_0
TKPFEYPYHCJRWZNK,white,style_1
TSHFGZV5F6Z4VWKY,gray,style_0
NSTFEW4BFSPHJK5A,white,style_0
TKSFZ9R4R7GGKKQN,black,style_0
SRTFEYSFM7XXGNVH,white,style_1
TKPFPBCZARJAYW5G,purple,style_1
TKPFZGQVKAQZZWAQ,purple,style_1
TKPFNV3EVZGQYBNZ,black,style_1
TSHFGZV4BP3FB9GZ,pink,style_0
NSTFEW4BMVZ77HEY,white,style_0
TKPFJQFWWT6BVSKS,white,style_1
TSHFY8MHTRWPNEZF,brown,style_0
TSHFGZV8BEAG8VRZ,black,style_0
TKPFKFK4ESGQ95CK,white,style_1
TKPFJQFWJB2SPEPP,black,style_1
TKSFZYP8WUAPARF8,white,style_1
TSHFY8MJDNUFEJ3X,white,style_0
TSHFY8MJ4DHYEGPD,white,style_0
TSHFGZV59YNHUZHA,gray,style_0
TSHFY8MG9J7G87KF,pink,style_0
TSHFY8MKPFHAJMCH,white,style_0
TSHFY8MJZFTA7KDS,white,style_0
TSHFGZV55B2QTVFJ,white,style_0
TSHFGZV42ZJV5ZKF,gray,style_0
TSHFY8MJUNHF4QMH,white,style_0
TSHFY8MK3C2SJDQB,white,style_0
TSHFGZV84ESRGRUN,black,style_0
TKSFZ499YFKFU4ZX,black,style_0
TSHFGZV8NP7WWH6Z,gray,style_0
TSHFGZV4KHHPRWUF,pink,style_0
TSHFGZV5YESS7GSE,gray,style_0
TSHFPESCF42PAKDB,black,style_0
NSTFEW4BH2MKUYZW,white,style_1
TSHFPESCAV4KXXHA,black,style_0
TKSFZ499NTYJGYA7,black,style_0
TKPFNV3E5TYXUWYN,black,style_1
TKPFNV3ESGN9VM8D,black,style_1
TKPFFUWJSYHUGEFG,white,style_1
TKPFZGQVBG7XGZTX,black,style_1
TKSFZ499AUQH9UTM,black,style_0
SRTFWKQJNZ7Y2GGD,white,style_1
TKSFKGYAHGRQBTBZ,black,style_0
TKSFKG4MFQMAH3DK,white,style_0
TKSFKG8JAEHMG4U2,white,style_0
TKPFNV3GVUHG5U7E,black,style_1
TKPFNV3EBFWFBWCV,black,style_1
TKSFKA7QTAJWJGGF,black,style_0
SRTFWKQJSERDHY5A,pink,style_1
TFHFWHPNBKG2G3MH,pink,style_1
TSHFJ56XWMDAS4GA,pink,style_0
TSHFPESCWNXXZPGY,black,style_0
TKPFKFNYTR9MR7TE,white,style_1
TSHFJ56XHYNG83VQ,gray,style_0
TSHFJ572JPG9UACN,black,style_0
TKSFZ8T44RXPEZZE,gray,style_0
TSHFJ56Y2GSBXNG2,gray,style_0
TKPFNV3ENZ6PBHXH,black,style_1
TKPFJQFWZMNZHRZ7,white,style_1
TKSFKA7QZTTTZKQW,black,style_0
TKPFKFZFXZT5XQYZ,white,style_1
TKPFKFNZ2HTDGGGT,white,style_1
TKSFZ9R4NZ5GHHSF,black,style_1
SRTFWYYDASDR42FF,pink,style_1
TKPFKFK4HRTPTEKG,pink,style_1
TKSFKA7QSGZMXBBJ,black,style_0
TKPFKFK4VKVT3ZXM,white,style_1
TKPFKFR3XVJSGZVF,white,style_1
SRTFWKQJPUGSEPMR,pink,style_1
SRTFWKQK8RSHYYN4,pink,style_1
SRTFWKQJNH6MMAHH,white,style_1
TSHFJ56XPVGGP4WS,pink,style_0
SRTFWKQKGCV65ZYJ,pink,style_1
SRTFWKQKGFHDEG4J,pink,style_1
SRTFWKQKPYAAYHCY,pink,style_1
TKPFJWYJTSDJGYU9,white,style_1
SRTFWR8JEST82XFE,white,style_1
TKPFNV3FY7PYPHCZ,white,style_1
SRTFWKQJXQ6GHRKG,white,style_1
SRTFXY8AY7ZXCA7B,pink,style_1
SRTFXY7ZGZB2X3ED,pink,style_1
SRTFWKQKNHVZZ3SW,white,style_1
SRTFWKQJJZKZD2DF,white,style_1
TKSFZ9R4MDY6YAGJ,black,style_0
SRTFWKQKXDUGZUMD,pink,style_1
TKSFFYX4RNNAAGTA,white,style_0
TKPFKFZYF5CQJYCT,white,style_1
TKPFKFHPCFSSZHGM,white,style_1
TKSFZ9R4GCEADEZQ,white,style_0
TKPFKFHP2ZG4FUFC,white,style_1
TKPFKFHQ3RVVXUCM,white,style_1
TKPFJQFWVKGVX4ZT,white,style_1
SRTFWKQJ97ZY9WRF,white,style_1
TKPFNV3EQFRYWSFT,black,style_1
TSHFJ56WZ2MMFKVD,pink,style_0
TKPFKFHQVDQH3Q4J,white,style_1
TKPFKFHQVDQH3Q4J,white,style_1
TKSFFUYG4EXUC6X2,black,style_0
TKSFJKWEKGMXPA6E,white,style_0
TKSFJKWEVWWBGE7F,black,style_0
TKPFKFHQXCQ7QJUM,white,style_1
TKSFJKWEHRVBTZSN,white,style_0
TSHFJ56ZCAZPHHVY,pink,style_0
TKSFZ9SZJU2SY3XH,white,style_1
TSHFJ56Z3VPHS6K4,gray,style_0
TKSFZ9R4QRSZZNGG,white,style_0
TKSFFYX4H9M9ZGZH,white,style_0
SRTFWVH5PXWT92XP,white,style_1
TKSFF37Q2ZKKFUVH,white,style_0
TKSFF37QMCQGZNYN,black,style_0
SRTFWVH5HBXMWYBY,white,style_1
TKSFFUXEFG4WTFWH,pink,style_0
SRTFEYSFYUDPK2FU,gray,style_1
NSTFEW4BP5FQ2Z5U,white,style_0
TSHFJ56WUSAGR6GY,black,style_0
SRTFWVH5KY3RHKWY,white,style_1
TKSFZ9SZ67FPCA6D,black,style_0
SRTFEYSFTJRGZCRZ,gray,style_1
SRTFEYSFPRFAH99H,white,style_1
TKSFZ9SPGMCHGDAZ,white,style_0
TKSFZ9SP4HZJEYAA,white,style_0
SUSDUZSYYGCEYPCF,black,style_1
SUSDHY7TMNDTHGAZ,black,style_1
JCKFVY254GHHUBX4,pink,style_0
JCKFVW3USHKGDZF6,gray,style_0
TKPFH5FSDRXV2TKQ,white,style_1
SHTFG29XEJ3KZWFT,black,style_0
JCKFVW3SA8AWQ65F,white,style_0
SHTFKKC67G7M4HQR,pink,style_0
KTAFUTKHAKA8ERJK,pink,style_1
TSHFUQ33ZNCBGFXH,white,style_0
JCKFVW3UYAKBRXFM,white,style_1
SHTFVTWZKXYY33HH,black,style_0
TSHFSC84HJDHZJUS,pink,style_0
JCKFVW3U5YHYE3AJ,white,style_1
TSHFGCJBFH3ATRYE,white,style_1
JCKFVY23EZSC7AV4,pink,style_0
SWTFMQYG6ENPEEGN,pink,style_0
SHTFKKBYHYFR8CQZ,pink,style_0
KTAFW9DPGYTSSBJR,white,style_0
TSHFTN2TUT2CBXTG,white,style_0
JCKFKH9G69SQCBXG,black,style_0
TSHFVZ7ZEQ86QYVY,black,style_0
SWSFGZHPNTPNVHUS,black,style_0
SHTFGHFKEHDBHZJQ,white,style_0
SHTFVPK4NYPHHQMT,black,style_0
KTAFUTK2NYXFHQEB,white,style_1
SHTFGHFKMHBAMCGH,gray,style_0
SHTFGHFGZSHDEYVV,black,style_0
JEAFTZFJDBEGQFWG,white,style_1
SHTFGHFKHQX7URYP,brown,style_0
SWTFMQYZSHVMUCNY,white,style_0
TROFWFUHB7THWJZQ,white,style_1
TSHFW8BKPQWRAHCY,white,style_0
KTAFUTGX8BAFZAW8,white,style_1
KTAFUTJENTBADJCJ,white,style_0
TROFWFVUV7M4WZA9,white,style_1
TROFVW79GC2R6YPW,white,style_1
JCKFVY23CAGGCBFM,white,style_0
JCKFVY24D8WEUTEJ,pink,style_0
TSHFUQ3BYFJEYXBX,white,style_0
JCKFVEBH6WGY5F2X,white,style_0
JCKFVY24ABNYZXFH,pink,style_0
SHTFG29ZJFFMNGHY,white,style_0
TSHFVGGBDSXVNRCX,white,style_0
TROFVW76G5DEFHQH,white,style_1
SWSFW9BESFMAQ4AU,black,style_0
BRFFEW8KS9TJPH49,gray,style_1
BRFFNF8ED4BTYYRE,gray,style_1
VESFN9F3HSVWFU2W,white,style_0
BRFFEW52HAHGGHJ6,gray,style_1
BRFFNF8GRK2PPAMY,gray,style_1
VESFN9F33YXRMZFE,white,style_0
VESFN9F3RHZTBZGA,white,style_0
BRFFNF8GKZBSZQ96,gray,style_1
BRFFV7YFPHKJ4E86,gray,style_1
BRFFNF8GGTUBF5TN,gray,style_1
BRFFNF8EHQT3DXGC,gray,style_1
BRFFMUKDRUCRDKY3,white,style_1
VESFN5RU5FQKEGZN,white,style_0
BRFFNF8GZCC7YCJR,gray,style_1
VESEW24XXPEFAG8Q,white,style_0
VESFN5RUNCP3VHAF,white,style_0
VESFN5RSPYGW6ZCH,white,style_0
TRKF7UQXF7PCYHBH,black,style_1
BRFFMUKESDCB7MZF,gray,style_1
BRFFMUKDP4J8ZFZM,white,style_1
BRFFMUKEYQMXMUNV,gray,style_1
VESF4V3G79K95ZFM,white,style_0
BRFFMUKDTRP4XF4S,white,style_1
TRKEH2D5QEU83JBB,pink,style_1
VESFVYNGC69XWKNW,white,style_0
VESFN5RUVPRGFZGX,white,style_0
SOCFZ669PHYSYHEK,white,style_1
VESFVYNGFNRAUPU8,white,style_0
VESFN5RVC5ZKXBPA,white,style_0
BRFFMUKDEUAYFWWZ,white,style_1
VESFN9F3NUZXBGXS,white,style_0
TRKEE3W53FC6JDYU,pink,style_1
TRKF7UQX8EHTDK7Q,gray,style_1
BRFFMUKDCGD8JMMP,white,style_1
BRFFEW8DUFFVXCZG,black,style_1
BRFFEYH7N67HZEGF,black,style_1
BRFFMUKDKVHZTHHD,white,style_1
BRFFMUKEWUYJCPYS,gray,style_1
SOCFZF7HCFSSVT5X,white,style_1
TRKFW3YTJRAYNHDD,black,style_1
VESFN9F3ETA26NXG,white,style_0
BRFFXYAHYFUJ8WUJ,gray,style_1
VESECRF7ZTJTAZNS,white,style_1
BRFFMUKEUAZXHN3R,gray,style_1
BRFFMUKDNHFSAWFQ,white,style_1
BRFEE3MZQZSCF6HN,pink,style_1
BRFFEW9JC862F7YE,black,style_1
BRFFEYH2GPZRT5HF,pink,style_1
VESEW24X9QUMNCQU,white,style_0
BRFFEYHFBAHJGSZR,pink,style_1
VESEW24XZJFAXAH7,white,style_0
SRTEE2NGJ8SBWCQN,white,style_1
BRFFMUKEDHXSD5MT,gray,style_1
BRFFMUKEEEPYAF9D,gray,style_1
TRKF7UQWBFX4ZN8W,black,style_1
VESECRF7GY767A73,white,style_1
BRFFMUKE8G9DXKN8,gray,style_1
BRFFMUKDTNFDPXRW,white,style_1
VESFN9F35FDMZAUY,white,style_0
TRKF7VGZZKDDXHMX,black,style_1
BRFFV7H5ZRDZUSTG,pink,style_1
BRFFMUKEGPTJ9HPH,white,style_1
VESECRF7RWHTTZFH,white,style_0
VESFRGGT2YVHFZUA,white,style_0
TRKEH2D52YGN6NVB,pink,style_1
VESF4V3G79U9HD86,white,style_0
SRTEE2NG6Y227HZP,white,style_1
BRFEE3MYZZJNJPJ6,pink,style_1
VESEZHFSGBJG3KXD,white,style_0
BRFFUZZMUPKVF34M,gray,style_1
BRFFMUKEMTZZZ53B,gray,style_1
BRFFXYAEWEY5U2Z3,gray,style_1
BRFFZJG8KUA4XKGX,gray,style_1
VESFN5RSNSCCYJM7,white,style_0
TRKEDUYYDEPBRHYN,pink,style_1
TRKEDUYYKKR8V4YX,pink,style_1
BRFFMUKDFG2NPZKU,white,style_1
VESFN5RSZ2R5KWD3,white,style_0
TRKF7UQWGVQKPZHB,black,style_1
BRFFMUKD6NCPKRQR,white,style_1
BRFEE3NYZKQSQZQH,pink,style_1
BRFFMUKEE4JSGUBN,gray,style_1
VESFN5RTMKFJNVGS,white,style_0
SOCFZ2MGHZZHBYGZ,white,style_1
TRKF7UQWNMUTGNCM,black,style_1
VESFN5RUYNR7EVAM,white,style_0
VESFN5RSZYD99G9Z,white,style_0
SOCFYVFYMBQ3K8MR,white,style_1
SOCFYTKHZEHXZRXE,white,style_1
VESFN8YQPAJHKEVV,white,style_0
VESFVYNHRWQAA5HF,white,style_0
VESFN8YXTCGHAGCB,white,style_0
TRKF7UQWHKTAPGNZ,black,style_1
VESFN5RSYXDEHYYZ,white,style_0
VESFN5RX47NSYDGS,white,style_0
VESFN5RVYESXRTF2,white,style_0
VESFN5RXWZFQ5CZX,white,style_0
VESFN5RX8NXAHEQN,white,style_0
VESFN5RX2JARKJER,white,style_0
VESFN5RUPZBH5ZQJ,white,style_0
VESFVYNHDMVVSMGY,white,style_0
VESFN5RXDGR4WTFE,white,style_0
VESFN5RUYBHXEFZH,white,style_0
VESFN8YXTHNZJCMX,white,style_0
VESFN8YXGSGETKQ5,white,style_0
VESFN5RXQJH9QRFK,white,style_0
VESFN8YGARJ8HYCZ,white,style_0
VESFVYNHYX5M3ZVD,white,style_0
VESFN8YX6FK3VSNU,white,style_0
VESFN5RXCJQUW8ST,white,style_0
VESFN5RVZSMS4DHS,white,style_0
VESFN5RUGYDVH3DA,white,style_0
VESFVYNHHM3KKHUX,white,style_0
VESFN5RSSAFBYJCU,white,style_0
VESFN9F3CZ9BKHZQ,white,style_0
VESFN5RS3ZQJKBVB,white,style_0
VESFN5RUG9M6MPTK,white,style_0
VESFN8F5GE9HES4X,white,style_0
VESFVYNHQFWN5NPE,white,style_0
VESFN9F3THWK4TWZ,white,style_0
VESFN5RSBG2VRZG3,white,style_0
VESFN8YXPSJBHCHA,white,style_0
VESFN5RUJQCFEVGB,white,style_0
VESFN8F5PANCPHWF,white,style_0
VESFN8YXSF9GNCZ5,white,style_0
VESFN5RXAZHHN5YZ,white,style_0
VESFN8F5GGUHCNGZ,white,style_0
BRFFMUKDWVBDFREZ,white,style_1
VESFN8YXXBEE9HJ6,white,style_0
TRKFC3YEUMCHAGBQ,black,style_1
VESFN8YXY8SUA5UH,white,style_0
VESFVYNHAZKXRHK3,white,style_0
VESFN9F3SD6RKRGM,white,style_0
VESFVYNHTJCFGC9G,white,style_0
SOCFZF5UF7ZYFJ2G,white,style_1
VESFVYNGDZBZTDCF,white,style_0
BRFFMUKDKCZZC4AE,white,style_1
BRFFZJG8HG6MANXP,gray,style_1
VESFN5RXZWTHQXNM,white,style_0
SOCFZF5JQGT3HKJN,white,style_1
SOCFZF3VNJFFT5EG,white,style_1
BRFFMUKE4ZRK3UYA,gray,style_1
SOCFZF6UXKCAMTAQ,white,style_1
SOCFZF622HM7ZZMW,white,style_1
SOCFZF4U8HEAYYPF,white,style_1
SOCFZF53Z5GDNDY7,white,style_1
VESFN8YXNFNBVFTV,white,style_0
VESFN9F3XMYCXVFT,white,style_0
BRFFZJG87AHTRWHP,gray,style_1
VESFN8YXKU9EXECB,white,style_0
VESEW24X6HVVJT34,white,style_0
BRFFZJG8YWSE4GZX,gray,style_1
BRFFZJG8JAWA8GDE,gray,style_1
BRFFZJG8GZMHC3ZT,black,style_1
BRFFZJG8MNY8CX2B,gray,style_1
BRFFZJG8CPHGHPUH,gray,style_1
TRKF7UQXX3GKBAZT,black,style_1
BRFFZJG8CZAGHQSF,gray,style_1
VESFN5RS7CAHENYE,white,style_0
BRFFZJG82U4N6EJC,black,style_1
VESFN9F3HCWEER5Q,white,style_0
VESFN9F3ZHYHDHUR,white,style_0
TRKF7UQWQPFMFFHJ,black,style_1
SOCFZF6DQBN6UQNF,white,style_1
BRFFZJG8DVZYQYSH,gray,style_1
SOCFZF6ZGK5GE7XG,white,style_1
BRFFZJG83THG83GK,black,style_1
BRFFZJG8XBCZ5SWS,black,style_1
VESFN6R3AETQ3M56,white,style_0
BRFFZJG8CFBBDNEP,black,style_1
VESFN9F3PSFPMHBM,white,style_0
SOCFZF77KQBW9QFH,white,style_1
SOCFZF7MK5F9UXJQ,white,style_1
VESFVYNGAKBUDNDC,white,style_0
SOCFZ64VQZQYGNZG,white,style_1
BRFFZJG8WPC6W3UQ,gray,style_1
SOCFZAH2ENHRC9SQ,white,style_1
VESFN5RXPJBYQTEZ,white,style_0
SOCFZ64UGZPHYJ2X,white,style_1
BRFFMUKDGYVDVSMH,gray,style_1
SOCFZ66KW6R2ERJX,white,style_1
SOCFZ2MAPJHGZZEA,white,style_1
VESFVYNGRYVSYH2V,white,style_0
VESFN5RXFUHHHS3J,white,style_0
VESFN5RUGMRUXHHZ,white,style_0
VESFN5RXXFY8HT52,white,style_0
SOCFZ64VGH38UVEZ,white,style_1
VESFN5RXNA7AMX7H,white,style_0
VESFN5RUXUHEHUFD,white,style_0
VESFN5RUZUY7FBYQ,white,style_0
BRFFMUKEZW3DFYKH,white,style_1
TRKF7UQWGAFYKQFP,black,style_1
VESFN5RUAZZM8XDH,white,style_0
VESFVYNGVGYTNXQB,white,style_0
SOCFZ2N27NU6FV89,white,style_1
TRKFEV6ZYUQJRYMH,pink,style_1
VESFN9F3TUX7TJYT,white,style_0
VESFN9F3GGN3YHGH,white,style_0
SOCFZ2NFMQHMJJHM,white,style_1
BRFFMUKEPUF9RUZ2,gray,style_1
SOCFYVYVSFSRHYRC,white,style_1
VESFN9F3VGTGRYEA,white,style_0
VESFN8YXDBV34TXE,white,style_0
TRKFF2RZFYY2XGBA,pink,style_1
SOCFZ2NFGU3GXUTG,white,style_1
VESFWYX4XPY6NYQP,white,style_0
VESFN9F33BDCN4GF,white,style_0
SOCFZ2NFBTNEHBWV,white,style_1
SOCFZ2MSEGR267BZ,white,style_1
BRFFEW85MY5GKHKY,black,style_1
TRKFC3F3QXMRSQMG,white,style_1
BRFEE3N2WCDS63HJ,pink,style_1
BRFFMUKDZUGZFPZG,gray,style_1
TRKF7UQW8Z2JEQS6,black,style_1
BRFFMUKD2EUKUZFF,gray,style_1
VESFN8YXDJ9V5T2F,white,style_0
VESFN8YXBCPYDCYZ,white,style_0
TRKF7UQVYGPNDDTA,black,style_1
BRFFEW5VUQAPQ28S,black,style_1
VESFN8YGGNXNWZAZ,white,style_0
BRFFMUKDHK8ZYYYH,white,style_1
VESFN5U34GNHGPQM,white,style_0
VESFN5U3MUUBGKWJ,white,style_0
BRFFMUKEZPURX5BY,white,style_1
TRKF7UQVKYDQYPKD,black,style_1
VESFN9F3FPTAPNFZ,white,style_0
BRFFMUKEGGTVGBZU,white,style_1
VESFN5RSBYZDQYWJ,white,style_0
TRKF7UQWNGDXPQXM,gray,style_1
VESFN9F3MJY8RBRF,white,style_0
BRFFMUKDT2QEHCKD,white,style_1
BRFFMUKESZUGWZ74,white,style_1
VESFN9F3SSQDYUPH,white,style_0
BRFFMUKDMCFHDZTC,white,style_1
VESF4V3GZWYMYVUS,white,style_0
BRFFMUKDBU3DDZZ9,gray,style_1
VESF4V3GHNQGHWYF,white,style_0
VESFN8YGZP46HHXZ,white,style_0
VESF4V3GNQZNRHHD,white,style_0
VESF4V3GTXXZ7FY9,white,style_0
VESFN5U3H5598ZDD,white,style_0
BRFFMUKDJH3MCC3F,white,style_1
VESECRF7CZWJGXMC,white,style_1
BRFFEYH2PMBBWRZH,pink,style_1
VESF4V3GFDBYVGGH,white,style_0
VESFN8YPUC8DXZZE,white,style_0
VESFN8YPHAGJGUDM,white,style_0
TRKFEYF4GT49UAAB,black,style_1
VESF4V3GCRR8TFHZ,white,style_0
VESFN8YPZEUHQFQZ,white,style_0
BRFFEYH2G2SDVTPZ,pink,style_1
VESFN9F3TJGZZWNS,white,style_0
TRKF7UQWRYDH5HAK,black,style_1
VESFN5RXFKMGCZ66,white,style_0
VESFN5RUP4RKMJB2,white,style_0
VESFN5U3SEJWNDGT,white,style_0
BRFFEW8KKQYKZXAC,pink,style_1
BRFFEW6TRYQZ3PC4,pink,style_1
BRFF5GHFXAH5XSQP,black,style_1
BRFFEW63KAHZPT8R,black,style_1
BRFFMUKDYH8YVTEC,gray,style_1
VESFN9F3FJY5G4FC,white,style_0
VESFN5RUV4H3ZNH9,white,style_0
BRFFMUKEDGG5FHRJ,gray,style_1
BRFFMUKEGH3RWUSF,gray,style_1
VESFN5RUW3UFSFGZ,white,style_0
BRFFEYH2EVXDTG78,pink,style_1
BRFFEW6XEKJ5S8W6,pink,style_1
TRKFC32BNDZGHXVH,black,style_1
BRFFMUKDFETTC4YC,white,style_1
BRFFMUKEUUYFH8HG,gray,style_1
VESFN9F3SK9AZQUH,white,style_0
TRKF7UQVKHT2FVT6,black,style_1
BRFFEW77ZJZWEHGA,black,style_1
BRFFEW7PZSFH8YUE,black,style_1
TRKF7UQV6WMCC9UM,black,style_1
TRKF7UQW2NAMZYJY,black,style_1
VESFN5RUDUYDYJ7P,white,style_0
BRFFEYH2YXBV3P3G,black,style_1
VESFN9F3Y4WQXJ7V,white,style_0
VESFTKU47GHYVHYZ,white,style_0
VESFN5RS7F8FFHGF,white,style_0
BRFEGM47AKYADGCU,gray,style_0
VESFN5RUW49QJHBW,white,style_0
VESFN8F5FJYTZFWM,white,style_0
BRFEE3N2EPR4SCT7,pink,style_1
VESFN5RSYF8S6URN,white,style_0
BRFF5GHFEAKPK8R9,black,style_1
VESECRF7BUPZ3GVS,white,style_0
VESFRH5HS3FUWZKP,white,style_0
BRFF5GHFURU7N4TF,black,style_1
BRFF5GHFQSDJNQTT,black,style_1
TRKF7UQWZFJGGHNN,black,style_1
VESFN9F3BZXCBF43,white,style_0
BRFF5GHFZCFHPZQK,black,style_1
BRFF5GHYGF3KGZRS,black,style_1
VESF4V3GKDZJ79ZR,white,style_0
BRFF5GHFR3UHNTJM,white,style_1
VESF4V3H4DGTVFND,white,style_0
BRFFMUKDFZJMFZXM,white,style_1
BRFF5GHY6HVAH3WZ,white,style_1
BRFFMUKECH8SR83P,gray,style_1
VESFN5RTHG7HGZYF,white,style_0
TRKFEYF4KT4PEYEZ,black,style_1
VESFN6R3GH8PKME8,white,style_0
VESFN5RSZFTFHPKG,white,style_0
VESFN6R33CFY2FTG,white,style_0
VESFN5RTFY2T8ACG,white,style_0
BRFFUV7Q9FB4RFPH,white,style_1
TRKFC3FCYEH6PJTV,black,style_1
TRKFC322ZM8B2FGS,black,style_1
TRKFC3YEFAFPDXWM,black,style_1
TRKFC326ZYZUN7QF,white,style_1
TRKF7UQVCSHAXYMZ,black,style_1
TRKF7UQVXRRHHHQZ,black,style_1
TRKFC33HV5ZGNCWR,white,style_1
TRKFEYF3THT4URZF,black,style_1
TRKF7UQVJG7JHYGK,black,style_1
TRKFC3YSEZ5HJEH8,white,style_1
TRKFEYF3TWFCKYQJ,black,style_1
TRKFC334MFJTMZN4,white,style_1
BRFFMUKETVHJFUGB,gray,style_1
TRKFEV9NMNSYMMKB,pink,style_1
TRKFEV6NJUQXTC9B,pink,style_1
TRKF7UQWQZHJR53H,black,style_1
TRKFEV6VRZKNTKZD,pink,style_1
TRKF7UQVMYUGCTYB,black,style_1
TRKFEV6G7SEEDH4R,pink,style_1
TRKFEV9ZNMZHZTFY,pink,style_1
TRKFF2RMNCBB7ZKX,pink,style_1
TRKF7UQWB3ZDPJTY,black,style_1
VESFN9F3BZYWXMFG,white,style_0
VESFN9F38GCHJ46B,white,style_0
VESFN9F3WNWECUP5,white,style_0
TRKF7UQWD5YHHJYD,black,style_1
BRFFMUKEFS9ECHKF,gray,style_1
BRFFMUKEJZCZSDRB,gray,style_1
TRKFEV8GF3G69MBK,pink,style_1
TRKEDUYFQHHZP5T8,white,style_1
VESFN9F39XJEQYJV,white,style_0
VESFN9F35YWEEHDG,white,style_0
BRFFMUKETQDFTZHF,gray,style_1
BRFFMUKEPH6PYZYQ,gray,style_1
VESFRG2Y7GU3YXH4,white,style_0
TRKF7UQVKW73KKAT,gray,style_1
TRKFEYFCZMCH2N78,black,style_1
TRKFEYF3GTTVYBMW,black,style_1
VESFN5RSJJUN8WH4,white,style_0
TRKFEV9MHZPZTQ9X,pink,style_1
TRKFEV9GHAZKTVQR,pink,style_1
VESFN8YP5HZ5W4UJ,white,style_0
BRFFMUKDN3TGNP4V,gray,style_1
VESFN5U3DHRMP8RH,white,style_0
BRFFEW8S7MYPFNQM,gray,style_1
VESFN9F3YGVZSHUH,white,style_0
TRKFEV6FRGHECZBC,pink,style_1
BRFFMUKEDHGEUHM9,white,style_1
VESFN5RU2NFXRFSH,white,style_0
BRFFEW6UGZGMWUDW,pink,style_1
VESFN9F3AUVYRW3H,white,style_0
BRFFMUKDRGZNAY2Y,white,style_1
BRFFMUKEXDUTRMD9,gray,style_1
VESFN8F5EZCR2JZQ,white,style_0
BRFFMUKDVFQAUWXB,white,style_1
VESFN5U3HYDWPJKC,white,style_0
BRFFMUKDFV6VRTNY,white,style_1
VESFN8F5FE7QNUBQ,white,style_0
VESFN5RXECMCWQXD,white,style_0
VESFR7AV2HNHS564,white,style_0
BRFFMUKDCH2KASWN,white,style_1
BRFFUUC9GXGEYCRH,white,style_1
BRFFUTZMGFE5SGYF,brown,style_1
BRFFZ3728GB2MYNS,white,style_1
BRFFUTEAJGGZJN23,white,style_1
BRFFUTEAXPG82ZBR,white,style_1
VESFN9F3PNUVCCTH,white,style_0
VESFVYNH6NMCMMDH,white,style_0
TRKF7UQWFYGSHW7G,black,style_1
BRFFUTZMB2GUYUMF,white,style_1
BRFFV7YEQ7JHGBDY,gray,style_1
BRFFEYH2PXZYHRZR,black,style_1
TRKF7UQV7HHBXGAA,black,style_1
BRFFVQG25HHDC6YU,white,style_1
VESFQYG3HHGRWHJ2,white,style_0
BRFFV259TXKYRVJ7,gray,style_1
BRFFWXPWHYW6CH8U,gray,style_1
VESFRH5HGKGRYPFA,white,style_0
BRFFJDFUHRDMGE3Q,gray,style_1
VESFUZYNHJGMFBME,white,style_0
BRFFF6XNFR9GBXXW,pink,style_1
TRKEDUYY2YYKZRFH,pink,style_1
VESEGVMNX8KGHXJB,white,style_0
VESFUS2HPHHHTZKT,white,style_1
TRKEDUYYZC9VETGH,pink,style_1
VESFNS4KJFU4FZXH,white,style_0
BRFFW2S5VSJ4ZJ4S,gray,style_1
BRFF5GHFUZWBWYSU,white,style_1
BRFFMUKEZPSEG2R4,gray,style_1
BRFFXFDHHYQDWJZE,gray,style_1
VESFN5RS5UXXHWYQ,white,style_0
TRKF7UQW7Y9HBHBZ,black,style_1
VESFN8F5KCGXZGHD,white,style_0
BRFFMUKDFETTC4YC,white,style_1
TRKF7UQW7Z7PFRGW,gray,style_1
VESFV29HGMTUHZ7N,white,style_0
BRFFEW7ZDANUZQVK,black,style_1
TRKF7UQXFSXGWZZA,black,style_1
TRKF7UQWTZJK8AH7,black,style_1
BRFFMUKEBP6PCG3N,gray,style_1
TRKFC32CPZSHKTQG,black,style_1
BRFFMUKEQS82YZQC,gray,style_1
BRFFVXDRZGEVHJZQ,gray,style_1
TRKF7UQVQCF3A2N5,black,style_1
BRFF5GHFHGZTVZB9,white,style_1
VESFU3KEQQUAAUYN,white,style_0
VESFU3KEMZGCPPUA,white,style_0
VESFU3KEYHEVDQHJ,white,style_0
TRKF7UQV7D2VZZ9W,black,style_1
VESFU3KEFKVQ4M9R,white,style_0
TRKFEV6RWQY5Q9XW,pink,style_1
TRKFC33FMARCJQRM,black,style_1
VESFU3KEGG8Z2TFH,white,style_0
TRKFRUTZGFRFNQA8,white,style_1
VESFN5RSYQDS5FWZ,white,style_0
VESFN5RUMMJER4VA,white,style_0
VESFN8YPY3NEDCRF,white,style_0
TRKF7UQVH9ENESJQ,black,style_1
SRTEE2NGQXGMNXAU,white,style_1
TRKEE2VYHPFNJGSG,white,style_1
VESFN9F3HQAY5RXZ,white,style_0
VESFN9F2SA4HUWJZ,white,style_0
VESFN8YXDJHWAKAG,white,style_0
VESFN8YXHSTGQ6BF,white,style_0
VESFN5RUP7BAKBM9,white,style_0
VESFN8YPZVZFUGAY,white,style_0
BRFFU2NNTHYVGZKT,white,style_0
BRFFMUKDQHQTDDKZ,white,style_1
VESFN8YP9ZHSUDDG,white,style_0
TRKFW3F4FYZAVFDZ,white,style_1
VESFN8YPFYZDKTH5,white,style_0
BRFFEYH28TAM6FEZ,black,style_1
BRFFEYHFK5B3YSGT,black,style_1
TRKFW3FFAWCQZZGR,white,style_1
VESEZHFSZ8QGCMDF,white,style_0
BRFFU2NVH8VFJ6Y6,white,style_1
BRFFU2NV9NGBRPSX,white,style_1
BRFFU2NV8KMM4J4N,white,style_1
BRFFU2NVT6KG97RC,white,style_1
BRFFVY6FDCVH4XHB,pink,style_1
BRFFMUKDYEHYQBHK,white,style_1
BRFFEW68RSEGUDT3,black,style_1
VESFN5RXTFNNUMH5,white,style_0
BRFFEW6HPWT6G9GH,black,style_1
BRFFEW8YG2SSKSGE,pink,style_1
TRKF7UQWZBFMFFHU,black,style_1
BRFFXYASJ3Z4MEAY,gray,style_1
VESFN8F5SCP3SB62,white,style_0
BRFF5GHF6DFJHKMY,white,style_1
VESFRGGRSPGCMJH4,white,style_0
BRFFVU2PUFRQHRFW,white,style_1
TRKFC322ZYGJXKN2,white,style_1
TRKFEYF3BRYZHPHA,black,style_1
TRKFC322ZYGJXKN2,white,style_1
TRKFEYF3BRYZHPHA,black,style_1
TRKF7UQXWHRRCHJF,black,style_1
BRFF5GHYGQYZDFAP,white,style_1
VESFPBNFBJUEU48S,white,style_0
VESFRGGXVEBAWH4S,white,style_0
TRKF7UQWZ9CRXTVA,gray,style_1
BRFFJDFU6ZMZXG4U,gray,style_1
BRFFMUKDZTFNGGUH,white,style_1
VESEXPFX6MGW7HZ4,black,style_1
SWSFXZWGGKRDZZ5D,white,style_0
JCKFUUSZWDZDG3FZ,white,style_0
JCKFUWHVMUBGGWZ2,white,style_0
SWSFXZWGDYCPQZ6K,white,style_0
JCKFUUSN3YZPEJXP,white,style_0
JCKFUUSPZCTSACGH,white,style_0
SWSFXZWHHTZHZG6V,white,style_0
JCKFUUSPZFFUJHDQ,white,style_0
JCKFUUSPXZYWUFAG,white,style_0
SWSFYFFYHHDFZBRM,orange,style_0
SWSFYV4NC7YJVUAA,white,style_0
TKPFYVRN3ZZZGAPH,pink,style_1
SWSFYFFYNUHYEQGD,white,style_0
SWSFYFFYJCSGNGD8,white,style_0
SWSFXZWT8GF6MNGU,white,style_0
TSHFWF58BBGMUZ9Z,white,style_0
SWSFYFFYQ7Z3ZKN6,black,style_0
SWSFYFFFFYZ896TJ,white,style_0
TSHFWF584AM3FTYP,white,style_0
TSHFYEHZBSJFZ8DK,white,style_0
SWSFXZWRDFRAWMN2,white,style_0
SWSFXZWWYXPZXPTY,pink,style_0
SWSFYFFYQA4B8WXP,white,style_0
TSHFYZGBVYMPJYDC,white,style_0
SWSFXZWRDCTXHSHP,white,style_0
SWSFYFFYCFJEYYTU,white,style_0
SWSFYNF2Z6A6NGFT,black,style_0
SWSFYFFYFXCMPBDZ,white,style_0
SWSFXZWGE4HCKG86,white,style_0
SWSFYV85ZTT9H7ZY,brown,style_0
SWSFXZWWCSGRZ3HT,white,style_0
TSHFYEGYGRRGSQ6G,white,style_0
SWSFYFFFZBZKUQUS,brown,style_0
TSHFYFF9BFTH8ZRH,pink,style_0
TSHFYEHZSPZ9AWEH,white,style_0
TSHFYFFAZZHEWRQH,white,style_0
TSHFYFF9ZG2HS6GK,pink,style_0
TSHFYFFAPMGZTRGY,pink,style_0
TSHFYFFAAPSHFVR3,pink,style_0
TSHFYFFAZFZKS6ZS,black,style_0
TSHFYEG2JVSGHYCA,white,style_0
TSHFYFFACPEGH64H,white,style_0
TSHFYVS3PVW5ZB8X,white,style_0
TSHFYFFAEN3QGKMP,white,style_0
TSHFYFFABFZQPVUM,white,style_0
TSHFYFFAXHAEAZGG,white,style_0
TKPFYVRNV6MHFGZA,pink,style_1
TSHFYFFAGXFCHD7H,gray,style_0
TSHFYEHZDRMGUKZZ,white,style_0
TSHFYFFAVZ8XAGBZ,brown,style_0
TSHFYFFAYMWGUGES,pink,style_0
TSHFYFFAQFUYACEM,pink,style_0
TSHFYFFAZSEW6XVW,pink,style_0
TSHFYFFAEYHVW8N3,white,style_0
TSHFYEGYRQYAXU6E,white,style_0
TSHFYFF9AKBJBQSX,pink,style_0
TSHFYEHZBBBVBBJA,white,style_0
TSHFYFFAMMSH8WXN,white,style_0
TSHFYFFAJBPABZDA,black,style_0
TSHFYFF9HT7AHYGV,pink,style_0
TSHFYFF9FQYREPFU,pink,style_0
TSHFYFF9GGPHZPHR,black,style_0
TSHFYEHZZH8UBHB2,white,style_0
TSHFYFFAVY6UK57T,pink,style_0
TSHFYEHZYY8AZQD4,white,style_0
TSHFYFF9FEMJ6YTP,white,style_0
TSHFYFFAXZK5CMMW,white,style_0
SWSFXZWGBS5UDZ7D,white,style_0
TSHFYEHZ4Q3SBXFQ,white,style_0
TSHFYFF9Y7UPFXKH,black,style_0
TSHFYFFA3YSFENZV,white,style_0
TSHFYFFACDN4NBPE,white,style_0
TSHFYFFAYNW9EMTD,white,style_0
TSHFYZABFXJ3ZH4Y,white,style_0
TSHFYFF9HQMXDPBG,white,style_0
TSHFYFFAACFYVPF2,pink,style_0
TSHFYFF9ZNF7HWGN,pink,style_0
TSHFYNFEAZDS9CDH,pink,style_0
TSHFYNFFTK73GJCC,white,style_0
TSHFYFF9EZ57MNHE,brown,style_0
TSHFYFFAWD3QUR9G,pink,style_0
TSHFYZ9KXEFJFXTD,pink,style_0
TSHFYVS5QZHBW7RC,white,style_0
TSHFYVS5KXTQDMCS,white,style_0
TSHFWF578HFYJSJW,white,style_0
TSHFWF58ZNPZTXYG,white,style_0
TSHFYEHZGF5FCAQ2,white,style_0
TSHFYZ9WNVMZJCSF,pink,style_0
TSHFVXGQZTFPMGMR,white,style_0
TSHFYNFEA9ZXHYCT,white,style_0
TSHFWF58ZWHPEYSD,white,style_0
TSHFWF58VUX7DABY,white,style_0
TSHFWF589Z4GGVJ2,white,style_0
TSHFYFFAVJH6W8DT,pink,style_0
TSHFYFF9FAB6CSJD,white,style_0
TSHFYVS3PFVMMMKF,white,style_0
TSHFYFF9CNCJBJRX,white,style_0
TSHFYFFAHKNP8ZX8,white,style_0
TSHFWF58BKGFYB5B,white,style_0
TSHFVXGQG7SSCQFH,black,style_0
TSHFYN2VKURPBTHN,pink,style_0
TSHFWF58UFG9HVSE,white,style_0
TSHFWF57CTFWRGFZ,white,style_0
TSHFYFFAHZZ9MYBH,white,style_0
TSHFYFF9GFYMZHMY,white,style_0
TSHFWF57CHKBUNHE,white,style_0
TSHFWF589JQGEZES,white,style_0
TSHFWF57WJBQ4NUG,white,style_0
TSHFWF587VMNWGXV,white,style_0
TSHFYVS4BCQNDBRG,pink,style_0
TSHFVXGQ9ZMAWFND,white,style_0
TSHFYZAY4JWJHVMS,pink,style_0
TSHFWF582U5CB9BT,white,style_0
TSHFWF57ZHNRMZAZ,white,style_0
TSHFYFFAXBPJWCNB,pink,style_0
TSHFYVS5FNZTZGUE,pink,style_0
TSHFWF57SMRZHV6N,white,style_0
TSHFYVS3RYZJMFXM,white,style_0
TSHFWF58KHZT8BBX,white,style_0
TSHFYZ9ECWBD3GKG,brown,style_0
TSHFWF577GAYDGYF,white,style_0
TSHFWF57YHGPZKYD,white,style_0
TSHFYFFARMP4QEE7,pink,style_0
TSHFYFFA2ZKWRU7H,pink,style_0
TSHFWF5835DXZZAC,white,style_0
TSHFYVS4DFTFDHCT,pink,style_0
TSHFYEHZ3HPERCSH,white,style_0
TSHFWF572KTB82PV,white,style_0
TSHFYNF93CZGYUXK,pink,style_0
TSHFYFFAFHD5YA7P,white,style_0
TSHFWF57UMK9QHDW,white,style_0
TSHFYFF9ZAJESE3X,pink,style_0
TSHFVXGQ8Z5ZHCBS,gray,style_0
SWSFXZWGCNDAPG5H,white,style_0
TSHFWF58FJFZHTEQ,white,style_0
SWSFXZWWZ8QKXY6Y,white,style_0
TSHFWF5852GGXRN4,white,style_0
TSHFYVS5S3VAWE8F,white,style_0
SWSFXZWH3MTQ6VW8,white,style_0
TSHFWF58KHU67NXE,white,style_0
TSHFYEGYGTY8EZF5,white,style_0
TSHFWF57STWFBCZJ,white,style_0
TSHFYNFEHBZGWRAG,white,style_0
SWSFYV4NTZYYPUCH,white,style_0
TSHFYFFAVGQA98DQ,white,style_0
TSHFYFFABAHDBFMB,pink,style_0
TSHFYVS3EQG2UMVY,white,style_0
SWSFXZWGAFH4WFHV,white,style_0
SWSFXZWGMGVDUCXA,white,style_0
TSHFWF58A4HH7ABC,white,style_0
TSHFYVS3GWZ4F7QM,white,style_0
TSHFVXGQ73ZRG9AW,pink,style_0
SWSFXZWUMUXNUHSZ,white,style_0
SWSFYFFYFZ3ZPGXR,white,style_0
SWSFXZWGSKPYAMHR,white,style_0
SWSFXZWG7FZNSGZX,white,style_0
SWSFXZWGGJYSWYK2,white,style_0
SWSFXZWGFKHNG88S,white,style_0
TSHFYZ977AHKXDMX,pink,style_0
TKPFYVRNGSKYPGT3,pink,style_1
TSHFYEG22HN8UEUT,white,style_0
TSHFYN37DWMWHPKQ,white,style_0
SWSFXZWKGCKFA3V5,pink,style_0
SWSFXZWWTWBVAVHT,pink,style_0
TSHFWF57RHH2Y7RZ,white,style_0
SWSFXZWGDH7E2QNC,white,style_0
SWSFYFFFMWQMAPJJ,white,style_0
SWSFYV4N7HJ8BHWM,white,style_0
SWSFXZWHCDGSHDUP,pink,style_0
TSHFYEHZF2ACE8EA,white,style_0
TKPFYVRN96GWWHZD,white,style_1
SWSFYV4NUHK8YPR9,white,style_0
SWSFXZWF96Z7CZFM,white,style_0
TKPFYNYUNRZKTWFJ,white,style_1
TSHFYFFAGHG6ZEN5,pink,style_0
TSHFWF572UHQSFCP,white,style_0
TSHFWF58KTYZRKHK,white,style_0
TSHFWF58HZETUMKT,white,style_0
TSHFWF57GZZPV2Z5,white,style_0
TSHFWF58EGEGSFUC,white,style_0
JCKFYQGKUNHTVXCF,black,style_0
SWTFXZVZNXFDCCNY,pink,style_0
JCKFYQGXDVYFKU3P,brown,style_0
TSHFYEHZHFRAN6G2,white,style_0
SRTFYNY6KAMDZF4E,pink,style_1
SRTFYNY6EYCTGHNN,white,style_1
SRTFYV497GBRPBU2,pink,style_1
VESFHC2KB7JZGGUZ,white,style_0
VESFVESVUD24KBZS,white,style_0
VESFXGBVVU5HH9MW,white,style_1
BRFFYQJAFQFUGHVD,gray,style_1
BRFFYQJA8TNJSFEZ,white,style_1
CAPF8QM3PFA2ZCQ8,white,style_1
CAPF8TXYGFJYWRAN,white,style_1
CAPFFNNTDKKMRPPH,white,style_1
CAPF9FWEJ69VWPY5,white,style_1
CAPENJZUU7FB72GC,white,style_1
CAPF8TXF5UYM2SMH,black,style_1
CAPFFEYQPVFH3VTG,white,style_1
CAPFFNZ4DXAAHGYM,white,style_1
CAPFFNNZPEUFZCHV,white,style_1
CAPFFNNYKSGCHZF8,white,style_1
CAPFFEZFVDYZJFBN,white,style_1
CAPFFNNSZKGGFYHY,white,style_1
CAPFFK7GFRFHVUHU,white,style_1
CRGFZ3WQPSN4MYVY,white,style_1
CRGFZ53B8GSREAYY,white,style_1
SWSFTQX38XP8KTJH,black,style_0
SWSFTQX3DTUDBRXQ,gray,style_0
SWSFTQX3GMT9HGM6,brown,style_0
TKSFWHN8GHURMFS4,white,style_0
SWSFTQX3XK9MPSFS,brown,style_0
SWSFTJZDXGDGHDWM,pink,style_0
TSHFVG9UQHEP9Q9Z,pink,style_0
CRGFTPPY9ZCA2KMD,white,style_1
TSHFVG9UGDXK8PK6,white,style_0
TSHFVB2BUGYVCEGN,gray,style_0
SWSFTQX3UWCYMAR5,pink,style_0
TSHFVG9UEAJHFHR3,white,style_0
TKSFWHN8WSU75GEC,white,style_0
SWSFTQX3FXW2GVQD,white,style_0
SWSFTQX3ACKSKSHV,white,style_0
TSHFTWBRWSRK8ZBN,black,style_0
TKSFWHN8THZDM6NX,white,style_0
SWSFTQX3DPDRC9SZ,brown,style_0
SWSFTQX3MVY9JG2U,gray,style_0
SWSFTQX3JSPUZ8BY,pink,style_0
TSHFVG9T3TM3FXPW,white,style_0
TSHFVG9THFXCBHYV,white,style_0
TKSFWHN8P8ANZSG4,white,style_0
TKSFWHN8JW4R3AYC,white,style_0
TSHFTW29PUDGZVBS,black,style_0
TKSFWHN8MV3X7J39,white,style_0
TSHFTW5YBBZJJ4AE,black,style_0
SWSFTQX3JQZBSVGM,black,style_0
TKSFWHN8VNUDDGJT,white,style_0
TKSFWHN8BVMRRTHM,white,style_0
TSHFVG9U7RKMMTZJ,white,style_0
SWSFTQX36GFYKSNN,pink,style_0
TSHFVG9UY6UNQUUA,white,style_0
SWSFTQX3GUCYR8SS,white,style_0
SWSFTJRUF727DZFP,black,style_0
TSHFVB2BZWYQRQNR,brown,style_0
TSHFVG9UGSWTFWQP,white,style_0
SWSFTQX3EDKKR9KT,pink,style_0
TSHFVB2BMHAJWHPE,white,style_0
TSHFVG9UUZHFXUFH,white,style_0
SWSFTJZDG92SDV65,pink,style_0
TSHFVG9TG97W7AGB,white,style_0
TSHFTW34DZZTFV2U,gray,style_0
TSHFVG9UUGKXTWGG,white,style_0
TSHFVB2BKFZRHYRZ,white,style_0
CRGFWHNRBSUZFGRH,black,style_1
TSHFVG9UHPJPNGHX,white,style_0
TSHFVG9URSFEJBPH,white,style_0
TSHFVG9TQHCUZRHF,white,style_0
KTAFW954JJJUB5ZG,pink,style_0
TSHFVG9UHGX6HG79,white,style_0
TSHFVG9UACUHMGAZ,pink,style_0
KTAFW954GHMHVK3Y,pink,style_0
KTAFW954M9S3QGJM,pink,style_0
TSHFVG9UWEGJMGYH,white,style_0
TSHFVB2BQ8DGZHF9,gray,style_0
TSHFVB2BTGV88GHU,white,style_0
SWSFTQX3W5YGV4BB,pink,style_0
CRGFWHNRUK5YP8HW,black,style_1
TSHFVB2BD3K2U9RB,white,style_0
TSHFVB2BHN9AADW4,white,style_0
TSHFVB2BMEHNUHTZ,white,style_0
TSHFVB2B9DTPQBCG,white,style_0
TSHFVB2BHBXGMHCG,white,style_0
TSHFVB2BZ6D2QMYA,brown,style_0
TSHFVB2B3WBVWFGM,white,style_0
TSHFVG9TGRRZ4KYU,white,style_0
TSHFVG9UENGDP9FU,white,style_0
TSHFVG9TRG4MXEZH,white,style_0
CRGFWHNRNHMSFZWB,black,style_1
TSHFVG9U9Z955YUZ,white,style_0
TSHFVG9TQ5AHYGQA,white,style_0
TSHFVG9UQ2TNQANJ,white,style_0
CRGFWHNRHVBPUXAK,black,style_1
TSHFVG9UZMHA5HEM,white,style_0
TSHFTW34KT8BSBG3,gray,style_0
TSHFVG9UTQRHGA2F,white,style_0
TSHFVG9UQGFFVSZP,white,style_0
TSHFVG9UHHUCUUEJ,white,style_0
TSHFVG9URXUK3UKR,white,style_0
TSHFVG9UFYYGEPVV,white,style_0
TSHFVG9UBMQ4KZUT,pink,style_0
TSHFVG9UGKUN67HA,white,style_0
TSHFVG9UFJCHEHPH,white,style_0
TSHFVG9UMCMVQSJB,white,style_0
TSHFVG9U7Q9RMSZQ,white,style_0
TSHFVG9UFRWPM83U,white,style_0
TSHFVG9UY3EE97FE,white,style_0
TSHFVG9UEGPZVHHG,white,style_0
TSHFVG9UBHNM4QFC,white,style_0
TSHFVG9UNVX5D3BE,white,style_0
TSHFVG9UMPREHPCX,white,style_0
TSHFVG9UJYZSBP4Y,white,style_0
TSHFVG9UUN5M4TVT,white,style_0
TSHFVG9U9G7AHC3P,white,style_0
TSHFVG9UGACC5CVX,white,style_0
TSHFVG9UU2AXXPZZ,white,style_0
TSHFVG9UK2G9HUGG,white,style_0
TSHFVG9UFGEEJZZF,white,style_0
TSHFVG9UFAYWFTCG,white,style_0
TSHFVG9UGUABBRZP,white,style_0
TSHFVG9UHURRYKQY,white,style_0
TSHFVG9UC6WZEZ5F,white,style_0
TSHFVG9UVEKMPZHC,white,style_0
TSHFTWBSXC2MMUYJ,black,style_0
TSHFVG9UGCFPXEXX,white,style_0
TSHFVG9UUTZRPFH6,white,style_0
TSHFVG9U4VZFFDUF,white,style_0
TSHFVG9UUYE5FB7N,white,style_0
TSHFVG9UFCDXZGNG,white,style_0
TSHFTWBRVNQBPKUF,black,style_0
TSHFVG9UHTCB7YUZ,white,style_0
TSHFVG9UHHD2YZUE,white,style_0
TKSFWHN8P32VSKBZ,white,style_0
TSHFVG9TKCUSR9B6,white,style_0
TSHFVG9TJREETQBC,white,style_0
TSHFVG9T5AEBYJBZ,white,style_0
TSHFVB2BMYM4VF7Q,brown,style_0
TSHFVG9TNEBGEAZS,white,style_0
TSHFVG9T8ZKCK8H9,white,style_0
TSHFVG9TA8FJKCRK,white,style_0
TSHFVG9TFCYRASTZ,white,style_0
TSHFVG9TJQNHFBCS,white,style_0
TSHFVG9TJMZ5TY44,white,style_0
TSHFVG9THKFHX7DZ,white,style_0
TSHFVB2BFZFJYAZD,gray,style_0
TSHFVG9ZZ6EV53HH,white,style_0
TSHFVG9TBP7GYGAD,white,style_0
TSHFVG9TGXQZGNQP,white,style_0
TSHFVG9TATYS7QCC,white,style_0
TSHFVG9UHFSMNFSA,white,style_0
TSHFVG9TKKD6ANXG,white,style_0
TSHFVG9TAEZPBWRU,white,style_0
TSHFVG9TCZVJHJAC,white,style_0
TSHFVG9TBTMVMYZW,white,style_0
TSHFVG9TNFKKHGTD,white,style_0
TSHFVG9TTDS7GRNF,white,style_0
TSHFVG9TXJHHARF8,white,style_0
TSHFVG9UMRVHSTAC,pink,style_0
TSHFVG9UVBRAUMZ4,white,style_0
TSHFVG9UVFNZPGVE,pink,style_0
TSHFVGC89ZBSF6BU,white,style_0
TSHFTWBR4737SP8G,black,style_0
TSHFTWBRYNFXRWKV,black,style_0
TSHFVGC8NHDFGYWV,black,style_0
TSHFVGC8HF4JGCSK,black,style_0
TSHFVGC8T6XFZSFM,white,style_0
TSHFVGC89VVXZUCJ,white,style_0
TSHFVGC8BKN9PCQE,black,style_0
TSHFVGC84CZZFQHT,white,style_0
TSHFVGC8HKEBBHFS,white,style_0
TSHFVGC8VJRXMVYD,white,style_0
TSHFTWBRPEUXPWDK,black,style_0
TSHFVG9UVZCUXN2P,pink,style_0
TSHFVG9ZHY8PCVP7,white,style_0
TSHFVG9ZPHFGTUU5,white,style_0
TSHFVG9ZGQQZYXYJ,white,style_0
TSHFVG9ZCREZW2FQ,white,style_0
TSHFVG9ZU4EDXNAG,white,style_0
CRGFTPPYYQ4TH2JG,white,style_1
TSHFVG9ZCXVFRRAZ,white,style_0
TSHFVG9ZWMZE9FMP,white,style_0
TSHFVG9Z9FW8ABJZ,white,style_0
TSHFVG9ZZ3H7F6ZE,white,style_0
TSHFVG9ZFT6D5DAW,white,style_0
TSHFTWBRSFWHWASX,black,style_0
TSHFVG9ZEJXMKG9F,white,style_0
TSHFTWBRNYHKCMAR,black,style_0
TSHFVG9ZQDT5MAFR,white,style_0
TSHFVG9ZTGZFZX63,white,style_0
TSHFTWBSFNUREHKH,black,style_0
TSHFVG9ZQJABZES5,white,style_0
TSHFTW5YYFDAKTTJ,black,style_0
HARFXZDHKVUZFEPZ,white,style_1
SWSFTQX3FAAGMYCJ,pink,style_0
HARFXZDH5ZNEQ7UH,white,style_1
TSHFTW29TJFZTYSQ,black,style_0
TSHFTW5YVKGZGXJV,black,style_0
TSHFTW5YHYGHKXM8,black,style_0
TSHFTW5YBCVPVJGX,black,style_0
TSHFTW5YN3MC9VJA,black,style_0
TSHFTW5Y2S2HXHDM,black,style_0
TSHFTW29DEQTHXQN,black,style_0
TSHFTW5YPU3YYYZJ,black,style_0
TSHFTW5YYJMZSBRX,black,style_0
SWSFTJRUT72NCYKC,black,style_0
TSHFTW34FKNZWVZ2,gray,style_0
SWSFTJRU3AFDXEFC,black,style_0
SWSFFUFZW8ZH5UAJ,white,style_0
SWSFFUFZMAHCJ5KG,brown,style_0
SWSFFVKBHZVGESZR,brown,style_0
TSHFGGYDHSD8XBGJ,black,style_0
SWSFFVKBAZGKCQCX,white,style_0
TSHFGGYPUHQTEGRZ,black,style_0
TSHFGZKHCCHHSJNU,brown,style_0
TSHFGZGRJ3YHFZCY,brown,style_0
SWSFFVKBCQG5FHPF,black,style_0
SWSFFVK89VKGHBZN,black,style_0
TSHFGZGRKGWGDM8Q,brown,style_0
SWSFFUFZ6PVYHSGG,black,style_0
SWSFFVK8NZ6ZHDZB,white,style_0
TSHFGZGR6AFJC5W7,black,style_0
TSHFGH3CHNTVBG5F,black,style_0
TSHFGGYPDQMZFZBT,black,style_0
TSHFFWGXM9WCGY4P,brown,style_0
TSHFFWGWYAQQK8KH,black,style_0
TSHFFWGWXAXTWK3S,black,style_0
TSHFFWJF968BBAWH,brown,style_0
TSHFFWJFNMYDD2UF,black,style_0
TSHFGF6JYDZFDQWM,black,style_0
TSHFFWGXKM2WMFUM,brown,style_0
TSHFFWGXYFCHCNQN,black,style_0
TSHFFWGXZYE9U3GK,black,style_0
TSHFGF6JMGVRJBGX,black,style_0
TSHFFWJFTTRJXDHY,black,style_0
TSHFFYXRJSJF4Z4D,black,style_0
TSHFFYXPQVXHVGZG,brown,style_0
TSHFFWJ24VTVMQEX,black,style_0
TSHFGF6KZEBTQ7Y3,black,style_0
TSHFGKYQ54PKZGST,black,style_0
TSHFFWGYKAZD2KB4,brown,style_0
TSHFFYXRVKRDFKGF,white,style_0
TSHFFWGW9G2N3F3D,brown,style_0
TSHFFWJ2JCB9N6Y5,brown,style_0
TSHFFYXRERAEV6DX,black,style_0
TSHFGKYP5KCBSHW3,black,style_0
TSHFFWJ3KGGH9HVX,black,style_0
TSHFFYXZXFDDPAYG,black,style_0
TSHFFWGXSPC5JGSC,black,style_0
TSHFFYXKD4TGNZBY,black,style_0
TSHFGGFCDESTNDDJ,black,style_0
TSHFFYXKVGEQGYHM,brown,style_0
TSHFFYXPG9G8PCG8,black,style_0
TSHFGF6KCZQUMK5Z,black,style_0
TSHFFYXKAXM6ZEEY,black,style_0
TSHFFYXPQYW45VWY,white,style_0
TSHFGH3FQJG82GBB,black,style_0
TSHFFYXRZZ2DYDDE,brown,style_0
TSHFGF6JJXEJF5ZM,brown,style_0
TSHFGHYPGRP7JNX4,black,style_0
TSHFFYXRSGSY9JNC,black,style_0
TSHFFWGXRRGSGKTJ,black,style_0
TSHFFYXRANHRHNTA,black,style_0
TSHFFWGXQQ576EVP,white,style_0
TSHFGH3CUG89UY9Z,black,style_0
TSHFFWGYFYWGCRNY,white,style_0
TSHFGF6JHNF3GXFZ,black,style_0
TSHFFYXKJSZE6UG2,brown,style_0
TSHFGZHB5WZZ4MCM,black,style_0
TSHFFWGYW4YJEBXQ,black,style_0
TSHFGD9KUFHRYDPA,black,style_0
TSHFFYXK2PKGP8XS,black,style_0
TSHFGH3CMTJEMF3J,black,style_0
TSHFFYXRGWUZUCDG,brown,style_0
TSHFFWGYG5P4QMP2,black,style_0
TSHFGZH6U4QKWERT,brown,style_0
TSHFGF6J6YGPBASQ,brown,style_0
TSHFFYXKXPV28GGA,black,style_0
TSHFGF6KHBKGAYBK,brown,style_0
TSHFGZHBS9D6EQQZ,brown,style_0
TSHFGZHBGFPPCVSG,black,style_0
TSHFGZHERTDFKSET,black,style_0
TSHFGZH6GKA4BGTA,black,style_0
TSHFGZH6ZG9YDFNJ,black,style_0
TSHFGZKB9Y3GXPZY,black,style_0
TSHFGZHERNC7ZJ9J,black,style_0
TSHFGZKBUFH8HXZT,brown,style_0
TSHFGD9KGDW5AUWP,black,style_0
TSHFGZHAHVNPANGY,black,style_0
TSHFGZKQ9DHBZXMA,black,style_0
TSHFGGFC4JHC4U2H,black,style_0
TSHFGH3CZ4FJNQKJ,black,style_0
TSHFGD9KYT8MRGN3,brown,style_0
TSHFGH3FEHCFWAZZ,black,style_0
TSHFGH3FEHCHCRBF,brown,style_0
TSHFGZGRKJASHYDY,black,style_0
TSHFGD9KRHST8NTB,black,style_0
TSHFGZKH6GCWTHCN,black,style_0
TSHFGD9JAEPFRAVG,brown,style_0
TSHFGZKEK9SVTNJM,brown,style_0
TSHFGGFCFSJQGVAZ,black,style_0
TSHFGF4FH7WJHGSB,black,style_0
TSHFGKYP3636USGP,black,style_0
TSHFGZGRKZKZ7G4S,brown,style_0
TSHFGF3WAX58K54A,brown,style_0
TSHFGGFCP9EHXGZK,white,style_0
TSHFGZKGX6PMV355,brown,style_0
TSHFGZKDNURY8YZZ,black,style_0
TSHFGZHAVHXGVSPS,black,style_0
TSHFGZMQCZE9EXJJ,brown,style_0
TSHFGKYPFTZUYYGC,black,style_0
TSHFGD9KEUANFKJQ,black,style_0
TSHFGF4FKJDU2ZUG,brown,style_0
TSHFGF3TSWRDVMFH,black,style_0
TSHFGZKHRCMBGG3Z,black,style_0
TSHFGGFCG2MCAEFF,black,style_0
TSHFGKYPHFD6RZH5,brown,style_0
TSHFGZGRPEUUFHA9,black,style_0
TSHFGF3VW2HYTGDC,brown,style_0
TSHFGD9JD9Z6YPHY,black,style_0
TSHFGH3CZGPGKVZQ,black,style_0
TSHFGF3VG3QXHJUR,brown,style_0
TSHFGGFCKU45FGPC,brown,style_0
TSHFGZKEGGNSFJVN,black,style_0
TSHFGH3CUUET4Y2C,black,style_0
TSHFGGVRZ6DRYUHK,black,style_0
TSHFGGVRGXXYCVGC,brown,style_0
TSHFGH3CPKHRD2WU,black,style_0
TSHFGF3SJDSC2E3G,black,style_0
TSHFGZKNU2ZXTWB9,black,style_0
TSHFGF3VFDHJDQ7Z,black,style_0
TSHFGF3UZ3EJNPVV,brown,style_0
TSHFGH3CUQWTUAWC,brown,style_0
TSHFGD9JYTPKGCQA,black,style_0
TSHFGH3CKFPCFKEJ,brown,style_0
TSHFGGYPS3R6RHZN,black,style_0
TSHFGZHGHHG9HF2W,brown,style_0
TSHFGZKPHARMSFY9,brown,style_0
TSHFGH3CNKYHCYY5,brown,style_0
TSHFGZKD4EMCVVHW,brown,style_0
TSHFGF3TJMFVM6FQ,brown,style_0
TSHFGZGR8BTTYZE4,black,style_0
TSHFGZGRTTXJKWHF,brown,style_0
TSHFGH3CGFPJU4ZY,white,style_0
TSHFGZKNBFA8HKYE,brown,style_0
TSHFGKYQSFRAJFYZ,brown,style_0
TSHFGF3WR8DHD3EE,black,style_0
TSHFGF3VHGURCBHW,white,style_0
TSHFGZH9AEWYUHFA,black,style_0
TSHFGF3VUUSW9BJE,black,style_0
TSHFGF3SGGHCAMGK,black,style_0
TSHFGZGSGGMMF3AD,black,style_0
TSHFGF3VHF4ZX5P7,black,style_0
TSHFGF3TFEFSWUWF,black,style_0
TSHFGZGSZZVUYA2B,brown,style_0
TSHFGF3SHTNMEZZT,brown,style_0
TSHFGZGRZZPNWJF6,black,style_0
TSHFGH3FF3GXJVEF,black,style_0
TSHFGH3CVURMPYQW,black,style_0
TSHFGZKDBCZQ2HY2,black,style_0
TSHFGZHGB53EHYKM,white,style_0
TSHFGGYCYUZZR69T,white,style_0
TSHFGF3TFJM7KWYJ,black,style_0
TSHFGGYDKQN8JJFZ,black,style_0
TSHFGZGRNJZ9R2AN,black,style_0
TSHFGZKEEZQC99DS,black,style_0
TSHFGZGRZTGFQGJM,black,style_0
TSHFGZKPMGYWN4CH,black,style_0
TSHFGH3CU7H5YYWE,black,style_0
TSHFGGYPETEWN2BH,brown,style_0
TSHFGZGRS4RWAGGY,black,style_0
TSHFGGYUY53YAF8Z,black,style_0
TSHFGZGRFMYAYDHV,brown,style_0
TSHFGH3CCXWVJTVH,white,style_0
TSHFGH3CTESGCSUP,white,style_0
TSHFGGFCZXQTYYVM,brown,style_0
TSHFGGFCZZFYZQK3,brown,style_0
TSHFGH3CXTGDC65K,white,style_0
TSHFGD9KRWYFHGRB,brown,style_0
TSHFGD9KG7SMHWRP,black,style_0
TSHFGZKNRCNSQ64A,white,style_0
TSHFGZHAEPMBH8BV,brown,style_0
TSHFGHYPBEUVAWYV,black,style_0
TSHFGH3GFHU4BFGZ,brown,style_0
TSHFGZKGGCZ82G6X,black,style_0
TSHFGZGRVYPXWGZZ,black,style_0
TSHFGGYC3YPHPETU,brown,style_0
TSHFGZGSWCHH2NPT,black,style_0
TSHFGGYPPWSCGJD6,brown,style_0
TSHFGZMQ7ZSMVVGF,black,style_0
TSHFGKYQPXRQ8HBZ,black,style_0
TSHFGZGRF8VFPG5U,white,style_0
TSHFGGYUJYXQG8GZ,black,style_0
TSHFGH3CHDHQUNXX,black,style_0
TSHFGGFCFQVZCFHX,black,style_0
TSHFGD9K9KKZTMTY,black,style_0
TSHFGH3CH6B3QFYQ,black,style_0
TSHFGGYUZWJPDNRP,black,style_0
TSHFGGFC9ZPAEKVY,black,style_0
TSHFGKYPXJV7X7E6,black,style_0
TSHFGKYQDVZZ9ZMY,black,style_0
TSHFGZKNBYBZ9FAJ,black,style_0
TSHFGGYU752C6ZHS,brown,style_0
TSHFGGYUN7TDMJGY,black,style_0
TSHFGH3C7GZTUUYG,black,style_0
TSHFGH3CBCT883PA,black,style_0
TSHFGZKBUKGZEQRK,black,style_0
TSHFGD9KF2QYJHKR,gray,style_0
TSHFGGYPGYMY9TJY,brown,style_0
TSHFGZKGUSA7HCFS,black,style_0
TSHFGGYPEEKGMHBV,black,style_0
TSHFGGYPJ8JZYB32,white,style_0
TSHFGGYC6PHJQDMP,black,style_0
TSHFGGFC5YZGUFQZ,brown,style_0
TSHFGGYUPUPRMMQK,brown,style_0
TSHFGH3C4BAZ8WHN,black,style_0
TSHFGGYCHXYXRCRC,white,style_0
TSHFGGYPRBKRSVC3,white,style_0
TSHFGGYUEPPZNGCN,brown,style_0
TSHFGGYUKZUKN5M2,brown,style_0
TSHFGGYPSMCUU5TP,white,style_0
TSHFGF3V7WA8RRJ5,black,style_0
TSHFGGYCYZZJHPUT,white,style_0
TSHFGGYP7GTZPEJF,white,style_0
TSHFGGYUZG3ZFHBF,black,style_0
TSHFGGYUF3VXA4DC,black,style_0
TSHFGZGRZR8UZMSS,black,style_0
TSHFGZGRHDZAGHGZ,black,style_0
TSHFGGYCHNPNR6DR,white,style_0
TSHFGF3WYXMZUZMR,black,style_0
TSHFGGFCE4VTCHU2,white,style_0
TSHFGKYP9GRYSHSY,brown,style_0
TSHFGGFCQSEFTYQU,white,style_0
TSHFGGYUUBDD25T8,black,style_0
TSHFGZGRGANEY7PD,brown,style_0
TSHFGGYCHADGT3Y4,white,style_0
TSHFGH3CHRX7VZDU,black,style_0
TSHFGGYCSNY5GH87,black,style_0
TSHFGF3TZR2BJUBG,black,style_0
TSHFGKYPBGZZUAKG,white,style_0
TSHFGD9MXWCXERWA,black,style_0
TSHFGKYPSYWNPGP7,black,style_0
TSHFGKYPKYVJVFGC,white,style_0
TSHFGH3CDYWRJVF8,brown,style_0
TSHFGKYP9VJSZR8Y,white,style_0
TSHFGZH9UEXED8B9,brown,style_0
TSHFGZGRHSVAYGNZ,black,style_0
TSHFGHYPPTFZYMSE,black,style_0
TSHFGGYPZZGYSFFF,brown,style_0
TSHFGZGR2DP9HDCD,black,style_0
TSHFGH3F3ZKJQXFZ,white,style_0
TSHFGKYP3CV6V2FS,brown,style_0
TSHFGH3CVFQWBJPH,brown,style_0
TSHFGKYQEY64JBVU,black,style_0
TSHFGD9J7KTCGYEG,white,style_0
TSHFGKYPENGBPYVH,black,style_0
TSHFGGYPAAGXYNEN,black,style_0
TSHFGGFCPNVGBFDW,white,style_0
TSHFGD9J5ZHUNJCC,gray,style_0
TSHFGGYDZNYTHGBD,black,style_0
TSHFGGYCG8WWGBH8,black,style_0
TSHFGGFCSFWXY8Q3,white,style_0
TSHFGGFCZTDZQHTK,brown,style_0
TSHFGGYP7ZXKD4AA,black,style_0
TSHFGGYPHCPZK53F,black,style_0
TSHFGH3CQAG87GKK,brown,style_0
TSHFGKYPXWMYN5YG,white,style_0
TSHFGH3CHQMCQMFT,black,style_0
TSHFGZGRRZXCCYSK,black,style_0
TSHFGGYCHR9ZZHJ3,black,style_0
TSHFGD9JMH3ZVWC7,black,style_0
TSHFGZMQNGMFBTZV,black,style_0
TSHFGGFCYGWMAXQZ,black,style_0
TSHFGD9JVUTWUA2H,brown,style_0
TSHFGZH9ZHESQHAV,black,style_0
TSHFGKYPSB6PAX68,black,style_0
TSHFGHYPZBBXUDCQ,black,style_0
TSHFGKYPNZGD633Y,brown,style_0
TSHFGKYPM9SHQ89K,black,style_0
TSHFGKYPCMDPDFCZ,black,style_0
TSHFGKYPGY7QYJJY,brown,style_0
TSHFGD9JD5RCTHRU,black,style_0
TSHFGHYPYSF5GZWK,black,style_0
TSHFGGYU988FSVY7,black,style_0
TSHFGH3CQXG948VG,black,style_0
TSHFGGYUPFVZE7GT,black,style_0
TSHFGGFCYB7HFUPY,black,style_0
TSHFGRTQZ8DU7ME2,white,style_0
TSHFGH3CWGEZ8HZT,brown,style_0
TSHFGKYP5897GAMH,white,style_0
TSHFGZHGTXXFSGZ3,black,style_0
TSHFGD9M9AGJXEUC,gray,style_0
TSHFGGYUDKZHGW8M,brown,style_0
TSHFGKYQWQG57ZSD,brown,style_0
TSHFGKYQQ52YGYVX,black,style_0
TSHFGD9KG7H7CSTY,brown,style_0
TSHFGKYQHVA33TAM,black,style_0
TSHFGGVRF583KUYS,black,style_0
TSHFGH3CGGKYTNUZ,brown,style_0
TSHFGHYP6GWQWFJY,black,style_0
TSHFGKYPNYKSRHW9,brown,style_0
TSHFGGYCR2KYZGZB,black,style_0
TSHFGD9MAXGFYEDK,black,style_0
TSHFGZGRHQHRPFNY,black,style_0
TSHFGHYPHR7XWWNV,black,style_0
TSHFGZHGSYHCBNQ9,black,style_0
TSHFGKYQKKVKGZRK,black,style_0
TSHFGGYPCWSVKRSV,black,style_0
TSHFGD9KGJ5TTS4V,brown,style_0
TSHFGH3CFYWGHWNA,black,style_0
TSHFGGYU9AMFSW3J,black,style_0
TSHFGD9KHEW2AYVZ,black,style_0
TSHFGGYPVN6PMSDM,black,style_0
TSHFGKYPPAJPNVAF,black,style_0
TSHFGKYPSZD5DFWQ,black,style_0
TSHFGHYP5HZG7U8G,black,style_0
TSHFGF6JWUEWT5Z6,black,style_0
TSHFGKYPTKDNQKPK,brown,style_0
TSHFGKYPHEHMUTHT,black,style_0
TSHFGGFCQGZFQDDU,black,style_0
SWSFFVKBH5YEGFFN,brown,style_0
SWSFFVK8RYHBBFAH,brown,style_0
TSHFGF4FQQGQ8RPD,black,style_0
SWSFFVKBB8FHEB7R,brown,style_0
TSHFGZGRG9YCXZPT,black,style_0
SWSFFVKBCY7RSGYJ,black,style_0
SWSFFVKBQUWH72KH,white,style_0
SWSFFVKBYG9ZUBTW,white,style_0
TSHFGGYCAQNTH6MD,black,style_0
TSHFGKYPAKANUVBY,black,style_0
SWSFFVKB9WRATGPJ,black,style_0
TSHFGHYPGFFJAFQF,black,style_0
TSHFGGYPYZNEEDGH,white,style_0
TSHFGGYPDPGEUHXP,brown,style_0
SWSFFVKBF5U5AHBR,brown,style_0
SWSFFVKBZZTJXBYZ,white,style_0
TSHFGGFCTVWGFRFY,black,style_0
TSHFGZHEQDRFWBKT,brown,style_0
TSHFGGYDGRYGPJ5V,brown,style_0
TSHFGGYPWJYKU5WY,black,style_0
TSHFGGYDSMRQ2FF4,brown,style_0
TSHFGGYDEDUQZZ3T,brown,style_0
TSHFGGYCURHN5SCZ,brown,style_0
TSHFGGYDNEG5ZV4Y,black,style_0
TSHFGKYPJEQEXUGQ,brown,style_0
SOCFZF6U7HKECSXU,black,style_1
SOCFNZKF2FF4964M,black,style_1
SOCFZF74NSYHNARU,gray,style_1
GVEFW9X7JYPHKRVG,black,style_1
GVEFW9ZHZSMAGHBW,gray,style_1
GVEFW9ZHMX5WVFBU,black,style_1
TKPFZ6WUKSB3H2S5,purple,style_1
TKPFZ6WUVNRZZCGN,purple,style_1
TKPFZ6WUGYFRMNSR,purple,style_1
TKPFZ7EYFHX22A6G,black,style_1
TKPFZ7EYEHM9GAGH,black,style_1
TKPFZ7EYDUMGYBF5,black,style_1
TSHFHARRPHRPMBE4,black,style_0
TSHFU7F94EPZRFZZ,white,style_0
TSHFU76CGARXKJ3V,orange,style_0
TSHFU76CDSBE3PTU,white,style_0
TSHFSHFZSGAWYFBQ,white,style_0
TSHFU7F9HPYDPWMA,white,style_0
TSHFTDDWWRWDZETD,black,style_0
TSHFTE8W5ZVZJGHM,gray,style_0
TSHFSHFE4RRCCGFV,brown,style_0
TSHFSHFNFUY6MQGS,brown,style_0
TSHFHKKHQANTZZEG,white,style_0
TSHFHG6W9AGDYYJB,gray,style_0
TSHFHXGZ7QHFP5EE,black,style_0
TSHFTDE9UBEECGET,white,style_0
TSHFMUPQRK4M2GPZ,brown,style_0
TSHFJYCPTHRB5VPM,white,style_0
TSHFJP3J48WHCP7B,white,style_0
TSHFTEA7TEZ9AQP9,gray,style_0
TSHFSH29MZ3CDFBZ,orange,style_0
TSHFJHFFQHQBNVSV,brown,style_0
TSHFHRYHVRJHGJCN,brown,style_0
TSHFTE2WH3JNX5RF,brown,style_0
TSHFGB7NTMGHZBQT,pink,style_0
TSHFU76CBX5VHWUG,gray,style_0
TSHFTEAHAQTDCCG4,brown,style_0
TSHFTEBFHHEC6NBD,white,style_0
TSHFHRX2TYZUKZ3Y,black,style_0
TSHFHS8E6MYT5HAP,white,style_0
TSHFGY2CXUTCAGWX,white,style_0
TSHFTE9EFSYZP4JH,gray,style_0
TSHFJXEZUZGYTG9K,gray,style_0
TSHFHGFMHFWGVSAQ,gray,style_0
TSHFHS8EZCF2HW7B,brown,style_0
TSHFWCT5PQDSUB9A,white,style_0
TSHFS5GXXKB8SWND,gray,style_0
SRTFRTJUBHB9ENPH,white,style_1
SRTFRTJUZTYGZZVJ,white,style_1
SRTFWHF6Z4VCYUZF,white,style_1
SRTFWHDT5YPQXKU9,white,style_1
TROFRTHVZYVCZWYF,white,style_1
TSHFS5JF6FCDYXJN,white,style_0
TROFRTHVPPPHHZ38,white,style_1
SRTFRTJUE7YBHXTB,white,style_1
TSHFWCRHEFSDGZTM,white,style_0
SWSFKWSQDHKTKYPG,white,style_0
TSHFS5GX6NZUHUNZ,white,style_0
SWSFXMKQDUAJDNKS,white,style_0
TKPFWCWEAZ9QHDHY,white,style_1
SRTFWHEBKUUXBYQG,white,style_1
SWSFXMKR954M6HPT,white,style_0
TSHFWCRZSF68YVAY,white,style_0
SWSFXMKRJYMSYTTA,white,style_0
TKPFWCWYHUDMHRQQ,white,style_1
SRTFWHDTHCUSVCUG,white,style_1
TSHFY6HEUW55JXHY,white,style_0
TKPFY6HNYMYTYQER,white,style_1
TSHFWCS9GCFYZAZU,white,style_0
SRTFWHE8MREE8PFQ,white,style_1
SRTFWHFFGZGHSTRY,white,style_1
SRTFY6M43PPAGMHC,white,style_1
SRTFRTJUZNGYYZPZ,white,style_1
TRODRYSGCXJVJ3VG,pink,style_1
SRTFWHDTMFXEKABF,white,style_1
TKPFWCVUHX4QTUVG,white,style_1
SRTFWHF6FZGZHHTG,white,style_1
TROFRTHV3CZUJKD9,white,style_1
TSHFWCQ6GBPFBPCQ,white,style_0
TSHFRTGMZZJHBZJG,gray,style_0
SWSFXMJG5SHFFX56,white,style_0
SRTFKTGZ6HWPNG4G,white,style_1
SRTFRTJUVKXYJHZA,white,style_1
SRTFWHFHGZGZXTWN,white,style_1
SRTFWHDUF9HA5SHF,white,style_1
SRTFRTJUGCYZ5MFR,white,style_1
TSHFS5GXQRPQV9AX,black,style_0
SRTEMG6Q5YJSPHKB,white,style_1
TROFRTHVCCBNRSTD,white,style_1
SRTFWHDTXNTFNMZU,white,style_1
SRTFWHE8CRGXJP6Z,white,style_1
TSHFRTGMNG4RWYVF,pink,style_0
SRTFWHDUQPC27JPR,white,style_1
SRTFWHE8UGMPZDH9,white,style_1
SRTFRTJUNGPTCGGD,white,style_1
SRTFWHEGPU64ZHYH,white,style_1
SRTFWHF64WFG5JFC,white,style_1
TSHFS5GYT7FYWVEM,gray,style_0
TSHFRTGMYSP2ZGWW,brown,style_0
SRTFRTJUATSY5HGS,white,style_1
SRTFWHDTTUGUXZYD,white,style_1
TSHFS5GXGUHZ9PGJ,gray,style_0
SRTFRTJUGNGP5G9G,white,style_1
TSHFRTE97H8QCQYN,white,style_0
SWSFXMKTA4RCPBZP,white,style_0
SRTFRTJUEYFWFJYU,white,style_1
SRTFRTJUHHCH3XYA,white,style_1
SRTFRTJU4WPYZKTH,white,style_1
SRTFWHDUKUZV9QXZ,white,style_1
SWSFXMKPWFS9HRGS,white,style_0
SRTFWHDTNCGCZGVS,white,style_1
TROFRTHVUAYG69FH,white,style_1
SRTFRTJU7SHZZKMV,white,style_1
SRTFWHDT2MZT4FH3,white,style_1
SRTFRTJU3RHGWM4M,white,style_1
JCKFY9HZUCMZ9XUZ,white,style_0
SRTFRTJU2EBFREDZ,white,style_1
SRTFRTJUGYG6SASY,white,style_1
TROFTYW5HZN5RFB9,white,style_1
TROFRTHVS9V5ZZNU,white,style_1
SRTFWHFK8RGZCZKG,white,style_1
SWSFXMKSWR9XWXHS,white,style_0
SRTFWHDUBBYWS43D,white,style_1
SRTFWHDTMHWHM7ZB,white,style_1
TROFRTHVXMTVZZKZ,white,style_1
SRTFWHDTYGZ4AH9G,white,style_1
SRTFWHDUGYXCARHX,white,style_1
SWSFXMKP2RBHDTKU,white,style_0
TROFTYW5GQGYMGUC,white,style_1
SRTFRTJUVZF7YF6A,white,style_1
SRTFWHF7HTVVKWRF,white,style_1
SRTFWHE76MAMBMYS,white,style_1
SRTFWHF6AJPR9HZP,white,style_1
KTAFWPYJHZMT9WPK,white,style_0
KTAFWP3QRWHKEPGH,black,style_0
KTAFWP3QQARQKPRG,white,style_1
KTAFWP3QYGFYAGYD,brown,style_0
KTAFWPYJP7P3T2PW,brown,style_0
KTAFWPYJEDJ428GA,pink,style_0
KTAFWP3QF9Z6BQU4,white,style_0
KTAFWP3QUPK2NSQT,purple,style_0
KTAFWPYJTZSGQHHS,pink,style_0
KTAFWP6BTMSDKMZF,purple,style_0
KTAFWP6BGW8RUXZF,white,style_0
KTAFWPYJXDDHDYNJ,pink,style_0
KTAFWWSHMXWUWZKR,white,style_0
TSHFK4VZHGP7BCXF,brown,style_0
SHTFUKGVBQV8FB4M,white,style_0
TSHFTBTYYMV8UQP9,brown,style_0
TSHFKNT2WHNFEQB7,white,style_0
TSHFK4UZBKMNYVQZ,white,style_0
TSHFUWQAAECQFGJB,pink,style_0
TSHFUXPWUR2ZTEE2,black,style_0
CAPE9YWMSVSZPM2K,black,style_1
MFLEGTQZAQZB2GKK,white,style_1
CAPE9YWMURE4FKAJ,white,style_1
CAPEBZX7GGYRGZY2,black,style_1
CAPEYRVBMSWZZZAH,black,style_1
MFLEA47RHTVRT6WB,brown,style_1
CAPEGTN9J2ZVH9FN,brown,style_1
SOCE2RX8PQZ7HHYP,white,style_1
SOCE2SY5YMJFJHFZ,white,style_1
SOCE2RX82TZ63CTZ,white,style_1
SOCE2ZKV7TTTHYEV,white,style_1
SOCE2ZKVEMMNCGFG,black,style_1
SOCEYY8UUAWC5NC9,gray,style_1
SOCE3TMYSBH7FUGB,white,style_1
CAPF7FWGTQXHUQJS,black,style_1
CAPF7FWGG3QZSXPE,black,style_1
CAPF7FWGCPETHTNS,black,style_1
CAPF7FWG7HHD9YAR,black,style_1
CAPEYRVBBSQYGEQY,black,style_1
CAPEYSFKV7D4JGYQ,black,style_1
CAPEYSFKRZ8RCGEY,brown,style_1
CAPEYSFKUFUNSVGF,brown,style_1
CAPEBZX64KFHSDHV,black,style_1
CAPEYSFKCDHYNP5C,black,style_1
CAPEYRVB9ZFDUKTG,black,style_1
CAPEYRVBP6VTCWQS,black,style_1
CAPEYRVBUMMXRVVK,brown,style_1
CAPEBZX5ZDHJZSDF,black,style_1
CAPE4FGGDMYSXFNK,brown,style_1
MFLEGTQYJKBZUVKG,white,style_1
MFLEGTQZHWEXFNQP,white,style_1
GVEEMHZNF3ZRJGQ8,gray,style_1
GVEEMHZNMYUVKHUC,gray,style_1
GVEEGTRMGSD2RNS9,green,style_1
GVEEGTRHA2HKNY75,black,style_1
GVEEGTRMZTZYTKZJ,brown,style_1
GVEEGTRMD23DPJRG,black,style_1
SHTFNMJYZCXWGPTJ,pink,style_0
BZRFNMGB3BE6ZPBN,black,style_0
SUIFNNPF3W8GEHAB,pink,style_1
SHTFNMJYGZVHNHNA,pink,style_0
JCKF9FH7M2K5P6YG,gray,style_0
JEAFDGRMYFFUBTHG,pink,style_1
TSHFDGRRHRSHFZVW,white,style_0
JEAFDGRMNYUBKZME,white,style_1
SUIFNMK2FQDWYTUZ,pink,style_1
TSHFDGRRHZAAX5NJ,white,style_0
JEAF98GG3BHBVJFF,white,style_1
BZRFNNGZZ7QZFKWH,gray,style_0
JEAF98GG3BHBVJFF,white,style_1
BZRFNNGZZ7QZFKWH,gray,style_0
TSHFDGRRG8GNBSJ8,white,style_0
TSHFFYA2RZSHH6SH,white,style_0
JEAFDGRMKSUBYTSB,white,style_1
TSHFFYA2QFWVZGQD,black,style_0
SHTF98GZRZEXFJN3,gray,style_0
JCKF9FH8UCHKHMZU,gray,style_0
SHTFNNZ4HUM3KPCW,pink,style_0
TSHFQ4FWQ42YYX9F,white,style_0
TSHFNZGGGNCEZU3Z,gray,style_0
TROFDGR4WYEFFFBX,white,style_1
TSHFQ4FTP5TYJNWZ,white,style_0
SHTFNNZ4W7ZGRWQY,pink,style_0
TSHF98JNPUBAZYKY,brown,style_0
TSHFFYA27BQDWTEU,pink,style_0
TROFDGR4P5GQE2F4,white,style_1
SUIFNMK2ZRJRD7JM,pink,style_1
SHTFUBSMH57ZFRJG,white,style_0
SHTFUBT7YMM5FZDJ,white,style_0
SHTFM32ZVX3ERQ7S,white,style_0
SHTFUBSQ5MD8UGVY,white,style_0
SHTFNNZ5TWNBD8RH,gray,style_0
SHTFM32NQS392ZXG,pink,style_0
SHTFS6WA7EMCT2DU,white,style_0
SHTFS6WDGWVZYECZ,white,style_0
SHTFS6WCRGVHAFJ2,white,style_0
SHTFS6WCRGVHAFJ2,white,style_0
TSHFS6WAGZYRAKE7,white,style_0
TSHFNMKWGFYHZAHU,white,style_0
TSHFS6WBYVYT6RAH,white,style_0
WSCFP888SNHKJFU6,gray,style_0
WSCFP87PXTYMZVVW,pink,style_0
WSCFP8WMFU4VTYAP,gray,style_0
SHTFS6WBHWKRUYUW,white,style_0
SWTFVEMCNPB96DPY,white,style_0
WSCFPS968K8BKVED,pink,style_0
JCKF9FHVWWBYZ7GP,gray,style_0
WSCFP89WSKD5JQ3T,pink,style_0
WSCFP86YJZBSVZHZ,gray,style_0
WSCFPDRDAR5YGNMA,gray,style_0
WSCFPDRDBHXHYHDH,pink,style_0
WSCFP877XYMYVFMZ,pink,style_0
SHTFDCKZCMT7ZAZ5,pink,style_0
WSCFPS96EQHEZSFX,pink,style_0
SHTFNMJYN6BJSUGG,pink,style_0
SRTFZSDSKNPCETKD,gray,style_1
SRTFNGZWGUCHEHJS,pink,style_1
SRTFNGQYBZKSN83A,white,style_1
SRTFNGU2NVAQDVM4,white,style_1
SRTFNGR3JZBTECMW,gray,style_1
SRTFNGZWX5PMMFFD,pink,style_1
SRTFZSDSJ4MMBVMV,pink,style_1
TKPFX6ZYRA8K3ZCB,white,style_1
TKPFMTHZVDKGMFZX,white,style_1
TKPFDHDGTKHXTXWT,white,style_1
TKPFMTHYHVABHKQA,white,style_1
TKPFX6ZYZ5KGKZZ3,pink,style_1
TKPFX6ZY2QJAWUFH,white,style_1
TKPFMTHZGK8D5SPA,white,style_1
TKPFMTHYDHCUDZ2D,white,style_1
TKPFMTHZAGGDGY8H,white,style_1
TKPFMTHZTEC3BWXH,white,style_1
TKPFDHDGEYWM99XG,white,style_1
TKPFMTHYZGF7VGPZ,white,style_1
TKPFMTHYFEDASNDS,white,style_1
TKPFMTHZ6HY8NMRF,white,style_1
TKPFMTHZFFPPMDVY,white,style_1
TKPFDHDGS3D3BGUD,white,style_1
TKPFDHDGAYXBT3C9,white,style_1
TKPFDHDHYACU53ZG,black,style_1
TKPFDHDH74PZGMWT,white,style_1
TKPFDHDHGWXCFXPC,white,style_1
JEAFTM4W27R75CJX,white,style_1
JEAFTM4WCFJHCAGD,white,style_1
JEAFTM4WGTCGYUGA,white,style_1
TKPFP7FAZJYNGCZ2,white,style_1
SWSFXMHDY9ZHDAW9,white,style_0
TSHFBU9BRJKVZGZG,black,style_0
TSHFBX7E7T8RFRB5,white,style_0
TSHFBU9B4DPVX4DD,white,style_0
TKPFP7FCEHUN9WYN,white,style_1
TSHFME2EWEP6ZZZG,white,style_0
TSHFME2E96RRMPRW,white,style_0
TSHFBU9AE9ACCPHF,pink,style_0
TSHFME2FZDG3QKXG,white,style_0
TSHFMF8GWTZENXTK,white,style_0
TSHFME2FHYQFGKXX,white,style_0
TSHFBU9K9DDG6PKQ,pink,style_0
TSHFME2FTS2H5HKG,white,style_0
TSHFME2EJZGSGAGE,pink,style_0
TSHFME2FUHAZCFU6,white,style_0
TSHFBU9DM6C9FDDK,white,style_0
TSHFME2E79EGFPWF,white,style_0
TSHFTN8J3X5HCSGJ,white,style_0
TSHFBX7EKMAJE7ZK,white,style_0
TSHFME2EBG4AWXZX,white,style_0
TSHFXDNVQ8TUZUPF,white,style_0
TSHFME2EM7EHYTGK,white,style_0
TSHFBU9BUDG4ESFJ,brown,style_0
TSHFME2ENATAPJBP,white,style_0
TSHFME2EY4STGUPZ,white,style_0
TSHFBU9BQZPUNES9,white,style_0
TSHFVYH5YZRMJZYF,white,style_0
TSHFXDNVSD3TGSXM,white,style_0
TSHFTN8K9JUSGSB8,white,style_0
TSHFME2FMBFYZEYV,white,style_0
TSHFBU9BBZ5N3T9Y,white,style_0
TSHFME2FEYDYCXZX,white,style_0
TSHFME2FRCHN9GVF,white,style_0
TSHFME2F7JSBYBTT,white,style_0
TSHFXDNVG8EHDYJH,white,style_0
TSHFXDNVNAH2Y9SR,white,style_0
TSHFME2EDDCW37KK,white,style_0
TSHFME2DCVGSAWNH,white,style_0
TSHFBU9BSAKWWYAU,gray,style_0
TSHFBU9XKCT9FZZ8,white,style_0
SWSFXMFPDVRHYYPH,white,style_0
SWSFXMHBEHXUN36V,white,style_0
TSHFME2FJNJFAFZ3,white,style_0
TSHFME2FSQHZVFZQ,white,style_0
SWSFXEHEFMZRUUXB,white,style_0
TSHFME2EG4KETWYS,white,style_0
TSHFTN7KYP3SU6HB,pink,style_0
SWSFXMFPRTY4GKGF,white,style_0
TKPFP7FCQWG8WFFC,white,style_1
TKPFP7FA7RTBKTHH,white,style_1
TKPFP7FEKA2YJZFV,white,style_1
TKPFP7FCMRYZPXGX,white,style_1
SWSFXMHBTJFQKBXT,white,style_0
SWSFXMFPZQGQ6ENA,white,style_0
TKPFP7FBZXDJWW9H,white,style_1
TSHFUNN3CXWFJDNE,white,style_0
TSHFUNN3QWPVWYPY,white,style_0
SRTFS5ZZ3YNCZRGH,white,style_1
TSHFUNN2PPHWYUAZ,white,style_0
SWSFXMFPNZQGZZNE,white,style_0
TSHFME2ED3B3JEXH,white,style_0
TSHFME2ECMZVSMPS,white,style_0
TSHFMF8HJS4FFHJY,white,style_0
TSHFMF8GFDG3HHNA,white,style_0
TSHFME2FWYDDHVPR,white,style_0
SWSFXMFPYYTZUZ3Z,white,style_0
TSHFMF8HZJQ23N5S,white,style_0
TSHFMF8GPKMJACF8,white,style_0
TSHFBX7ETSKDCPFW,white,style_0
TSHFME2EBGFBDGGZ,white,style_0
SWSFXMFPPZGDQGMW,white,style_0
TSHFME2EVKH9MMGK,white,style_0
TSHFBU9B4DT8SUGA,brown,style_0
TSHFUNN3E3ECNBMW,white,style_0
TSHFYUTFYNDTXRFM,white,style_0
SWSFXMFPVYZ2YGGQ,white,style_0
TSHFYUQZEX4XJCJH,white,style_0
TSHFUNN36MB6BAPG,white,style_0
TSHFUNN3HZKFZZDJ,white,style_0
TSHFME2EWY6GYPYR,white,style_0
TSHFUNN3SCTBEGUW,white,style_0
TSHFUNN2YHM6XEHR,white,style_0
TSHFYUSGMU8FHHTG,white,style_0
TSHFME2EUDE7SNHV,white,style_0
SWSFXMFP2RUM86QD,white,style_0
TSHFMF8GYMFJHSUQ,white,style_0
TSHFUNN3YEUBUTYV,white,style_0
SWSFXMHBVPFQGZMY,white,style_0
SWSFXMFPD9RDM2EK,white,style_0
TSHFVYHAKYVZPJJU,white,style_0
TSHFVYHATEUHCF3W,white,style_0
TSHFTN7JHKE9KVJ9,pink,style_0
TSHFTN7MFQFXJ2BR,white,style_0
TSHFTN7MFQFXJ2BR,white,style_0
TSHFTN7JHKE9KVJ9,pink,style_0
TSHFME2EYSFVZASP,white,style_0
TSHFTN7MBFM8D7ZY,gray,style_0
TSHFME2E9UEGRDXN,white,style_0
TSHFBU9BRZGYZHH3,white,style_0
TSHFBU9BZG8DUGGT,brown,style_0
TSHFVYHDYHK25NA9,white,style_0
TSHFME2FWVX5NUGZ,white,style_0
TSHFVYHATEUHCF3W,white,style_0
TSHFME2EGJMF23GF,white,style_0
SRTFS5ZZQH9TYXCH,white,style_1
TSHFXDNVC8HYNPHC,white,style_0
TSHFME2FN8Y4EH29,white,style_0
TSHFME2EGNCYY9SR,white,style_0
TSHFME2FFEPQGGXX,white,style_0
TSHFME2EUUB8DGSF,white,style_0
TSHFTN7KEJPHY4UG,white,style_0
TSHFMF8G268FFRQH,white,style_0
TSHFTN7JWYAEXPDJ,white,style_0
SRTFYZCGHHFTRQBA,white,style_1
TSHFME2FJEJTZRUX,white,style_0
TSHFME2EJDSAUKXY,white,style_0
TSHFME2E8QXFQFER,white,style_0
TSHFME2FGXUVYBTC,white,style_0
TSHFME2FNWMAZDGT,white,style_0
TSHFME2ESGBTJW5J,white,style_0
TSHFME2ESZDQFJ2Z,white,style_0
TSHFVYHCYY5YPGZT,white,style_0
TSHFMF8GPDTF6QGF,white,style_0
TSHFME2FSVZNYGVZ,white,style_0
TSHFME2EEACWRHYK,white,style_0
TSHFME2ERCGZHP6Y,white,style_0
TSHFME2ECFEF5WZQ,white,style_0
TSHFME2EFHGHJCFY,white,style_0
TSHFME2FCHG6CSKC,white,style_0
TSHFMF8GJCCWPM9H,white,style_0
TSHFME2EBGXAQNZE,white,style_0
TSHFME2EH9NJABDU,white,style_0
TSHFUNN2UZF66CHZ,white,style_0
TSHFMF8HNYJYQPRW,white,style_0
TSHFME2EBJFVG2BA,white,style_0
TSHFVYHAWK6MVWVJ,white,style_0
TSHFBU9BCCKMEY2Z,brown,style_0
SWSFXMHA2FJZPGM2,white,style_0
TSHFYUQYNWPEAVTA,white,style_0
TSHFUNN3SMESKN7X,white,style_0
TSHFUNN2BNN84EVS,white,style_0
TSHFVYHD8AGYZGZQ,white,style_0
TSHFUNN3HZWYWWGV,white,style_0
TSHFUNN3ZJEKSAEV,white,style_0
TSHFUNN2WF5PB3NZ,white,style_0
TSHFUNN2GYSJAWNW,white,style_0
TSHFUNN2H8DUMJYQ,white,style_0
TSHFUNN3NNHHH9RQ,white,style_0
TSHFUNN3XFGHZQZE,white,style_0
TSHFUNN3QMCGSNCD,white,style_0
TSHFUNN3DFFRJHK3,white,style_0
TSHFUNN36BUTXUHC,white,style_0
TSHFUNN3ZTAJVZZU,white,style_0
TSHFYUSPJG52FHAD,white,style_0
TSHFYUQYSZVCBGXG,pink,style_0
TSHFYUQYGUGNGPAS,white,style_0
TSHFUNN2GYGMCBQC,white,style_0
TSHFUNN3RZE2FCQM,white,style_0
TSHFUNN2EXTCFFXZ,white,style_0
TSHFYUQYXW4BY9GR,white,style_0
TSHFUNN2GGPB4PEH,white,style_0
TSHFUNN3GZYZCQXF,white,style_0
JCKFRP3G5YG9CVFZ,pink,style_0
SHTFSKF6ZPGQUFXH,gray,style_0
SHTFSKF6FBY6CFYQ,gray,style_0
SHTFSKF66DAWGAY4,gray,style_0
SHTFQ252UQWG4UME,pink,style_0
JCKFRP3HGZYJR88V,pink,style_0
JCKFRP3HKNWD9TRJ,pink,style_0
JCKFRP3GFRQHVDHD,pink,style_0
SHTFSKF6CXVCSNRR,gray,style_0
SHTFSKF6CFCYQJBG,gray,style_0
JCKFRP3HNHKZEFRY,pink,style_0
JCKFRP3GNRKWHRFZ,pink,style_0
SHTFQ252JVGQ6VZU,pink,style_0
JCKFRP3HTQ977GDH,pink,style_0
SWSFY36HVGCV8ZKW,pink,style_0
JCKFRP3GQ8C2UFFD,pink,style_0
JCKFRP3HNRDBD3Z9,pink,style_0
SHTFSKF6SHHGJVVJ,gray,style_0
JCKFRP3GZBHP574R,pink,style_0
JCKFRP3GMEQ2JVEU,pink,style_0
JCKFRP3HDZFMAPTW,pink,style_0
TSHFQ2HJJNZNDHFN,pink,style_0
SWSFRR7ZWSA5DYG8,pink,style_0
JEAFUZXT54QJKVUS,gray,style_1
JCKFRP3GHXH8PTFH,pink,style_0
SWSFRR7PJWRBSAMU,gray,style_0
SHTFWBZKW3VUHGEF,pink,style_0
SWSFV5JNYHKCWHHX,pink,style_0
JCKFRP3HWFS5ZGZM,pink,style_0
SHTFUPTT5DEBVXTZ,gray,style_0
JCKFRP3GHXJBUFZP,pink,style_0
JEAFSKYHDYZK5SHZ,gray,style_1
SHTFUPTTFERGJBQU,pink,style_0
JEAFSKYH539HTZB8,gray,style_1
SWSFXV6GQJNCFJZV,pink,style_0
SHTFSKF7MQEJ6DBR,gray,style_0
SHTFV5JY8RK7EMBH,pink,style_0
TSHFUQ2TTHGNHRAW,pink,style_0
JEAFSKYHNDQXV5ZC,gray,style_1
JCKFRP3GHGTKKDCN,pink,style_0
JCKFRP3GTJJE9Z8W,pink,style_0
SHTFSKF6GHB6NTGT,gray,style_0
SHTFV5JFZH9M5EFT,pink,style_0
JCKFRP3HZMAKYU9H,pink,style_0
SHTFSKF6HEZXNJQE,gray,style_0
JEAFUZXTJW6XYHCH,white,style_1
TSHFUQ2TTKQU9XQM,pink,style_0
JEAFSKYHHDQ2SDZQ,gray,style_1
SHTFSKF6DF85ZZB7,gray,style_0
JCKFRP3GSHZYYRWB,gray,style_0
JEAFSKYHT8BHNDF3,gray,style_1
SWSFV5JZJTXYV9SH,pink,style_0
JEAFSKYHRVZSABPR,gray,style_1
SWSFY36HNVD3DUBF,pink,style_0
SHTFSKF6NUZFF2FN,gray,style_0
SHTFRR7YUEPGUKVG,gray,style_0
TSHFWDYSXXWSJKPG,pink,style_0
SHTFSKF6CSVZKZPM,gray,style_0
TSHFWDYSGZTZNZY2,pink,style_0
SHTFV5J53SAHHTKC,pink,style_0
TSHFWDYSGZTZNZY2,pink,style_0
SHTFV5J53SAHHTKC,pink,style_0
TSHFWDYR6BTJYYUR,pink,style_0
SHTFSKF7HBGSSWFR,gray,style_0
SHTFVY2MPHGXY7HX,black,style_0
JEAFUZXSWATVTZHE,pink,style_1
JEAFSKYHTE76YWH7,gray,style_1
JEAFSKYHHWSGEDHP,gray,style_1
SHTFV5G3JHFCGBKX,pink,style_0
SWSFRR7P3P6CQQK6,pink,style_0
TSHFUQ2TNBZ9NCSC,pink,style_0
SHTFSKF6B5EEDHCY,gray,style_0
SWSFRR7PTQVEEGTR,pink,style_0
TSHFQ2HJMWCR2FYP,pink,style_0
SWSFY36JHZUBSHEQ,pink,style_0
TSHFWDYQPGPRMMHW,pink,style_0
JEAFUZXSZTXEDWKQ,gray,style_1
SHTFSKF7GVD3HESV,gray,style_0
SHTFV5GYNPY6EMZS,pink,style_0
JEAFUZXSM6E9EFMN,gray,style_1
SWSFZ2H6PGCU9T8B,pink,style_0
JEAFUZXTXTHZEFV5,gray,style_1
TSHFXV92CWHETVMX,pink,style_0
SHTFSKF6M9HMQENS,gray,style_0
SHTFV5K74FXPB66Y,pink,style_0
TSHFRREEZGTGFTS8,pink,style_0
SWSFZEQEQ2HKYADS,white,style_0
SHTFV5GBJY9YHHN8,pink,style_0
TSHFXV92GGHRFRGH,pink,style_0
TSHFRREE54HP3HQJ,pink,style_0
JEAFUZXSNMVM9HER,gray,style_1
TSHFRREDNYUG33VZ,pink,style_0
TSHFXV92RJC5Z9X5,pink,style_0
TSHFRREDTFP4BYKY,pink,style_0
JCKFRP3HE52AHB8C,pink,style_0
TSHFRREEVXSYNFZB,gray,style_0
SHTFV5HV74ZETGF9,pink,style_0
JEAFSKYHCCYPVSA4,gray,style_1
SHTFV5HTEDZ6QZ8D,pink,style_0
SHTFV5GAZPPS9GGA,pink,style_0
JCKFRP3HE52AHB8C,pink,style_0
TSHFRREEVXSYNFZB,gray,style_0
SHTFV5HV74ZETGF9,pink,style_0
JEAFSKYHCCYPVSA4,gray,style_1
SHTFV5JFXG57ZFHA,pink,style_0
SHTFV5HTV44XAHRB,pink,style_0
TSHFRREENQUW28FZ,pink,style_0
SHTFV5GDBFFNBG6R,pink,style_0
SHTFZEPTBEGGFJHB,pink,style_0
TSHFQ2HJYDT6VXXN,pink,style_0
SHTFSKF7ZWRNFAFV,gray,style_0
JCKFRP3HXHZFHBDX,gray,style_0
TSHFV5WZXRVDWUQV,pink,style_0
JEAFUZXSYS6GHGYH,gray,style_1
SHTFWBZF5E44ABFZ,pink,style_0
TSHFUQ2TPSVE6KJB,pink,style_0
JEAFUZXTN7W8ZSEN,gray,style_1
SHTFSKF7HYPC8529,gray,style_0
JEAFUZXTDFARUHFR,gray,style_1
SHTFUPTTFPJ4UDQK,gray,style_0
JEAFUZXSSFYGHYDP,gray,style_1
SHTFXV5EFEBCMNUK,pink,style_0
JEAFUZXSMRFFNGC2,pink,style_1
SHTFV5GHAZWWGCQH,pink,style_0
SHTFV5G42SFZS4UU,pink,style_0
SWSFZ2H4HAGJHZW4,pink,style_0
JEAFUZXTFZGGMYFB,pink,style_1
JEAFUZXSPGQFPYFC,pink,style_1
TSHFUQ2TFKV5Y9ED,pink,style_0
SHTFV5GGZHK6WKY7,pink,style_0
JEAFUZXSEAMNNGNG,gray,style_1
TKPFZEQUG44JR4KZ,pink,style_1
SHTFWBWEKSGKASFQ,pink,style_0
SHTFV5JMVB9BCUHH,pink,style_0
SWSFY36JNHCKZHZT,pink,style_0
SHTFV5G6DTZPN2PN,pink,style_0
SHTFUPTXHQZR5K93,pink,style_0
SHTFVY22DDBCYB9F,pink,style_0
SHTFXV5FGPVSPHDE,pink,style_0
SHTFV5JFXG57ZFHA,pink,style_0
SHTFUPTUXQFJVCFG,pink,style_0
SHTFSKF7DM9CHZNF,gray,style_0
SHTFV5G3HHKJUH8D,pink,style_0
SHTFV5GXQTJSND4N,pink,style_0
SHTFV5G9XCFTHEQB,pink,style_0
TSHFUQ2TDDRYG6ZZ,gray,style_0
SHTFRR7YZ5YFBS5J,pink,style_0
SHTFV5J2FHGZ9EH4,pink,style_0
SHTFVY25ENZVVXJN,white,style_0
JEAFUZXT9ZK3HRFA,gray,style_1
SHTFV5HVYNZB4CR6,pink,style_0
SHTFV5G3FHZTYZJQ,pink,style_0
JEAFXUEFAXKGHYW4,white,style_1
JEAFUZXSZRVZWPHW,gray,style_1
JEAFUZXTXAP7HF4X,pink,style_1
JCKFXUDKD6QPHH2G,pink,style_0
SHTFUPTTYZFFBQCK,gray,style_0
JEAFSKYHKRH9B5VF,gray,style_1
JEAFXUEMZEFMGWVH,pink,style_1
JEAFUZXRAGHXHEGB,gray,style_1
JEAFUZXPUWKSKGVD,pink,style_1
JEAFUZXRDZWSYWGG,pink,style_1
TSHFV5VTUYBG6HGH,gray,style_0
JEAFUZXTBXFBREYS,gray,style_1
TSHFUQ2TNYB7T8GE,pink,style_0
SWSFZ2H8NUXVHZYH,pink,style_0
SHTFUPTTUZXPF9QF,pink,style_0
JEAFUZXTHXQMAQC9,gray,style_1
JEAFUZXPWP75XGRD,gray,style_1
SHTFV5GRZSJ5MCKC,pink,style_0
JEAFXUHCWV9C5WNX,pink,style_1
JEAFUZXSGGZERV5K,gray,style_1
JEAFUZXT55GHCQFM,gray,style_1
JEAFUZXTKHGUUGTB,gray,style_1
JEAFUZXT6BYHVNF2,pink,style_1
JEAFUZXSGQUBBWJK,gray,style_1
TSHFV5X9HHFMQXAJ,pink,style_0
JEAFUZXSJCEXDWYC,white,style_1
SHTFXV5FUCRMYHMA,pink,style_0
JEAFUZXTGQVHTZBP,gray,style_1
JEAFUZXUSW8UHHPG,gray,style_1
JEAFUZXTZWMWBYAN,gray,style_1
JEAFUZXT5AGGEFVJ,gray,style_1
SHTFWBZ6RZSCG7GC,pink,style_0
TSHFWDYQT5Q9CYY9,pink,style_0
TSHFWDYQYZZ2NUBD,pink,style_0
SHTFV5HZWVQKZ6GE,pink,style_0
JEAFUZXSYF7FWBQM,pink,style_1
JEAFXUHFWQTBJTNG,pink,style_1
SHTFV5GHADDBWHFG,pink,style_0
JEAFUZXRRMZZHZNG,gray,style_1
JEAFUZXSBGQHRY5S,gray,style_1
JEAFXUEJDBPPY2EN,gray,style_1
JEAFXUHDY4CQKEBP,gray,style_1
JEAFUZXT9ZA9RJK7,pink,style_1
JEAFUZXTEZHGFFMZ,pink,style_1
SHTFV5HUB3YJGKGK,pink,style_0
JEAFUZXTNPGBMJ9F,white,style_1
JEAFUZXSBBCAY7V6,gray,style_1
JEAFUZXSMKZA4NT8,gray,style_1
JEAFUZXRSH4HW3YY,gray,style_1
SHTFV5JPAYFS9M73,pink,style_0
SHTFV5JDNJ7CQGGR,pink,style_0
JEAFUZXSHCZNHQE4,gray,style_1
JEAFUZXTHCYGZJFH,gray,style_1
JEAFXUHFDUQGBHEB,gray,style_1
JEAFUZXSZB3FZEKJ,gray,style_1
JEAFXUHFGSPBRVHF,pink,style_1
SHTFWBZBYZEQGVYY,pink,style_0
SWSFZEQEUMCKMF7T,white,style_0
TSHFWDYQH7GZGCKH,pink,style_0
SHTFV5GDEF4HNCUR,black,style_0
SHTFV5GGJMFGWXZN,pink,style_0
JEAFUZXTKUEJXCTB,gray,style_1
JEAFUZXSZTXEDWKQ,gray,style_1
JEAFUZXT2ZJ4RHMQ,gray,style_1
SHTFWBZDXX9VCY39,pink,style_0
JEAFUZXSNGYW4ZC6,gray,style_1
JEAFUZXUDEGFY26D,pink,style_1
JEAFXUHTQGBVANVY,gray,style_1
JEAFUZXS4SFKEV3U,gray,style_1
JEAFUZXS49NSRFQV,gray,style_1
JEAFUZXRTGKMXCNK,gray,style_1
JEAFXUHUQHXQQDYJ,gray,style_1
SWSFZEQEU4GYKSXS,white,style_0
SWSFZ2H8UQ5FNWDY,pink,style_0
JEAFXUEJFAHTATWC,gray,style_1
SHTFV5GDGF6JQRGG,pink,style_0
SHTFV5GWWY2FPVHE,pink,style_0
JCKFRP3HZPQNZ9VM,pink,style_0
TSHFUQ2UPAZHHCMH,pink,style_0
SHTFWBZMZ7ZRWFW9,pink,style_0
SHTFV5HVMHYSVPWN,pink,style_0
SHTFWBZ7WURFURFE,gray,style_0
SHTFXV5EMMHETZHF,pink,style_0
SHTFV5JYSP9MZHEM,pink,style_0
SHTFWBZDFJHZK9HH,pink,style_0
SHTFV5JCZQZTHV8U,pink,style_0
SWSFV5JZEVT7GHPZ,pink,style_0
JEAFUZXSRA53H5ZR,gray,style_1
TSHFWDYZA4U9NDAT,pink,style_0
SHTFVYFZC3VT5YW8,white,style_0
SHTFV5HRYRHUGRFH,pink,style_0
SHTFWBZ6FC5BHB3F,gray,style_0
TSHFWDYSBWECKWND,pink,style_0
SWSFV5JN8QQYFN4Q,pink,style_0
JEAFUPSWVCTKXMHF,pink,style_1
JEAFXUHA5YF8WYQY,gray,style_1
SWSFV5JNSVQX3SQA,black,style_0
JEAFWBJK8FTXWTT6,pink,style_1
SHTFWBZMTSCMPYMH,pink,style_0
JEAFWBJKAY9UHW8T,gray,style_1
TROFWCXHHFRTGFQ4,pink,style_1
SHTFVYFWCNKZR7UQ,pink,style_0
JEAFUZXSVA7WUECY,gray,style_1
JEAFUZXTACSV7BGB,gray,style_1
JEAFUZXTZBKRT6EB,gray,style_1
JEAFUZXTBJYMDW7W,gray,style_1
JEAFUZXRGY7UHZER,pink,style_1
JEAFUZXRVY3TZAZH,pink,style_1
JEAFUZXSSBU9FVYZ,pink,style_1
JEAFXUHHTJNVG3PK,gray,style_1
SHTFV5J5SASVUTZF,pink,style_0
JEAFUZXTZCYTZZ8M,gray,style_1
SWSFV5JNDCDYTNQY,brown,style_0
SHTFV5GYVQ8RGUG4,pink,style_0
SHTFV5HTEBSVEEHE,pink,style_0
SHTFV5G8KUANMW6S,pink,style_0
SHTFV5J3BEQAXFDE,pink,style_0
JEAFUZXS4AGG5HAQ,white,style_1
JEAFUZXSJVQXTHDC,gray,style_1
JEAFUZXTZDGEVFPJ,white,style_1
TSHFXV929GSJ3ZEE,pink,style_0
SHTFV5G8PWSJQ9GN,pink,style_0
SHTFV5J3BEQAXFDE,pink,style_0
JEAFUZXSJVQXTHDC,gray,style_1
JEAFUZXTZDGEVFPJ,white,style_1
TSHFXV929GSJ3ZEE,pink,style_0
SHTFV5G8PWSJQ9GN,pink,style_0
SHTFV5GZPZSSYSWG,pink,style_0
JEAFUZXQGEZRSGZW,pink,style_1
SWSFV5JNKUAVGNA8,pink,style_0
SHTFV5GW2NVEGBGG,pink,style_0
SHTFVY2GV5GJZSWJ,white,style_0
SHTFV5JYQSWEQR6R,pink,style_0
SHTFV5G7QVZK5FKD,pink,style_0
SHTFVY22PZX97QHV,white,style_0
JEAFWBJH2FQHNTCM,pink,style_1
SHTFV5JAPY5ZU47W,pink,style_0
SHTFXV5FJBWQCQXQ,pink,style_0
SHTFVYFNFAE3AFKH,white,style_0
JEAFUZXSZ9WMGGYY,pink,style_1
SHTFV5G6PZDQZEVZ,pink,style_0
SHTFV5HSHCD5S9GG,pink,style_0
SHTFV5G5FWY4GXFX,pink,style_0
SHTFV5G6YST3S4CS,pink,style_0
SHTFV5GHGGEMWWKB,pink,style_0
SHTFV5G3PV7JKB5R,pink,style_0
SHTFV5G7GGWKH5QW,pink,style_0
SHTFV5JYCDWFNXKV,pink,style_0
SHTFV5GDPG3SZPDU,pink,style_0
SHTFVYFXHSKMDBDQ,white,style_0
SHTFRR7YYXZBVKKZ,pink,style_0
SHTFV5G3HEG33CRN,pink,style_0
SHTFV5GSHQMHCNFS,pink,style_0
SHTFV5HXKN4NXZSP,pink,style_0
SHTFVYFZSMJS7HZB,white,style_0
SHTFV5HZPDAJZHZB,pink,style_0
JEAFUZXTBPEXBZN4,pink,style_1
SHTFV5HUW2DCVUEJ,pink,style_0
SHTFVY2HACZ4N2AH,pink,style_0
SHTFVY2GY2GQBSEB,pink,style_0
SHTFV5G7QG4X4ZJA,pink,style_0
SHTFV5GAMDSNSNVH,pink,style_0
SHTFV5GCX8JZGRFV,pink,style_0
SHTFV5GXK3TFP2YP,pink,style_0
SHTFWBZ8ARDZDVFF,gray,style_0
SHTFV5G8XV9BUYMZ,black,style_0
SHTFXV5FTA7SUTPE,white,style_0
SHTFVY28ZGRKBHFY,pink,style_0
SHTFV5HTZ6Q9ZTZZ,pink,style_0
SHTFV5HJKCFXTK4J,pink,style_0
SHTFV5G7EX9MJZ9T,gray,style_0
SHTFRR7Y96EV5JUW,pink,style_0
SHTFV5GZV7SRGYZA,pink,style_0
SHTFV5GZGMGYSCFH,pink,style_0
SHTFVY2CARRQF25M,gray,style_0
SHTFXV5FEUTG8HHQ,pink,style_0
JEAFUZXT2J3VV2RR,gray,style_1
SHTFV5HVRYHJ5KWY,pink,style_0
SWSFV5JN5TKJWPZ2,pink,style_0
SHTFV5HSRMHNZMHP,pink,style_0
SHTFV5HUHTYAEDHN,pink,style_0
SHTFVY2HZT3NB464,pink,style_0
SHTFV5J3HKQDXDXJ,pink,style_0
SHTFV5HWPBJ6EWDT,pink,style_0
SHTFRR7YV36QKY9H,pink,style_0
SHTFRR7YHDYZMMJQ,pink,style_0
SHTFV5G6RBQ3U7CK,pink,style_0
SHTFXV5FSA7YRQPG,pink,style_0
SHTFV5HZHQMNK7TQ,pink,style_0
SHTFV5JEA3FZDVF9,pink,style_0
SHTFV5JKYERFJFXD,pink,style_0
SHTFRR7YEZW6YNJV,pink,style_0
SHTFXV5F9Y83QAPQ,pink,style_0
SHTFV5HNJQQKN3AH,pink,style_0
SHTFV5GYHH9TZXZY,pink,style_0
SHTFV5HZFAJF7QZS,pink,style_0
SHTFV5GDKMMQMKFQ,pink,style_0
SHTFV5HYXHGGZYCD,pink,style_0
SHTFV5HNCEBP5R4U,pink,style_0
SHTFVYFXWSFP62XP,pink,style_0
SHTFV5GHJUHWCEUA,pink,style_0
JEAFUZXSQQHZXRYM,gray,style_1
SHTFRR7YWWXG6QGU,pink,style_0
SHTFV5J6HGKGGFXN,pink,style_0
SHTFXV5EEH5GV3PF,pink,style_0
SHTFV5JGCPNZBMVS,pink,style_0
SHTFV5JGBGGTFTGB,pink,style_0
SHTFV5G8EWXEDP2J,pink,style_0
SHTFXV5FWG7YUHGW,pink,style_0
SHTFRR7YCHG7ZVR4,pink,style_0
SHTFV5GSZKWGGZUR,pink,style_0
SHTFRR7Y4QCXXXY4,pink,style_0
SHTFV5GAVPJZ7DFZ,pink,style_0
SHTFV5GBDHCAYY9K,pink,style_0
SHTFVY23HCT4JY36,pink,style_0
SHTFVY2GQFWMB9RB,pink,style_0
SHTFV5HTHEDKP8ZH,pink,style_0
SHTFV5HY8Z2UVSBN,pink,style_0
SHTFV5HYYBJRGHKC,pink,style_0
SHTFV5GBSXKXGUCY,pink,style_0
SHTFV5GRD6YVAZWX,pink,style_0
SHTFV5G9MGFB3XDN,pink,style_0
SHTFRR7YWEZPUZVJ,pink,style_0
SHTFV5GF5XGBMBMP,pink,style_0
SHTFVY2FY5AXVZ6A,pink,style_0
SHTFV5HUKFJPJMPG,white,style_0
SHTFXV5F6TMJJDA9,pink,style_0
SHTFV5G7D8E8AX5K,pink,style_0
JEAFUZXTHR9UUXCG,pink,style_1
SHTFVY2N3DMNFX7J,pink,style_0
SHTFXV5FUGKTHDE9,pink,style_0
SHTFV5GAZPPS9GGA,pink,style_0
SHTFV5HUKFJPJMPG,white,style_0
SHTFXV5F6TMJJDA9,pink,style_0
SHTFV5G7D8E8AX5K,pink,style_0
JEAFUZXTHR9UUXCG,pink,style_1
SHTFVY2N3DMNFX7J,pink,style_0
SHTFXV5FUGKTHDE9,pink,style_0
SHTFV5GAZPPS9GGA,pink,style_0
SHTFV5GHGV2ZNC4R,pink,style_0
SHTFV5HTTZGZHS9K,pink,style_0
SHTFV5JYQGJYTJZJ,pink,style_0
SHTFRR7YMGXAXZF3,pink,style_0
JEAFUZXTWQCN4QZC,gray,style_1
SHTFXV5FCGBCHP8E,pink,style_0
SHTFV5GFYFXGQMZ7,pink,style_0
SHTFXV5E42KQBZNH,pink,style_0
SHTFV5GBCVKVGPQZ,pink,style_0
SHTFV5G3TVRG5WZQ,pink,style_0
SHTFVYFQBGDV6VBC,white,style_0
SHTFV5GYTWZZYXWH,pink,style_0
SHTFXV5E8TBHCWQF,pink,style_0
SHTFVY2HBHUNBTNK,pink,style_0
SHTFXV5EPCRFS6ST,pink,style_0
SHTFV5J39MUR38YZ,pink,style_0
SHTFV5G74ZVWCUQJ,pink,style_0
SHTFVY2QUQK8GKHF,pink,style_0
SHTFXV5E7ZNTCZZQ,pink,style_0
SHTFV5GDDYBEJHBB,pink,style_0
SHTFV5G7V8YEBVHP,pink,style_0
SHTFV5GBFTGE85UC,pink,style_0
SHTFV5GDZPPV3YTF,pink,style_0
SHTFV5JPAHE7TGZG,pink,style_0
SHTFRR7YQZMGBX5D,pink,style_0
SHTFZEPTNNZUQBHD,white,style_0
SHTFV5GFGT5DMHQZ,pink,style_0
SHTFV5GGZYZYGRHA,pink,style_0
SHTFV5HUHKHPGXKJ,pink,style_0
SHTFV5J7NWBFXZD2,pink,style_0
SHTFVY2CGYM3SVGU,white,style_0
SHTFV5HP4CUAT7YP,pink,style_0
JEAFUZXZHHXDFFHH,gray,style_1
SHTFVY25HCH7WKG7,pink,style_0
SHTFRR7YMPHTRCFH,pink,style_0
SHTFXV5ERSEUKNCG,pink,style_0
SHTFV5G4W6BZFH7D,pink,style_0
JEAFUZXPYEZXUFXF,gray,style_1
SHTFWBNZFFRVQUUB,pink,style_0
SHTFWBZFGK4QGMC8,pink,style_0
SHTFWBZ6FJEXAXYS,gray,style_0
SHTFWBZ8ACHNGUHD,pink,style_0
JEAFUZXTDDPPDFSM,pink,style_1
JEAFUZXSBEW3CAUD,pink,style_1
SHTFXV5EBCBHVNQT,pink,style_0
SHTFWBZJ2KDBMYZH,white,style_0
SHTFVY2BGQRN4GYQ,pink,style_0
SHTFVY2AU5C8Y2YN,white,style_0
SHTFVY26DCS8GVEV,pink,style_0
SHTFUPTTDW3JYQTF,pink,style_0
JEAFUZXTN3KBGPMS,white,style_1
SHTFV5JFZYUWGG5P,pink,style_0
SHTFVY2MNEEAFXVT,pink,style_0
SHTFV5J4METGP9JP,gray,style_0
SHTFV5G335GR9AJX,pink,style_0
SHTFV5GCZ49FWF8D,white,style_0
SHTFVYFVZA6YJXFH,white,style_0
SHTFV5GY4GPCPZPB,pink,style_0
SHTFRR7YCYGHM3Y9,pink,style_0
SHTFV5GAZNXGPBGZ,pink,style_0
SHTFVY2FHGRUFHDT,pink,style_0
SHTFWBZAC4NGQEQQ,pink,style_0
SHTFV5GZDTFWYHME,pink,style_0
SHTFV5GHXZ8BNVFN,pink,style_0
SHTFV5HMYRJE2QZT,pink,style_0
SHTFXV5FJBJZC3GG,pink,style_0
SHTFV5HYV3TCSMYU,pink,style_0
SHTFVY29HZYBRTMJ,pink,style_0
SHTFV5GVEHFRY9A7,pink,style_0
SHTFVY267TT8CHJP,pink,style_0
SWSFZ2H54ZGQTCME,pink,style_0
SHTFV5GAPJZAXFBH,pink,style_0
SHTFVYFTXGCGT4YS,white,style_0
SHTFVYFUQEVZYH4H,white,style_0
SHTFXV5EVFARYHGU,pink,style_0
SHTFV5GE3HVBHBZA,pink,style_0
SHTFXV5FFY9R9VQR,pink,style_0
SHTFV5GS7SSSFJCQ,pink,style_0
SHTFV5GQH2FEF3QD,pink,style_0
SHTFV5HVNP6Y2SG5,pink,style_0
SHTFV5GYK5HNFC82,pink,style_0
SHTFV5GCGGCGFDGH,pink,style_0
SHTFVYF3RQBKESXK,white,style_0
SHTFWBZ8VYEFGG5J,pink,style_0
SHTFV5GBSRFMZZSD,pink,style_0
SHTFV5GCKNGHUG8M,pink,style_0
SHTFWBZ7NRMENHFX,pink,style_0
SHTFV5HSCTPGRVYH,pink,style_0
SHTFRR7YBA3TAQ8V,pink,style_0
SHTFV5G9KZ4UEKDW,pink,style_0
SHTFXV5F3YYGZPVK,pink,style_0
SHTFV5K5SAVRCHJ8,pink,style_0
TSHFRREECS2SZKTZ,pink,style_0
SHTFXV5F6RGHAUR4,pink,style_0
SHTFRR7YZJSSCYZ9,pink,style_0
SHTFV5HSGNYEFE4G,pink,style_0
SHTFV5GYGM63XBMG,pink,style_0
SHTFVYFX4FVTZVXD,white,style_0
SHTFVY23HY4MCYRK,white,style_0
SHTFV5G5HGYKWCYH,pink,style_0
SHTFVY2FAHJZRGDK,white,style_0
SHTFWBZCRQFGTAK3,pink,style_0
SHTFV5GEHKEMBGKV,pink,style_0
JEAFSKYHWXBBYXDZ,gray,style_1
SHTFV5G246DHG68H,pink,style_0
SHTFV5GHZBGFWMEP,pink,style_0
SHTFRR7F8ENE3RGA,pink,style_0
JEAFUZXSDMFEYHC7,pink,style_1
SHTFWBZDSQMG2EG5,pink,style_0
SHTFV5HNZHAES3X5,pink,style_0
SHTFXV5FQMWEVNGK,pink,style_0
SHTFXV5FMVD693EJ,pink,style_0
JEAFUZXSCGZNCFSM,pink,style_1
SHTFV5J2BES4DVYU,pink,style_0
JEAFUZXTMNDXKE88,white,style_1
SHTFVY2G8KQC2QN8,white,style_0
SHTFV5GH9NQWX7Y7,pink,style_0
SHTFV5GGJMX5VGS9,pink,style_0
SHTFVY23MMBYFPWA,gray,style_0
SHTFV5G9K2HWZHNA,pink,style_0
SHTFVYFZGGZXKT8G,white,style_0
JEAFWBJKN3UHKMRG,gray,style_1
JEAFUZXSNGYAXHJM,gray,style_1
TSHFWDYTDGBAUEMH,pink,style_0
SHTFV5GD6DPC6ZYX,pink,style_0
SHTFV5G3QMG4RKTZ,pink,style_0
SHTFXV5E8TB6FM5E,pink,style_0
SHTFV5GUV42ZHCA4,pink,style_0
SHTFV5GWAZ3ACXTY,pink,style_0
TSHFV5WRG85VGD7W,pink,style_0
SHTFXV5FYV2RYT45,pink,style_0
SHTFV5GFAAXXFKPX,pink,style_0
SHTFV5GUV42ZHCA4,pink,style_0
SHTFV5GWAZ3ACXTY,pink,style_0
TSHFV5WRG85VGD7W,pink,style_0
SHTFXV5FYV2RYT45,pink,style_0
SHTFV5GFAAXXFKPX,pink,style_0
SHTFZEPSNUHVUQZD,pink,style_0
SHTFRR7YTBUFAHQW,pink,style_0
SHTFV5GHTQVKQNG3,pink,style_0
SHTFXV5F797WT58R,pink,style_0
SHTFVY2WEXFHGRHY,white,style_0
TSHFUQ2TDGERFHDZ,pink,style_0
SHTFV5GEGYHVEWHM,black,style_0
SHTFV5GZU39RGZYN,pink,style_0
JEAFUZXRDYSVFK4Y,white,style_1
SHTFVY2NMNWCZHYF,white,style_0
TSHFXV92FZCPZEF3,pink,style_0
TSHFWDYPCKSVGQE4,pink,style_0
SHTFV5GYWAZFYPF7,pink,style_0
TSHFV5URC6BBUWYH,pink,style_0
JEAFUZXUGWXHUF5F,white,style_1
SHTFV5GXZVCJHPSZ,pink,style_0
SHTFWBZ6BNFJZDCD,pink,style_0
TSHFV5WZPHGSRRYQ,pink,style_0
TSHFV5WQREHGNZYH,pink,style_0
TSHFV5VY5CVGYXNM,pink,style_0
TSHFV5WZYUS9XZJP,pink,style_0
SHTFXV5FYGVCDPVG,pink,style_0
TSHFXV92ZMDQPJTX,pink,style_0
TSHFRREENH54JJPQ,pink,style_0
SHTFV5GYQSYGVGZP,pink,style_0
JCKFXUDRFRJJ6XUH,pink,style_0
SHTFXV5EXFRQFQH4,pink,style_0
SHTFV5GZKSXJUDX9,pink,style_0
TSHFV5XA5HHGQN7H,pink,style_0
SHTFWBZ28VYZND8Z,gray,style_0
SHTFV5GXY4BNESQD,pink,style_0
TSHFV5VH4HUHUUFW,pink,style_0
SHTFVYFP3ZDFSEXZ,pink,style_0
TSHFV5WMJEGEHSHC,pink,style_0
TSHFV5WUVYWJWUME,pink,style_0
SHTFV5G33GG8H35H,pink,style_0
SHTFV5GVHVGCRJWX,pink,style_0
SHTFUPTTQFAHZQMT,gray,style_0
SHTFV5JHG5PSQGUK,pink,style_0
TSHFV5VNAHTFHDZY,pink,style_0
TSHFWDYSE75DWNBU,pink,style_0
TSHFXV92XDUT8ZRZ,pink,style_0
TSHFXV92PEZYKT9G,white,style_0
SHTFUPTTBZ3GHZMU,gray,style_0
SHTFWBZ6TWZHBUQJ,pink,style_0
SHTFVYFRTVTG2AZX,white,style_0
TSHFWDYNZUYRURMG,pink,style_0
JEAFUZXR2EJZN7JQ,gray,style_1
TSHFRREEF9DJFNGX,gray,style_0
TSHFV5WXAWUUMQR9,white,style_0
SHTFWBZ73UXSPYTY,gray,style_0
TSHFV5VHGHYRQSQT,pink,style_0
SWSFZEQEGPDK9GUB,pink,style_0
JEAFUZXSFZNSUBSZ,pink,style_1
TSHFUQ2TFXH8MSFH,pink,style_0
SHTFV5GYZVWU8YQ2,pink,style_0
TSHFWDYQKDGSTZFH,pink,style_0
TSHFWDYRZ9WRBU2F,pink,style_0
TSHFV5V7AEASTGN8,black,style_0
TSHFXV9F5K7BFZZU,white,style_0
SWSFZEQEMGUPEM3E,white,style_0
TSHFV5YGJJ8DGZXU,pink,style_0
SHTFWBNYBPFMZ6FN,gray,style_0
SHTFV5G6H7BQMTQS,white,style_0
TSHFNDPT5RVY9V46,white,style_1
JEAFCXFYETHGGBW4,white,style_1
TSHFCWYJKB4KYYQV,white,style_0
TSHFCWYJ2ZXU6GMN,black,style_0
TKPFPEYWKJFZRUPF,white,style_1
JEAFCXFZ4P6KE7Y2,white,style_1
JEAFCXFZH7H9N87D,white,style_1
TSHF4EGJGJTQNTFG,white,style_0
TKPFPEYWWGWF4XGR,white,style_1
VESFKGD9Y5EXQKHK,white,style_0
VESFKGDNFEGK8VVC,white,style_0
TKPF4GGXRGJYNJVE,gray,style_1
TKPFPEYWMFNX2MHD,white,style_1
TKPFPEYWXGGQHVC6,white,style_1
TKPF4GGWD2BZVHFX,pink,style_1
TKPF4GGWQGA6WYFH,white,style_1
TSHFUF5SM3DUXUC6,white,style_0
VESFKGD9WJHVW3JB,white,style_0
TSHFNBBJ8RT4RKQY,gray,style_0
TSHFTYXYW7AE96TW,white,style_0
TSHFNBBJYXHQUFHX,black,style_0
TKPFPEYWHKJZUFNP,white,style_1
TSHFCWYJUPAYUFZN,white,style_0
TSHFUF5SC8CKXQFP,white,style_0
TSHFUF5SJZRHVAFR,white,style_0
TSHFTYXYXZHDTE6H,pink,style_0
TSHFTYXYFBBP5KHQ,pink,style_0
TSHFTYXYZZ5HRHYU,purple,style_0
TSHFTYXYWNMAJHUK,gray,style_0
TSHFUF5SYRG8X9DX,white,style_0
TSHFNDPT7PH3GWFN,black,style_1
TSHFCWYJVTQY8EFP,white,style_0
TSHFCWYJWCHXN2FP,white,style_0
TSHFUF5SMS92TF3Y,white,style_0
TSHFCWYJWCHXN2FP,white,style_0
TSHFUF5SMS92TF3Y,white,style_0
TSHFTYXYDF82JX9M,pink,style_0
TSHFTYXYRYDWMRYK,pink,style_0
TSHFTYXYNUAKETUH,gray,style_0
TSHFUF5SRBZ6J7BG,white,style_0
TSHFTYXYQ7FSJ6HR,gray,style_0
TSHFTYXYQHW9HKJW,white,style_0
TSHFTYXYVKGSGRHH,pink,style_0
TSHFTYXYFZMKKZUG,white,style_0
TSHFNDPSZGGUW9BE,black,style_1
TSHFN3T74ZFCEZFD,black,style_0
TSHFN3T5TYGSK4CJ,white,style_0
TSHFTYXYZE8YKZN6,white,style_0
TSHFTYXYGNCGJ76R,brown,style_0
TSHFN3T7HY3HZHPK,white,style_0
TSHFN3T5AQFGSFXN,white,style_0
TSHFCWYJXWHKFZXC,white,style_0
TSHFTYXYGJ4D5USZ,white,style_0
TSHFN3T7GPDX9KPA,black,style_0
TSHFN3T6TAUGFYBJ,white,style_0
TSHFN3T7XNAKQ3QV,white,style_0
TSHFN3T7DQ8AZ4AD,white,style_0
TSHFTYXY6HENVCPC,white,style_0
TSHFTYXYF65SWMVZ,white,style_0
TSHFPCZ9UHVMHTDZ,black,style_0
TSHFPCZ9CXUGRRBZ,white,style_0
TSHFCZH7GQXBGGKG,white,style_0
TSHFN3T5N6F4PWDU,black,style_0
TSHFCWYJ47BMGJJS,white,style_0
TSHFPCZ75UCUPMAB,white,style_0
TKPF4GGX6TAYKPCQ,pink,style_1
TSHFPCZ7SRE5NMTA,black,style_0
TSHFPCZ7WPVXCEK4,black,style_0
TSHFN3T7EUVNS98C,white,style_0
TSHFTYXYSBSAZKTZ,white,style_0
TSHFTYXYSEMKWY7W,pink,style_0
TSHFPCZ7BJH6CS5N,white,style_0
TSHFN3T7JGHRZF2G,white,style_0
TSHF4E6UXRQXVPXJ,white,style_0
TSHFN3T575ZQKJ5S,white,style_0
TKPF4GGXBUCZVBKC,gray,style_1
TSHFXMHHB54GG4QM,white,style_0
TSHEPFGANEJZUHW7,white,style_0
TSHFCWYJSVASZ6JY,white,style_0
TSHFKG7QUDBJUQST,black,style_0
TSHFN3T7MKTYFJZZ,gray,style_0
TSHFKH7TH5MURYBG,brown,style_0
TSHFCWYJCMX8PM7T,black,style_0
TKPFPEYVQVTHZRNJ,white,style_1
TSHFCWYJYURDMMBU,white,style_0
TKPFPEYVQVTHZRNJ,white,style_1
TSHFCWYJYURDMMBU,white,style_0
TSHF4EGJ2NHYBKDJ,white,style_0
TSHFKH7VZA54W6UF,white,style_0
TSHF4E6UZUZJCHYQ,gray,style_0
TSHFKH7SXJHT98CS,black,style_0
TSHFXMHEHJFN3NGG,orange,style_0
TSHFXMHBGHEKSJEC,gray,style_0
TSHFXMHGUTBAZHKF,white,style_0
TSHFXMHGEBGX3G6T,black,style_0
TSHFXMHGZXH7NPTA,brown,style_0
TSHFXMHDQBJN2SQW,orange,style_0
TSHFXMHCTXHYTPQM,white,style_0
TSHFXMHFH6RDCAFU,white,style_0
TSHFXMHD6QGCCGTW,white,style_0
TSHFXMHEJRQTVYPU,white,style_0
TSHFXMHEUFKTM3GK,white,style_0
TSHFXMGVYRMNWMDV,brown,style_0
TSHFXMHDUTUB6MTD,white,style_0
TSHFXMHDQHNYHNKP,brown,style_0
TSHFXMHGDWEM2TFT,orange,style_0
TSHFXMHHR2HAXA5M,brown,style_0
TSHFXMHDJYV7ZPJC,black,style_0
TSHFXMHGJGAEBGBX,orange,style_0
TSHFXMHGGZKFDM6H,orange,style_0
TKPFPEYWQMGZJX4T,white,style_1
TSHFN3T7CFHVYZEC,gray,style_0
TSHFCWYJVA9JWRRF,white,style_0
SWSFJE3WCXMFS8NN,white,style_0
TSHFKG7QMWEGWJGB,white,style_0
SWSFJE3V7A8FHGNG,white,style_0
TSHFCWYJZ2QZV5AM,gray,style_0
TSHFKG7QTNVFZJEG,pink,style_0
TSHFXMHDGZVGZACR,brown,style_0
TSHFD86J84SNSXEG,white,style_0
TSHFCZH7CJDRA579,white,style_0
TSHFD86JZCQJ5CW8,black,style_0
TSHFXMHEZCNVBUVK,brown,style_0
TSHEQ2W4EYESEZGT,white,style_0
TSHFD86JBRHQY7ZM,gray,style_0
TSHFN3T76FTQFCDS,white,style_0
TSHFN3T7UYGXSRYV,gray,style_0
TSHFCWYJDQX9WGFW,white,style_0
TSHFN3T7GVFDHKHE,gray,style_0
TSHFKG7QBNXZQFEK,white,style_0
SWSFJE3WQFPMPZKA,white,style_0
TSHFN3T5YKSCTKVS,gray,style_0
TSHF4E6UMZHHXGMD,gray,style_0
TSHFNFDAC4ZHMFJZ,gray,style_0
TSHFCWYJ4DFHJHDH,gray,style_0
TSHFCZH7G5W4P7GR,white,style_0
TSHFCZH7YKNGHEYD,white,style_0
TKPFPEYW5B7FRXYW,white,style_1
TSHFCWYJU8WG7GMQ,black,style_0
TSHFKH7V6DQHDZWB,brown,style_0
JEAFD86HSQPZGUYU,white,style_1
TSHFTYXY7MMJZVKY,gray,style_0
TSHFUF5SJU9WP9KF,white,style_0
TSHFCWYJ48FSQHAZ,gray,style_0
VESFKH7Y2CMYQRUT,black,style_0
PYJFUWK8XDBHMGNJ,pink,style_1
CAPEQF59NUQXHPMF,black,style_1
TSHFGFDZFSKZJWVP,black,style_0
TSHFGH2ZMMQGZQAD,gray,style_0
TSHFGZZAHGMA9QQP,gray,style_0
TSHFGZZACNXVJFW2,gray,style_0
TSHFGH2YGCZ2QTRB,gray,style_0
TSHFHFURRQDZFYKB,gray,style_0
TSHFKQJRTFCDQ2FB,pink,style_0
TSHFHFURZXV73SGJ,gray,style_0
TSHFGFDPFFBURGHM,white,style_0
TSHFHFURV2TZRVHS,gray,style_0
TSHFGFDZWTH7DYSG,white,style_0
TSHFHFURJZHXGWMU,gray,style_0
TSHFGH2YT86FF63C,gray,style_0
TSHFHFURVP7KGETQ,gray,style_0
TSHFGZZ9VG5ZDTYU,black,style_0
TSHFGH2XYVQAZZTM,gray,style_0
TSHFEY8WFYJ3J7HZ,white,style_0
TSHFGH2ZBAF8YSFA,purple,style_0
TSHFKG8FVHG4SE3S,gray,style_0
TSHFGH2WYKAHGGN5,gray,style_0
TSHFHFURW8QDRVHG,white,style_0
TSHFGZZAQXJRKNMT,gray,style_0
TSHFDHGGHV5CXSWH,gray,style_0
TSHFGQT5E9GH6SQW,gray,style_0
TSHFFAB2TTW2BT93,brown,style_0
TSHFGH2XFGPJZMPH,black,style_0
TSHFKG8EMETSYN5E,gray,style_0
TSHFHHXZSAY3RMFX,brown,style_0
TSHFGQTHJQ6ZCUZY,gray,style_0
TSHFHFURWFUV8RYV,gray,style_0
TSHFKQJRFHVSMAFK,gray,style_0
TSHFKQJQKSZFNZGH,pink,style_0
TSHFDHGAW8XFHVYH,white,style_0
TSHFGFDZSPFAWJWG,brown,style_0
TSHFHFUV8MGZFJHD,white,style_0
TSHFGH2XTGGYUY6H,brown,style_0
TSHFGH2WMPGMN9HH,black,style_0
TSHFGH2XQT6TBECX,gray,style_0
TSHFEY8VRGCMRSGG,gray,style_0
TSHFEY8VJPZCGDGK,gray,style_0
TSHFFAB2TTW2BT93,brown,style_0
TSHFHFUQZH43YYKS,gray,style_0
TSHFMWPZASABHKPV,black,style_0
TSHFGH2WT7VHCGEQ,brown,style_0
TSHFWTTXEFZSVSY9,gray,style_0
TSHFHFUVZNXMZYGV,gray,style_0
TSHFGZZA9ZUDHZ3T,white,style_0
TSHFHFUQXSGZXEUF,white,style_0
TSHFKQJR59GQQVCK,brown,style_0
TSHFHFURBRDZXYBN,black,style_0
TSHFHFUSJDZA7DRN,brown,style_0
TSHFKQJRNCHQF9Y9,gray,style_0
TSHFHHXWZFZRT5WZ,gray,style_0
TSHFKQJRGPZGYYDG,black,style_0
TSHFGFDZZJ7YFBVJ,gray,style_0
TSHFHFURRZD4MMEK,white,style_0
TSHFGH2XF6BKU5JS,gray,style_0
TSHFGFDRNTSSEBFF,gray,style_0
TSHFGH2XNAH9JCQY,gray,style_0
TSHFHHY4BHSSVURK,pink,style_0
TSHFHJJ6G3QXG7SR,gray,style_0
TSHFGH2YV3TCWFS6,gray,style_0
TSHFHFUV6HFEWCEG,brown,style_0
TSHFKG8GG8KAZQC9,gray,style_0
TSHFHFUVHXMP6XFA,gray,style_0
TSHFHFURRZCTUHHC,white,style_0
TSHFHFURPZKUZFFM,white,style_0
TSHFHFURYDRZ8MBG,brown,style_0
TSHFHHY5KBVQX7DK,white,style_0
TSHFKQJRGXT5EV5G,black,style_0
TSHFHHXY6YQVCNTG,white,style_0
TSHFKQJRQVJY8NUR,purple,style_0
TSHFGH2XKVJHRNAZ,brown,style_0
TSHFGH2YEP83YYG2,gray,style_0
TSHFGFDSCSGW7CQ7,white,style_0
TSHFHFURNZQPYYFS,brown,style_0
TSHFKQJR4JRSSM4W,brown,style_0
TSHFHFURNU3D5HGG,white,style_0
TSHFHHY4XHWGHPBJ,black,style_0
TSHFGZZAZYHDSDQZ,gray,style_0
TSHFHFUQTHPJP7GC,brown,style_0
TSHFGFDZKZVJZRCZ,brown,style_0
TSHFGFDPPFABMQ6R,white,style_0
TSHFHFUSCTHUQ4KD,black,style_0
TSHFGFDZACJNGBUZ,gray,style_0
TSHFGH2XCPXCPHWK,white,style_0
TSHFGH2Z9Y3GXY7S,purple,style_0
TSHFDHGMHCNUQKNW,black,style_0
TSHFHFUSJJVMCSEH,gray,style_0
TSHFGZZAZYPQHWFY,black,style_0
TSHFGH2YF5Y79D2Y,black,style_0
TSHFGH2ZWTVDXJP8,brown,style_0
TSHFGH2YW2SPGZZD,white,style_0
TSHFGFDZ7F5FVWS7,brown,style_0
TSHFGFDQDQDKFJVW,gray,style_0
TSHFGZZA9ZUDHZ3T,white,style_0
TSHFKQJRQSEQEJYG,white,style_0
TSHFHFUVZNXMZYGV,gray,style_0
TSHFHFUQXSGZXEUF,white,style_0
TSHFKQJRZXJ8ZHYB,brown,style_0
TSHFHFUSAT4EEFSF,black,style_0
TSHFHFUSJDZA7DRN,brown,style_0
TSHFKQJRNCHQF9Y9,gray,style_0
TSHFHHXWZFZRT5WZ,gray,style_0
TSHFGFDZZJ7YFBVJ,gray,style_0
TSHFHFURRZD4MMEK,white,style_0
TSHFKQJRGPZGYYDG,black,style_0
TSHFGH2YV3TCWFS6,gray,style_0
TSHFHFUV6HFEWCEG,brown,style_0
TSHFGH2XF6BKU5JS,gray,style_0
TSHFGFDRNTSSEBFF,gray,style_0
TSHFHJJ6G3QXG7SR,gray,style_0
TSHFGH2XNAH9JCQY,gray,style_0
TSHFHHY4BHSSVURK,pink,style_0
TSHFHFUVHXMP6XFA,gray,style_0
TSHFHFURRZCTUHHC,white,style_0
TSHFHHY5KBVQX7DK,white,style_0
TSHFGH2XKVJHRNAZ,brown,style_0
TSHFKQJRYCGT8Z9V,gray,style_0
TSHFKQJRFCGFGY3C,pink,style_0
TSHFGFDPFBHYQGZK,gray,style_0
TSHFHFURANA5HSP5,brown,style_0
TSHFGFDRX9NYRZXY,brown,style_0
TSHFHHXQ2GVFD2YD,white,style_0
TSHFHHY4NVEZTUFG,gray,style_0
TSHFHHXSZJA8G4WH,white,style_0
TSHFGZZAZTF5YGNP,white,style_0
TSHFWTTXZDHFAEYZ,black,style_0
TSHFGH2YHEMFKRGN,brown,style_0
TSHFHHY5HDJ5FDGB,gray,style_0
TSHFHHY4W5ZD223B,brown,style_0
TSHFKQJRGMDTZAU6,white,style_0
TSHFHFURXHV7PAF7,brown,style_0
TSHFGZZAZPVW5HHA,gray,style_0
TSHFKQJRNZFJKB93,brown,style_0
TSHFHHXQUGGKGBJ3,brown,style_0
TSHFHHXVEZNY6HC2,white,style_0
TSHFHHXV8ABYNC9D,gray,style_0
TSHFHHY7YXBSTTZN,brown,style_0
TSHFKQJRT82DVT65,pink,style_0
TSHFHHXWHESXVF9J,gray,style_0
TSHFHHXUH2SWAVVW,white,style_0
TSHFGH2X2YSXPEGH,gray,style_0
TSHFKQJRGJEVPWZJ,gray,style_0
TSHFHHXZXMFYVXYU,gray,style_0
TSHFKQJRC55ZHTQC,black,style_0
TSHFHHXRECTRBRCD,white,style_0
TSHFHHXVRCYVEA9Y,gray,style_0
TSHFHHXVM2MCKMFF,brown,style_0
TSHFGH2XNZZUGZVA,black,style_0
TSHFHHXXTMHNKQHH,white,style_0
TSHFGFDZJGZZKZFY,white,style_0
TSHFGQSEPGFX5KGR,gray,style_0
TSHFHFUVZJSSR6VY,gray,style_0
TSHFKG8GKNS2UPZF,pink,style_0
TSHFHHXZRN5VZV7Z,gray,style_0
TSHFGFDZ59ZFKYXA,white,style_0
TSHFHFURNBADEBGG,white,style_0
TSHFGZZAPU5AJ2MY,brown,style_0
TSHFWTTXBKUJAYH6,white,style_0
TSHFHHY4DK289HTH,gray,style_0
TSHFHHXVXTEHMF2K,white,style_0
TSHFHHY4Z6CTGM5D,gray,style_0
TSHFGZZAFQZCHGKZ,brown,style_0
TSHFHHY4HNBUKBMM,gray,style_0
TSHFKQJRSZQZRSZA,gray,style_0
TSHFHHXVHZJSGWAZ,white,style_0
TSHFKQJRTWWYZMH9,brown,style_0
TSHFGFDZB9JBKMGZ,gray,style_0
TSHFKQJRGA2VWTNN,pink,style_0
TSHFHHY2ZZJWAP8Q,gray,style_0
TSHFKQJRYEUUP5HN,gray,style_0
TSHFHHXQMQQAZXGK,gray,style_0
TSHFHHY3HZYCBZN8,gray,style_0
TSHFGZZ9PF2UAEK2,gray,style_0
TSHFHHXZRXZBC7RB,gray,style_0
TSHFHHXQGKUGXKYG,gray,style_0
TSHFHHYYN27ZSD3X,brown,style_0
TSHFGH2YVT6MYRH6,pink,style_0
TSHFDYR86SNDWHEE,gray,style_0
TSHFHHXR3TAZSYFC,white,style_0
TSHFHHY5VPCMF5ZD,gray,style_0
TSHFGFDSCEEJQK6P,white,style_0
TSHFGH3YANKACMMY,black,style_0
TSHFDHGJQNM39YYN,brown,style_0
TSHFGH2WTTMWTEAY,gray,style_0
TSHFHFURCFE8VUAF,gray,style_0
TSHFGZZ9KAYTVPFV,black,style_0
TSHFGFDPHRFV9PDT,purple,style_0
TSHFGH2XHKDXYYJW,gray,style_0
TSHFGZZA5V3VZCVB,brown,style_0
TSHFKQJQHYGBYMZS,white,style_0
TSHFGFDSYWECWQKW,purple,style_0
TSHFHFUQBDS9BQGG,brown,style_0
TSHFGZZ9CKZ3BQZH,gray,style_0
TSHFGFDNCQXNHWSD,brown,style_0
TSHFGFDZ8NWYNWZ8,purple,style_0
TSHFGZZ9WQHHNFGN,gray,style_0
TSHFGZZ9H2DBTWHG,gray,style_0
TSHFHFURKTFMVDBC,white,style_0
TSHFHFURCQM5UPYH,white,style_0
TSHFGZZAYEPSVJRA,white,style_0
TSHFGFDZ2PU4RXNJ,gray,style_0
TSHFGH2W8V4GZYRT,gray,style_0
TSHFDYRDGKHXY52Z,white,style_0
TSHFGFDN9AFH9GMF,brown,style_0
TSHFDHGSHKWYERQG,gray,style_0
TSHFGZZAZFQBZEHR,purple,style_0
TSHFGFDZWF9GEDGC,brown,style_0
TSHFGFDZ2EZCNDPP,gray,style_0
TSHFGZZAS7J3JTEQ,black,style_0
TSHFGFDZVZPMHSVF,purple,style_0
TSHFHFURTCPRWXV2,white,style_0
TSHFDHGDGXFFZKAH,white,style_0
TSHFGH2XP9DVVDP5,white,style_0
TSHFHFURZGDWA3DG,brown,style_0
TSHFHFUPGNCQZMSQ,gray,style_0
TSHFGH2YGVSR86GN,gray,style_0
TSHFHFURSWTGFHRV,black,style_0
TSHFGZZA8GBPBUVR,white,style_0
TSHFGH2X5DWQDVYE,brown,style_0
TSHFGFDZFWRQGPBW,brown,style_0
TSHFKQJRUVQC9N9H,purple,style_0
TSHFGH2W3HHTGRBM,gray,style_0
TSHFHFURGYYTKKZN,gray,style_0
TSHFHHY47MENQFEZ,gray,style_0
TSHFHHQFNCZRRWNH,black,style_0
TSHFGZZAVJBXZFNK,black,style_0
TSHFKG8EGGRD6WGB,gray,style_0
TSHFHFURT9CGUGSG,gray,style_0
TSHFHFUPHXFDNW6W,white,style_0
TSHFGFDZYPCBDM7G,purple,style_0
TSHFHFUR49VQKQKP,gray,style_0
TSHFHHXYJJ6PCMCG,gray,style_0
TSHFHFURRTZGZFYN,black,style_0
TSHFGFDZWJM2ZSEM,gray,style_0
TSHFGFDZPFXNWZRJ,white,style_0
TSHFGH2XXGEDSGPF,gray,style_0
TSHFGFDPSEKSPEYJ,purple,style_0
TSHFGH2ZDA5JZRDX,white,style_0
TSHFGH2ZY9FCFCZB,black,style_0
TSHFHFURMYBDPERT,gray,style_0
TSHFHFURKGBDFGJW,black,style_0
TSHFGH2XWYNGMWUD,gray,style_0
TSHFHFURMGUJMYXJ,gray,style_0
TSHFHFURGFNYZNNW,gray,style_0
TSHFKQJRNU2HJRHZ,brown,style_0
TSHFGFDRSQCCUGHD,gray,style_0
TSHFGH2Y9C9DZUQ6,white,style_0
TSHFGFDZFSKFKZMT,white,style_0
TSHFGH2Y8ZZQZGRP,gray,style_0
TSHFGZZAFPSG5FWD,brown,style_0
TSHFHFURGHVMWA4F,black,style_0
TSHFHFUREYHN6KZB,gray,style_0
TSHFHFURMAUMEN4R,brown,style_0
TSHFGH2W4ZT9DUME,gray,style_0
TSHFGH2YFCQPAXXH,gray,style_0
TSHFKG8FMFKXGWBH,gray,style_0
TSHFHFURTBZ5QJWH,brown,style_0
TSHFHHYFFYRHGNZK,gray,style_0
TSHFGH2XEXXP9CCB,white,style_0
TSHFKQJRDDGJJGT4,pink,style_0
TSHFKQJRJKFM6UGW,brown,style_0
TSHFHFUREGBDHD9S,brown,style_0
TSHFGZZAQFMCXUZ9,white,style_0
TSHFHFURBBNAHQRD,brown,style_0
TSHFGH2XABHZGG8K,black,style_0
TSHFHFURJSZQPPZH,white,style_0
TSHFKQJQXWZZ3BTR,brown,style_0
TSHFHHXV6FAHBYSJ,brown,style_0
TSHFHHYFYUDABZAV,white,style_0
TSHFKQJRGBNPYYYQ,gray,style_0
TSHFGH2YDHSEQGAE,brown,style_0
TSHFHHY4MBUPYAYB,white,style_0
TSHFKQJRDA6FPV7B,brown,style_0
TSHFGH2ZDBVQYUGF,white,style_0
TSHFKQJRZWJ5HCHF,gray,style_0
TSHFHFUQCPZCCHNZ,brown,style_0
TSHFHFUR8ECTCSH2,gray,style_0
TSHFHFUVBJ6BBMQY,gray,style_0
TSHFKQJRFGH2PVX4,purple,style_0
TSHFGH2YTVRP3UXD,gray,style_0
TSHFKQJRH8YFDJRF,white,style_0
TSHFHFUSGUC3TA4H,white,style_0
TSHFHFURR2BVKBWF,black,style_0
TSHFGFDRDPWFSXKM,black,style_0
TSHFGZZATNGHKU4P,black,style_0
TSHFKQJRBWAK3T8Y,gray,style_0
TSHFWTTXNXYGWVFY,gray,style_0
TSHFGH2YYNFHYFTW,brown,style_0
TSHFKQJQPHYJTYTG,gray,style_0
TSHFHHXUWTTDWNMN,white,style_0
TSHFHHY3QHHZXZFB,gray,style_0
TSHFKQJRPNDCZCTH,gray,style_0
TSHFHFURGRFFFEHN,gray,style_0
TSHFGH2YAMD9DRRN,gray,style_0
TSHFGH2XKRVVEU2V,gray,style_0
TSHFGFDZACJNGBUZ,gray,style_0
TSHFGFDPDB2ZJGZF,white,style_0
TSHFHJJ6YJDEDTAC,white,style_0
TSHFHFUSTH77YYEM,gray,style_0
TSHFHHYF3YURJGUG,gray,style_0
TSHFHFURKDA2J5U6,gray,style_0
TSHFHFURQGUNUCMU,brown,style_0
TSHFHFURT4T3CFUK,gray,style_0
TSHFHHY4FHR7V9UM,brown,style_0
TSHFHHY2FSEC6MQA,black,style_0
TSHFGH2WP6GWJFTD,white,style_0
TSHFKQJRABQQ5HJU,gray,style_0
TSHFGZZA4JBHMJYR,brown,style_0
TSHFGH2WKKVHCQVA,purple,style_0
TSHFHHXTSHHXEV5Z,gray,style_0
TSHFGZZAF7C5DSET,gray,style_0
TSHFHHXRKKN6DXSF,gray,style_0
TSHFGZZAKVGFRABF,gray,style_0
TSHFGH2XZHZBZFB7,white,style_0
TSHFHFURA4CZK8GV,black,style_0
TSHFGZZAZYHDSDQZ,gray,style_0
TSHFHHXQS7VCSYYA,black,style_0
TSHFHHY4RFVQ5ZMT,gray,style_0
TSHFGZZASVDZC5HA,brown,style_0
TSHFKQJRKYZMGHHQ,pink,style_0
TSHFHHXV7VHWGWZH,white,style_0
TSHFHHXW3GN6JZX9,brown,style_0
TSHFHHY7ZN5GFEC9,black,style_0
TSHFHFUREP9VZEGQ,brown,style_0
TSHFGH2YF5Y79D2Y,black,style_0
TSHFKQJRMFCPGCSH,pink,style_0
TSHFGH2YACXYUVAX,gray,style_0
TSHFGH2XY3SGG6B6,brown,style_0
TSHFGH2ZZXGHRPCB,purple,style_0
TSHFHHY4KFVP8KVB,brown,style_0
TSHFGZZAAPHGJ2XF,black,style_0
TSHFHHY4FHFEZCGG,white,style_0
TSHFHHY5RGZW5HEE,gray,style_0
TSHFHHXRGHPX6GRR,brown,style_0
TSHFHHXQEGQDY798,white,style_0
TSHFHHXRWTAAGXRM,gray,style_0
TSHFGFDZVEUWYCVT,gray,style_0
TSHFGH2Z3QHSQGXV,gray,style_0
TSHFHHY2ZCSH7MNB,white,style_0
TSHFHHY42ASQBFVY,gray,style_0
TSHFHHXUHW5HPCTR,brown,style_0
TSHFHFUR9CQEXWXT,gray,style_0
TSHFGH2ZSWJCNFJA,gray,style_0
TSHFHHXVP4BJ44ZG,gray,style_0
TSHFGZZABZRANNQD,gray,style_0
TSHFHHXS4FE3WSHE,white,style_0
TSHFGH2ZHBUWSGVN,brown,style_0
TSHFHHXUAQCJBWR8,white,style_0
TSHFHHY3YZBS9TZX,black,style_0
TSHFHHXVGMXZ5YCP,white,style_0
TSHFHHY2GFGKPJUK,gray,style_0
TSHFGH2YGZGYHFNZ,black,style_0
TSHFKQJRBKQEQTUF,gray,style_0
TSHFKQJR3QH3SR2D,gray,style_0
TSHFGH2YVE4UFVYP,brown,style_0
TSHFGZZAKTKEXCHD,black,style_0
TSHFGH2XFJQMGW9K,brown,style_0
TSHFHHXWAFJAHUYT,white,style_0
TSHFKQJRYPQ9YD4Q,pink,style_0
TSHFHHY2A6QMBHJ2,gray,style_0
TSHFHHXRARDGYQDK,white,style_0
TSHFHHXSNDGKKNGN,brown,style_0
TSHFGH2XYMEYSXQH,white,style_0
TSHFGZZ9XMZSRJDG,gray,style_0
TSHFKQJRDSCTUTZX,white,style_0
TSHFHHY2YSWWTF9N,brown,style_0
TSHFHHY4VVRWWFZ8,purple,style_0
TSHFGFDZQKZJUTYQ,gray,style_0
TSHFHHXUDEBXYPKU,gray,style_0
TSHFGH2XTNZFHENV,black,style_0
TSHFHHY2DQXYV2BY,white,style_0
TSHFGH3FUV7ARCVF,brown,style_0
TSHFGH2YMYXKKSTB,gray,style_0
TSHFKQJRHJPEDQZV,gray,style_0
TSHFHHQFUZATPTXW,white,style_0
TSHFGH2YF4X72ZVF,purple,style_0
TSHFGFDPGDFDWDPK,white,style_0
TSHFHFUR3UMYQUYY,white,style_0
TSHFHHY4G5YKGRFG,brown,style_0
TSHFGH2YTAPBNW3Q,purple,style_0
TSHFHHXQTWGC9YHB,black,style_0
TSHFKQJRBQQWXPTG,black,style_0
TSHFGH2ZTBZWQPU2,brown,style_0
TSHFHHY2SQCGWYWB,white,style_0
TSHFHHXSEAFHAVZV,white,style_0
TSHFHHQF97CAGSRG,black,style_0
TSHFGZZAWTHZCWSH,black,style_0
TSHFHHXNSKRVBBKH,gray,style_0
TSHFKQJR6FBHZYH2,gray,style_0
TSHFGH2Y5NQFYRHV,white,style_0
TSHFGH2X2KGTHCGB,black,style_0
TSHFHFURN5RDJKB3,black,style_0
TSHFHHXNSADBFREK,gray,style_0
TSHFGZZAUPEZHKRZ,black,style_0
TSHFHFURZFVMHZZC,gray,style_0
TSHFHFURZFVMHZZC,gray,style_0
TSHFGFDSYPFXYYKQ,gray,style_0
TSHFHFUQG27HMKBG,gray,style_0
TSHFGH2XCPXCPHWK,white,style_0
TSHFGZZAZPYFKTGA,gray,style_0
TSHFKQJRGBRAG59F,white,style_0
TSHFGH2YF9GPHWAD,black,style_0
TSHFHFURJQUAG8NS,white,style_0
TSHFHFUSMWTRPXHH,gray,style_0
TSHFHFURMJYZWR7R,white,style_0
TSHFGZZA6J93PCFV,gray,style_0
TSHFHFURNTRAQTZ7,gray,style_0
TSHFHHY7RJ77ZFVF,gray,style_0
TSHFGFDZFEKPMJM3,gray,style_0
TSHFKG8ER45WHPUF,pink,style_0
TSHFGZZANHH85NHS,brown,style_0
TSHFGFDZQXQHHJJE,gray,style_0
TSHFGFDPTCMYWGUT,gray,style_0
TSHFGH2YDRFUFEZF,white,style_0
TSHFGQS9K8JYDH99,gray,style_0
TSHFGH2ZNNETPNMG,brown,style_0
TSHFGFDZZGHHTYSU,gray,style_0
TSHFGFDR875BVPME,white,style_0
TSHFGFDZBRZVXAGV,gray,style_0
TSHFGZZAKEEVTWVM,gray,style_0
TSHFGH2XTYK7FRGY,black,style_0
TSHFHHY2KHHKM3HR,gray,style_0
TSHFGFDZPXZFFZHZ,purple,style_0
TSHFGH2YE4KNASDK,gray,style_0
TSHFGQSJWNDHYZQK,white,style_0
TSHFGH2ZEPCVJHHG,white,style_0
TSHFGH2XMHY8EHAR,gray,style_0
TSHFGH2WBTYYRMKG,gray,style_0
TSHFGFDZCHTETZUH,gray,style_0
TSHFGZZAX5WRZ2GS,gray,style_0
TSHFGFDZDSAH6NZC,gray,style_0
TSHFGFDZHCFRGHMT,white,style_0
TSHFGZZAXYQUTVMZ,gray,style_0
TSHFGZZAH8DFXDY7,black,style_0
TSHFGZZATFZJFYFP,black,style_0
TSHFHFURQ2BAPHQ9,gray,style_0
TSHFGZZ9NFKNGXKG,gray,style_0
TSHFGZZACHGUCEGY,black,style_0
TSHFDHGMHCNUQKNW,black,style_0
TSHFGH2WTG3B8SEY,black,style_0
TSHFGFDZFATC9ZPY,brown,style_0
TSHFGZZAV53X8MWG,black,style_0
TSHFGH2Z9Y3GXY7S,purple,style_0
TSHFGH2ZJZFUCNSY,white,style_0
TSHFGZZAY8Y8GX2K,brown,style_0
TSHFGH2XZRZHEK8Y,gray,style_0
TSHFGFDRHGAUNVHZ,purple,style_0
TSHFGH2XQKM7ZRAZ,gray,style_0
TSHFGH2XB4FMCPTU,gray,style_0
TSHFGZZAGXYEVMWF,gray,style_0
TSHFGH2XGWS32ZPX,white,style_0
TSHFGFDZKZVJZRCZ,brown,style_0
TSHFGFDSPURJBZDV,black,style_0
TSHFHFUSCTHUQ4KD,black,style_0
TSHFHFURJZFRPAUW,white,style_0
TSHFGFDQENMHURZ4,brown,style_0
TSHFGFDQUSPZNTTG,brown,style_0
TSHFGFDRDHSZETZM,brown,style_0
TSHFGZZAPQ3GK2GC,brown,style_0
TSHFGFDZH43GQZHW,white,style_0
TSHFHFUQYDTEUP9W,white,style_0
TSHFGZZCXXWPUXMD,gray,style_0
TSHFGFDQS9JCAKP2,white,style_0
TSHFGH2XKNHV6KMV,black,style_0
TSHFGH2WBA8H3YZZ,brown,style_0
TSHFGZZ9UMHGGUMK,gray,style_0
TSHFGH2XZNJYXUGG,white,style_0
TSHFGZZA6MNKY9M8,brown,style_0
TSHFGFDZWMMZTCAH,white,style_0
TSHFGZZAYANFY62N,brown,style_0
TSHFHFUSMA3QGYXQ,white,style_0
TSHFGZZAEBGTRKBK,gray,style_0
TSHFGFDPPZGVUGCH,brown,style_0
TSHFGH2X4WFF7HZJ,gray,style_0
TSHFGFDSPPXEVKHK,gray,style_0
TSHFGFDQRFFJAWXH,white,style_0
TSHFGH2Y7PRQUQZW,brown,style_0
TSHFGFDZFHVURSPD,white,style_0
TSHFGFDN8XUMKH28,brown,style_0
TSHFGH2Y5BZHZNYV,brown,style_0
TSHFGH3YG5XHCYKJ,brown,style_0
TSHFGH2YUYABZHX7,purple,style_0
TSHFGH2XGTGZEA52,gray,style_0
TSHFGZZATWF7A6VG,gray,style_0
TSHFGZZAZCB7ETHG,black,style_0
TSHFGH2ZWJREYX5G,brown,style_0
TSHFGH2XKGGA8ZH8,white,style_0
TSHFGZZAZYPQHWFY,black,style_0
TSHFHFUSRRRBG25A,white,style_0
TSHFGH2ZQBDHE5YF,gray,style_0
TSHFGZZAM3F9TKAH,gray,style_0
TSHFGH2YVWZW4ZPN,gray,style_0
TSHFGH2XFRPGP7FK,brown,style_0
TSHFGH2XFTAUZXNJ,white,style_0
TSHFGH2XHBJNXVSX,gray,style_0
TSHFGH2YQTGHSSJH,white,style_0
TSHFKQJRVQV3BQC8,pink,style_0
TSHFGH2X2VPG4XEP,gray,style_0
TSHFGFDNPNC8QTAY,white,style_0
TSHFHFURDD3SHHGX,brown,style_0
TSHFGFDZF6YGRNXV,white,style_0
TSHFGFDZY4PF2QQE,brown,style_0
TSHFGH2YQ47TRF4G,gray,style_0
TSHFGH2ZWTVDXJP8,brown,style_0
TSHFGZZAH768SSHN,white,style_0
TSHFGFDQC4ZGXPGN,black,style_0
TSHFGQSZFJDSCZ3K,brown,style_0
TSHFGFDSU38YK8SS,gray,style_0
TSHFGH2YW2SPGZZD,white,style_0
TSHFDHGRX6PAN57N,gray,style_0
TSHFHFUSFPBJYNKN,black,style_0
TSHFGFDNJ66CKAYE,brown,style_0
TSHFGH2YY2YU4K8X,white,style_0
TSHFGH2WYWCDDTRA,white,style_0
TSHFGH34GWRQYXZZ,purple,style_0
TSHFGH2XHSKYJBJY,gray,style_0
TSHFGFDZ7F5FVWS7,brown,style_0
TSHFGQRSEFG6NMGP,white,style_0
TSHFGFDN8H2WWMKQ,brown,style_0
TSHFGH2YXPK6JGZD,white,style_0
TSHFGQRHXYBUWRBQ,gray,style_0
TSHFKQJRF2MY3FVH,gray,style_0
TSHFGQRHMTZCHATU,black,style_0
TSHFHFUSCSNDHHPG,gray,style_0
TSHFGH2YYGJVZWNX,black,style_0
TSHFGH2XHX9MHCDH,gray,style_0
TSHFGH3FJWGXHHSV,white,style_0
TSHFGFDZYTZACKHT,white,style_0
TSHFGFDSTAUGR4PB,white,style_0
TSHFFAGEGXMTQTGV,brown,style_0
TSHFGFDQN6R28H9Z,white,style_0
TSHFEY8WSNZTGJXQ,brown,style_0
TSHFGFDZTWG4TVD9,brown,style_0
TSHFGZZA56CZPHXQ,gray,style_0
TSHFGQT4HMFFRAYW,white,style_0
TSHFGFDQDQDKFJVW,gray,style_0
TSHFGFDQEV9HSJJZ,white,style_0
TSHFGH3FPSGKYG28,black,style_0
TSHFGZZ9F5T8UG4G,gray,style_0
TSHFGH2WF4ZM2PQT,brown,style_0
TSHFHFUQUDP7FCQC,gray,style_0
TSHFGQRN5SNA9Y7U,gray,style_0
TSHFGH2Z9RAPHKN7,white,style_0
TSHFGH2ZVAFEVF4S,purple,style_0
TSHFGH2ZPKWNYHXT,gray,style_0
TSHFDHG9CC4VJEWC,black,style_0
TSHFGZZAYVZCEDDG,white,style_0
TSHFGQRB8JARRAZW,gray,style_0
TSHFGH2Y9ZBVRNHN,gray,style_0
TSHFDHGAKNMPAHFH,white,style_0
TSHFGQRZYF5QMETH,white,style_0
TSHFGH2XF9EBKBJA,purple,style_0
TSHFGZZCSZFAXVA4,gray,style_0
TSHFGZZ9JZPJEHYX,black,style_0
TSHFGQTMRBRVMPZF,gray,style_0
TSHFGQS23MWK8ZAC,gray,style_0
TSHFGZZASZ3JFKCB,white,style_0
TSHFEY8WPK7F3TG5,pink,style_0
TSHFGZZADVYSTKZK,black,style_0
TSHFGZZAGMZFV5MG,gray,style_0
TSHFMWPZCYZG3S5P,gray,style_0
TSHFGH2XPDQBFFQV,gray,style_0
TSHFGH2ZXVFSZHVZ,white,style_0
TSHFGZZ9PEG6YABN,black,style_0
TSHFGH3FGNXQR9SY,black,style_0
TSHFGH2XMGTBYJHA,brown,style_0
TSHFDHG9ZR8TBHHZ,gray,style_0
TSHFGQTMJXVYEP4A,brown,style_0
TSHFGQSZDJZWYXEH,brown,style_0
TSHFGQTYGWZCDGXH,white,style_0
TSHFGH2WNKTP3KGB,brown,style_0
TSHFGZZAQBQFYHG6,black,style_0
TSHFGH2YQFATTQ6P,black,style_0
TSHFKPF9W5HKJMD4,white,style_0
TSHFKPFATE4SH5JF,white,style_0
TSHFKPF9ENFJACPX,brown,style_0
TSHFMWPZSVQRGJE6,brown,style_0
TSHFKPF9HXNJ6FGU,white,style_0
TSHFHHQFEQT56GZP,black,style_0
TSHFHHQFQMK6GBST,black,style_0
TSHFEY8VNCVXM2FR,white,style_0
TSHFFAAP45BEGFZY,black,style_0
TSHFGQSE4FMMWBUM,brown,style_0
TSHFGQRRJVCQXUYG,black,style_0
TSHFGQRZCMZCKHMZ,gray,style_0
TSHFGQRHD5VMY5HX,black,style_0
TSHFGQSFX4QBBUBH,gray,style_0
TSHFGQRUKYPFSDWZ,gray,style_0
TSHFGQS8E5JWBZUV,gray,style_0
TSHFGRTBT2BKZEUA,gray,style_0
TSHFKG8FXTGR3F2G,brown,style_0
TSHFHFURCGVE8AHU,gray,style_0
TSHFGH2XJ9GN6KCT,brown,style_0
TSHFKG8FDPWKHEKY,gray,style_0
TSHFGQSQDUGGUWXS,gray,style_0
TSHFKPF9BHEBCH7F,white,style_0
TSHFGFDPDVRXU93G,brown,style_0
TSHFGQSFDNZAZQAE,gray,style_0
TSHFHFUR5BKHSG7N,white,style_0
TSHFHFUR8JGUYAZE,black,style_0
TSHFDHGGX5FWVBAV,gray,style_0
TSHFHFURD7JADY3Z,black,style_0
TSHFHHQFZR7AVUBW,brown,style_0
TSHFHFUR9PCZZ2GQ,white,style_0
TSHFGFDZZVGEGQBG,gray,style_0
TSHFKQJRA9TXD2NH,gray,style_0
TSHFHHXSWZ7NZSKY,brown,style_0
TSHFHFUR6REZMNSG,white,style_0
TSHFDHGK5GVW6TG5,white,style_0
TSHFDHGKC3HJWJUT,gray,style_0
TSHFGH2ZKSMEEQNH,brown,style_0
TSHFGH2YPRKAHHN2,gray,style_0
TSHFGRXJ2QWGWXFC,gray,style_0
TSHFJHKBTGYEQYEG,black,style_0
TSHFJHKBQKBVGXHN,black,style_0
TSHFJHKB6ZKKX2DF,black,style_0
TSHFJHKBFHCPHGYT,black,style_0
RNCETDF8F7K5HMP3,white,style_0
RNCETDF8ZVERHY5B,white,style_0
CAPFXHNZFCFYKWFF,pink,style_1
CAPFXSG3E2ZWHHMY,black,style_1
CAPFXG37RGZVAHZP,pink,style_1
CAPFXSFJNFJJUP6K,black,style_1
CAPFXG2Y6PGZDVTZ,pink,style_1
CAPFXEUJG8UHDZSZ,gray,style_1
CAPFZDXCPGRTZFYS,brown,style_1
CAPFZQ6AGGG78HER,white,style_1
CAPFXSFRWF5FCHUF,white,style_1
CAPFXJG4FHM7WFHQ,black,style_1
CAPFXEUBW92FFHUQ,white,style_1
GVEFB5NSHANY4Z6H,white,style_1
HATEZHPEXTFQWY8J,black,style_1
CAPFBCFQFTKQTZNT,white,style_0
CAPFBCFQMYHHXX4U,white,style_0
HATEZHPFUGDQTFHF,brown,style_1
HATEZHQQFACTZJP4,gray,style_1
HATEZMCYMGPRQWVK,brown,style_1
HATEZHQRHY8MFM7Z,gray,style_1
HATF2P7ZZK2FD4QN,gray,style_1
HATF2P7E5W4VRH3T,black,style_1
TKPFP3SYQHRPZKZS,white,style_1
PYJFX5SVGHKJ9UQN,white,style_1
CRGFZ5JFXBH4JZGX,white,style_1
TKPFP3T272K2B5T9,white,style_1
CRGFZ5JGB8AZNZXP,white,style_1
TKPFP4PMNTJH4Q9Q,white,style_1
TKPFP4PMZPSTGH6R,white,style_1
TROFZD7RPXDZGBGM,white,style_1
PYJFX5SSBZGHM2FU,white,style_1
TKPFP4PMTHFSUYTG,white,style_1
PYJFPZ5ZJJHHMCY9,white,style_1
PYJFP3TASZSPTGRK,white,style_1
PYJFX5SPDTCKQGUF,white,style_1
PYJFX5SUNQGAFZ96,white,style_1
PYJFX5SMJQ9WNUQA,white,style_1
PYJFX5SPGAF8E49C,black,style_1
TROFZD7DT2FCCJ4H,white,style_1
PYJFP3TAZKYPYTRY,white,style_1
PYJFP3TARHZKVXJM,black,style_1
TKPFP4PMUN3SYGFD,white,style_1
PYJFX5SHQRGNYD7G,white,style_1
TROFZEYCMFEZZ7PP,white,style_1
TKPFP4PMZBENPMZU,white,style_1
SRTFZ5JGRDBYRBKP,white,style_1
PYJFPYXUJXWYHHAD,black,style_1
SRTFZ5JFNJ4G4XYG,white,style_1
TKPFP5Z269XWZPA9,white,style_1
BRFFFYHUQGBFXZTG,black,style_1
BRFFFYHUE8DTXDGR,black,style_1
BRFFFQEQSSAGS3PE,black,style_1
BRFFFZ86QZGGBDSQ,pink,style_1
BRFFFYMJUBAYEVMH,white,style_1
VESFSZRZUBKSQWKZ,white,style_0
VESFUS5GWMWAE5FF,white,style_0
VESFSJ92YXMAJZFX,white,style_0
VESFSPJ3DFVPAHKG,white,style_0
VESFUQWHECZSQPPK,white,style_0
VESFUSCBKZRGBAKU,gray,style_0
TSHFV9YCYTZBB2DG,white,style_0
TSHFV8YMYVUTPDYB,white,style_0
VESFUQW7UWKFC8NM,white,style_0
VESFUS64XSUYPYGV,white,style_0
VESFSJ8VNSFRMNQ8,gray,style_0
VESFUS8FWCSY7MQJ,gray,style_0
VESFV7TCYZMYRWEZ,gray,style_0
VESFUQX7ZQHZFSAZ,white,style_0
VESFSPGXG3PQTB96,gray,style_0
PYJFZRBXRTSAKH4E,purple,style_1
TKPFZ3T8EPYZFQBT,purple,style_1
TKPFYURWE3GGHVDT,black,style_1
TKPFZ3HMUTG8ZMZX,black,style_1
TKPFZ3ZGSHDZZVHZ,gray,style_1
TKPFZ3NWP2RYBXEA,brown,style_1
TKPFZ3MFMFJZHYHP,black,style_1
PYJFZNFYSNSNABU9,gray,style_1
TKPFYZDSHM7GFEHS,brown,style_1
TKPFYZFBTHHHGVUC,gray,style_1
TKPFYZEAFCHQWFPZ,black,style_1
TKPFYTUEXCNQVK5S,black,style_1
TKPFZ3VYHZ6Q2HUZ,gray,style_1
TFHFZ5ZTRNS8TFR9,white,style_1
TFHFZ6YH5TVEDJPH,gray,style_1
TFHFZ5X7MQMWBNSN,white,style_1
TFHFZ5Y6WSTPESUG,white,style_1
TFHFZ5XSYWPYB3BQ,white,style_1
TFHFZ5YP9GB2YUUW,white,style_1
SRTFZ982TPYZKHJC,white,style_1
PYJFZRBXVNZTR96N,purple,style_1
PYJFZRB2HCRKNZYG,brown,style_1
JEAFH5H7ZNHRZQBJ,white,style_1
JEAFHGM7THAZZGHB,white,style_1
TRKFTPC3HX5M4TTY,white,style_1
TRKFTPC3XCKZ4GR9,brown,style_1
TRKFTPC3FZUJJY5D,brown,style_1
BRFFTZCHPSNE3KAD,pink,style_1
TRKFTPC3PFKFDCXU,pink,style_1
TRKFTQASHECN5XD4,pink,style_1
TRKFTPC3YGGQW4WK,white,style_1
TRKFTPC3KGB9VZFG,pink,style_1
TRKFTPC3HGFTNDFC,white,style_1
BRFFTZCD7HAR5SZA,pink,style_1
TRKFTPC3X3RUMZGG,white,style_1
TRKFTPC3WHH2T4RZ,white,style_1
BRFFTZCFM6G5WZYF,pink,style_1
TRKFTPC374PCBPCG,pink,style_1
TRKFTPC3HZYUD5MM,white,style_1
BRFFTZCGHGYPAVBW,pink,style_1
BRFFTZCEHFBXCFWU,white,style_1
TRKFTPC397RGHCVQ,pink,style_1
TRKFTPC3FTHPG7QW,white,style_1
TRKFTPC33GRZWTYG,pink,style_1
TSHFVHYZHXCHRCMN,white,style_0
TSHFVHCZE4QVH8BQ,white,style_0
SWSFVN99TACJS4Z3,gray,style_0
SWSFVNB8HRBSY6E3,gray,style_0
TSHFVJ2XBNQ5VSNM,gray,style_0
SWSFVN9R3E9HZZHC,black,style_0
TSHFVHGUGHPHQGPQ,gray,style_0
SWSFVNAYAGBGKAPZ,gray,style_0
TSHFVJ45N35AS5GT,gray,style_0
TSHFVJ4YWMQ6MFEH,gray,style_0
SWSFVN99FH2WKRFD,gray,style_0
TSHFVHYZGGSTRHTP,pink,style_0
SWSFVPH8XBU7STXU,gray,style_0
TSHFVHCMFCJFK48A,white,style_0
TSHFVJ3MRWHGYJH6,gray,style_0
TSHFVHYZYUG6FXYB,white,style_0
TSHFVJ3G2PHDYZMD,gray,style_0
TSHFVHCN5FSPBWJB,gray,style_0
SWSFVNAZJ2TCRPFG,gray,style_0
TSHFVJ2XS2ZFKFJ3,black,style_0
TSHFVHCMJKUYV5E5,gray,style_0
TSHFVJ424EVQPNYC,gray,style_0
SWSFVN97RCSGADGS,gray,style_0
TROFVPGFAJBGSCHK,brown,style_1
TSHFVJ3MQZDXH4ZR,white,style_0
TSHFVHCNUNCB8EHP,pink,style_0
TSHFVHCZE4QVH8BQ,white,style_0
TSHFVK5QYZCXDRPZ,pink,style_0
TSHFVHYZHXCHRCMN,white,style_0
SWSFVN9JGHHCGDDS,gray,style_0
TSHFVHCZNGFWK6Y7,gray,style_0
TSHFVJ4FVFYFPWPU,white,style_0
SWSFVN99Z94ZPZHF,black,style_0
TSHFVJ45VWQDPUNG,gray,style_0
TSHFVJ2RHJBTHFQ6,gray,style_0
TSHFVHG8Q2AFW5HS,white,style_0
TSHFVJ4FWGSX99GS,gray,style_0
TSHFVHYZFJB2EDXH,white,style_0
TSHFVHYZGF8VDRM7,white,style_0
TSHFVJ45N35AS5GT,gray,style_0
TSHFVJ4FURNJCHSY,gray,style_0
SWSFVN98AFCFMHPH,gray,style_0
TSHFVHBWHDJFE2YC,gray,style_0
TKPFW9MQX9SVHMFT,white,style_1
TSHFVHCNHHUX9XB3,gray,style_0
TSHFVJ45DK3HVFTR,gray,style_0
TSHFVJ3HHMWFXHFQ,gray,style_0
TSHFVHYZGGSTRHTP,pink,style_0
TKPFW9MQ3YAVRYF4,white,style_1
TSHFVJ44HWHFT5HT,black,style_0
TSHFVHYZHXCHRCMN,white,style_0
TKPFW9MQQWXUKGFR,white,style_1
TKPFW9MVUWWVZ5UZ,white,style_1
TSHFVK5RPCKGGY3J,pink,style_0
TSHFVHG8Q2AFW5HS,white,style_0
TSHFVHGCXQNPENJB,gray,style_0
TSHFVHKZNYBZZTP4,gray,style_0
TKPFW9MQDZMWJWFF,white,style_1
TSHFVJ45N35AS5GT,gray,style_0
TSHFVJ42KVE3A3ZG,gray,style_0
TSHFVHCZE4QVH8BQ,white,style_0
TSHFVK5RAHYRJJHS,white,style_0
TSHFVJ3ZEDDRDNNG,gray,style_0
TSHFVJ3PHRMZJXJB,pink,style_0
TSHFVJ42FVT9HYGU,gray,style_0
TSHFVJ43SWFPBTXA,gray,style_0
TSHFVJ42JZBMZHDT,gray,style_0
TSHFVJ43XJ7RWY7B,black,style_0
TSHFVHYZHXCHRCMN,white,style_0
TSHFVHCNHHUX9XB3,gray,style_0
TSHFVJ3TGUE5A83K,gray,style_0
TSHFVJ3PVYE7EKYK,white,style_0
TSHFVHG8Q2AFW5HS,white,style_0
SWSFVPHA35WDZ3WF,gray,style_0
SWSFVN98G4YMZ8VP,gray,style_0
SWSFVNANMSPEGTWS,gray,style_0
SWSFVN9AAQW5GUPZ,gray,style_0
TSHFVJ45N35AS5GT,gray,style_0
TSHFVHCZE4QVH8BQ,white,style_0
TSHFVHKQ8YYE8AZY,gray,style_0
TSHFUTGJGJGHYKVG,gray,style_0
TSHFUTGBAM34B9ZW,gray,style_0
TSHFUTFQYXZENTVH,gray,style_0
TSHFVHG8UTPDEN8B,gray,style_0
TSHFVHYZHXCHRCMN,white,style_0
TSHFVHYZ3MZHHFNU,white,style_0
TSHFVX7M8YYWSHHB,gray,style_0
TSHFVHG8Q2AFW5HS,white,style_0
TSHFVJ45N35AS5GT,gray,style_0
TSHFVJ42ZXEJBH8G,gray,style_0
TSHFVHCZE4QVH8BQ,white,style_0
TSHFVHKQHHHMHJJP,gray,style_0
TSHFVHYZHXCHRCMN,white,style_0
TSHFVHYZXADXFEFC,white,style_0
TSHFVHBRQCYNGCGZ,gray,style_0
TSHFVJ3PKFZKWPWK,gray,style_0
TSHFVHG8Q2AFW5HS,white,style_0
TSHFVHGF6FGS2BWX,gray,style_0
TSHFVHYZYNH9GBWC,white,style_0
TSHFVJ45N35AS5GT,gray,style_0
TSHFVJ454ZZTYA6J,gray,style_0
TSHFVHCZE4QVH8BQ,white,style_0
TSHFVJ42YNYTZH2X,gray,style_0
TSHFVX7ZG7TWC2MY,gray,style_0
TSHFUTG2TZSYDWTP,gray,style_0
TSHFVHCHMDDY36H6,gray,style_0
SHTFVNARSYMBMGV8,gray,style_0
TSHFVK5RUZPUNQ3Q,pink,style_0
TSHFVHGCP3G245DS,gray,style_0
SHTFVGSEJYPJ8HYX,white,style_0
TSHFVHYZHXCHRCMN,white,style_0
SHTFVGSEXDTEZRH4,white,style_0
TSHFVHYZXFVDA5DZ,white,style_0
TSHFVX7ZFNFEMHUG,gray,style_0
TSHFVK5QJY7MUMJU,white,style_0
TSHFVHG8Q2AFW5HS,white,style_0
SHTFVGSE7YBCVHYA,white,style_0
TSHFVJ42GGPFUHFM,gray,style_0
TSHFVHYZSMPDBUPG,white,style_0
TSHFVJ45N35AS5GT,gray,style_0
SHTFWD49KKZBBGGS,pink,style_0
SHTFVNB45HDZZNSU,black,style_0
TSHFVHCZE4QVH8BQ,white,style_0
SHTFWD49GF2EA3UN,white,style_0
TSHFVPGYVZJBN8ZS,gray,style_0
TSHFVJ42EGBFQBFF,gray,style_0
TSHFVHBTJ52DAFZ4,gray,style_0
TSHFVHCM2XUEJZ6V,white,style_0
TSHFVJ4FVZGHWWKS,gray,style_0
TSHFVJ3ME3HZEH4U,gray,style_0
SHTFVGSEXEGDSVXE,white,style_0
TSHFVHCNDMTZR7BG,gray,style_0
TSHFVHYZHXCHRCMN,white,style_0
TSHFVHCH7XENNGYG,white,style_0
TSHFVJ43HVZYFCFV,gray,style_0
TSHFVJ3ZPFPDZREU,gray,style_0
TSHFVHG8Q2AFW5HS,white,style_0
TSHFVHBPHKHWYTWH,black,style_0
TSHFVJ4462GRSQHZ,gray,style_0
TSHFVJ45N35AS5GT,gray,style_0
SHTFVGSFSMEGVAYX,white,style_1
TSHFVJ3RVGSWKVRJ,gray,style_0
TSHFVJ44QJXZZHDA,gray,style_0
TSHFVHCZE4QVH8BQ,white,style_0
TSHFVJ43GWFCMZHN,gray,style_0
TSHFVJ3M5XGV7H6U,gray,style_0
TSHFVJ3MK8UBK39F,gray,style_0
TSHFVJ4YBGFNZBHE,white,style_0
TSHFVJ42ABYJFBY9,purple,style_0
TSHFVHYZ3RMVQHB2,white,style_0
TSHFVJ4FRYGGXFNW,gray,style_0
TSHFVJ4FDH5E4WUW,gray,style_0
SHTFVGSBYAGNPMSQ,white,style_0
TSHFVX78Y48PJEYK,gray,style_0
SHTFWD49NAEY4MD8,pink,style_0
TSHFVHGH9N4E5GFA,gray,style_0
SHTFVGS9YGFGAAUK,white,style_0
TSHFVHG8VDU3YEDZ,gray,style_0
SHTFVGSCTGQFDR83,white,style_0
TSHFVJ4FYUJZBQT8,white,style_0
TSHFVHYZHXCHRCMN,white,style_0
SHTFVGSEKHDGUBQ7,white,style_0
SHTFVGSBPUYUN7DE,white,style_0
SHTFVN9G3QFUXYQV,pink,style_0
TSHFVJ3YETWVNM5Z,black,style_0
SHTFVGSFPSXJY56F,white,style_0
TSHFVHG8Q2AFW5HS,white,style_0
SHTFVGSFGVWZ7ZDB,white,style_0
TSHFVJ42KBSTXUWP,gray,style_0
TSHFVJ43WPKTYV9D,gray,style_0
SHTFVGSF2THNCQRH,white,style_0
TSHFVJ45N35AS5GT,gray,style_0
SHTFVGSEEY37C7XD,white,style_0
TSHFVHCZE4QVH8BQ,white,style_0
SWSFVNB4WGDJGXRU,gray,style_0
TSHFVJ42MFD5HE8F,gray,style_0
TSHFVJ42YJVPSETA,gray,style_0
TSHFVJ2PZGUPKGBK,gray,style_0
TSHFVJ2HAXCHXPFQ,gray,style_0
SHTFVGSFKGFVHZGW,white,style_1
TSHFVHKQDPXMUGJY,gray,style_0
TSHFVHKQR9ZQCTEY,gray,style_0
TSHFVHYZHXCHRCMN,white,style_0
TSHFVHKQZ59NGQQN,gray,style_0
TSHFVJ4FZXMG3HPJ,purple,style_0
TSHFVJ42FHZNYFWW,gray,style_0
TSHFVHG8Q2AFW5HS,white,style_0
TSHFVJ3ZF32K8GZY,gray,style_0
TSHFVJ42XKRGHSJT,gray,style_0
TSHFVJ45N35AS5GT,gray,style_0
TSHFVHCHJHAVHSGP,gray,style_0
SHTFVGSFBEUTZJBF,white,style_0
TSHFVJ3NSFM3ZVGA,gray,style_0
TSHFVHCZE4QVH8BQ,white,style_0
TSHFVJ3PHGCFVHHR,white,style_0
TSHFVJ3R2SPXCFAW,gray,style_0
TSHFVJ3GDR25FCDP,gray,style_0
TSHFVHCNV82JDHGZ,gray,style_0
TSHFVJ44SN3PARAN,gray,style_0
TSHFVJ3GGFHVDYKB,white,style_0
TSHFVHBSPFDYZRNS,gray,style_0
TSHFVJ4FKSHHFZFM,white,style_0
TSHFVJ3YBZGQXJPS,purple,style_0
JEAFVN95DF6FQHPC,white,style_1
TSHFVHYZHXCHRCMN,white,style_0
TSHFYCYUH6GWSAQB,brown,style_0
TSHFVK5QKXXUMP9B,white,style_0
TSHFVHCMFHYBXJHX,gray,style_0
TSHFVHGFTTEJQPAC,gray,style_0
TSHFVHGFYYPQTAXF,gray,style_0
TSHFVHGFQJ4CZH9Z,gray,style_0
TSHFVHG8Q2AFW5HS,white,style_0
TSHFVHGFCQHMMQ68,gray,style_0
TSHFVPG4AZE8KXMY,gray,style_0
TSHFVHBS9GVM9JU4,gray,style_0
TSHFVJ45YPQAZDVU,gray,style_0
TSHFVJ4Y9ZUBZRGY,gray,style_0
TSHFVJ45N35AS5GT,gray,style_0
TSHFVJ3MDQNVWEGH,gray,style_0
TSHFVJ3MGYAMEGDJ,purple,style_0
TSHFVHCZE4QVH8BQ,white,style_0
TSHFVJ2XUFZG8RCJ,gray,style_0
TSHFVPG3SMQBTP7Z,gray,style_0
TSHFVJ3N3KDPKGDZ,gray,style_0
TSHFVHCH4FDDVBAA,gray,style_0
TSHFVHYZHXCHRCMN,white,style_0
TSHFVHYZHXCHRCMN,white,style_0
TSHFVHYZHXCHRCMN,white,style_0
TSHFVHYZHXCHRCMN,white,style_0
TSHFVHYZHXCHRCMN,white,style_0
TSHFVHYZHXCHRCMN,white,style_0
TSHFVHYZHXCHRCMN,white,style_0
TSHFVHYZHXCHRCMN,white,style_0
TSHFVHYZHXCHRCMN,white,style_0
TSHFVHYZHXCHRCMN,white,style_0
TSHFVHYZHXCHRCMN,white,style_0
TSHFVHYZHXCHRCMN,white,style_0
TSHFVHYZHXCHRCMN,white,style_0
TSHFVHYZHXCHRCMN,white,style_0
SHTFZUPF3DYCFHER,pink,style_0
SHTFZUPXFCBUDDBH,pink,style_0
SHTFZUQMGN7ZZAHH,gray,style_0
JEAFA4TYCK4GDVUQ,white,style_1
JEAEATYDPNDUZTUP,white,style_1
JEAFA4SY3KEC2K5C,white,style_1
JEAFA4TFEYEKFXQU,white,style_1
JEAEP6UJH9G97FWH,white,style_1
JEAFA4SFG7XTFWZJ,white,style_1
JEAFA4SYZYJMHH4G,white,style_1
JEAEP6UGYYJGT7YJ,white,style_1
JEAEP6UG4Y6NT7H5,white,style_1
JEAEP6UEYXRQUYSX,white,style_1
JEAFA4TZZNPASB34,white,style_1
JEAFA4SFYPTHFKBE,white,style_1
JEAEP6U7UTPGV6YG,white,style_1
TROEATNWHJKYH9ZT,gray,style_1
JEAEP6UEGX4JGFCK,white,style_1
JEAFA4TFK8FZYYXR,white,style_1
JEAFA4TYNUR9SENG,white,style_1
TROEATNWDZXAEPZ8,gray,style_1
TROEATNWY6YFWEXU,black,style_1
TROEFF7FUSYRUCVD,white,style_1
TROEHCJR4HHPVFZM,white,style_1
JEAFA4TFVHZMTFDB,white,style_1
TROEHCJJKWGGJPSH,white,style_1
JEAFA4SYACTWAMKH,white,style_1
JEAFA76SE5ZGG5ZP,white,style_1
JEAFA76S7ZEVHFUR,white,style_1
JEAEP6UK5QMEQQBK,black,style_1
JEAFA76SX7HMYMZX,white,style_0
JEAFA4SYBFZNEFZJ,white,style_1
JEAFEMKTNVJBW39N,white,style_1
JEAFA4TFHUYE9YFX,white,style_1
JEAFA4SFGNWJAQNZ,white,style_1
JEAFA4SFQBGPHMRZ,white,style_1
JEAFA76SBGAZ3AQZ,white,style_0
TROEATNWZPDHCCDN,white,style_1
JEAFA4TFK4U7CQPP,white,style_1
JEAFA4SF5HXQGHE5,gray,style_1
JEAEP6UJTY9VHVMU,white,style_1
JEAEP6UJAPYKJPP8,white,style_1
TROEATNXNHGAYHWX,gray,style_1
JEAEP6UMGQHDZN2Z,white,style_1
JEAFA4TFMYM7XNMG,white,style_1
TROEFF7HZUJDSZYK,white,style_1
TROFEQPUT59QKTKW,white,style_1
JEAFA4SFW2NRJHJK,white,style_1
JEAFA4SYH3RY4FCQ,white,style_1
TROEATV6KVMGYYAF,gray,style_1
JEAFA76SFHFKVTVX,white,style_1
CRGFENCYZHHAK6PG,white,style_1
TROEATNWTHHGWSHH,white,style_1
TROEATNW9RGCNMUH,white,style_1
TROEATNWGZ5CKZGZ,white,style_1
JEAFA76SPEDSFKKW,white,style_1
TROEATNWVJYWYAB2,black,style_1
TROEATNWHJJFVQ6Y,white,style_1
TROEHCJTG8FYG6J7,white,style_1
TROEATV6ZQZH88YJ,white,style_1
JEAFA4SYPCWFPEMW,white,style_1
TROEFF7G8B5WF3X5,black,style_1
JEAFEMKTZRFQFHQJ,white,style_1
TROFEQPUZ3MWMZE3,white,style_1
SHTFENBEHZZUCAM7,white,style_0
SHTFEQPQ5MRGQHXT,pink,style_0
TSHFWCPH58HTE4FT,white,style_0
TSHFWJZEBEGPHCTH,white,style_0
TSHFWAWKMVHVWC5P,pink,style_0
TSHFWBWEXX3N9FHZ,gray,style_0
TSHFWJZEH8ERSCHN,white,style_0
TSHFWAWKHFZDGSVX,brown,style_0
TSHFWBWEDVTTGYFG,black,style_0
TSHFWJZEZYHJFJQU,white,style_0
TSHFGPZ2HVZDWUHQ,white,style_0
TSHFWJZEEUGVR2GC,brown,style_0
TSHFWCPH49MZVNYM,white,style_0
TSHFWJZENAT4XRHJ,white,style_0
TSHFWCPH3K9Q9PGX,white,style_0
TSHFWJZEHUJGGUVV,white,style_0
TSHFWYW6RX8HP9YN,gray,style_0
TSHFWJZERKWXDF6R,white,style_0
TSHFWJZEVGQPDYZH,white,style_0
TSHFWJZEBYGWUK6P,white,style_0
TSHFWCPHZEAZXY9K,white,style_0
TSHFWCPHY7FJ4RHU,white,style_0
TSHFWJZEYSSJH2MC,white,style_0
TSHFWCPHXDAHAHZZ,white,style_0
TSHFWAWKZ89QFZSQ,pink,style_0
TSHFWJZEMZTBCSJN,white,style_0
SWSE8FYZA7YUHA7C,black,style_0
TSHFWCPHG3ZSARY3,white,style_0
TSHFWBWERWBHYYJG,pink,style_0
TSHFWJZEGU7QFZMA,orange,style_0
TSHFWCPHNFFZAWHB,white,style_0
TSHFWAWKHA7VEBDW,black,style_0
TSHFWCPHQB3FFQYV,white,style_0
TSHFWCPHNECZFJ2E,white,style_0
SWSE8FYZQCRNM2KY,brown,style_0
SWSEACCKUJBQJEFT,black,style_0
TSHFWAWKRWEDMYJ8,pink,style_0
TSHFHUSFGYYARGZJ,white,style_0
SWSFWGQFKZ5HPGHH,black,style_0
SWSF98J2YWEHGWSN,brown,style_0
SWSF98J2EUXYTUSP,black,style_0
SWSFY4HPTTBCZZAJ,gray,style_0
TSHEAWATFG483XRQ,orange,style_0
TSHFWJZEZYHJFJQU,white,style_0
TSHFWBWECMBZ9D8A,black,style_0
SWSE8FYZMDFNNTHH,brown,style_0
JCKF8HYRRVBFWXDZ,black,style_0
SWSFWJCURMQPGSFH,black,style_0
TSHFWJZENAT4XRHJ,white,style_0
TSHEGGRBTBHKCYBH,black,style_0
TSHFWBWESMCTBUKC,black,style_0
SWSEAZ87DAXCXG2F,black,style_0
TSHFWBWEDVTTGYFG,black,style_0
TSHFGXFAFHZTW8DJ,brown,style_0
SWSE8FYZT6DFZENA,brown,style_0
TSHFWBWEGZEDCABK,brown,style_0
SWSE8FYZQXR52M45,pink,style_0
TSHFW6HDZRVJJRRZ,gray,style_0
TSHFWCPH58HTE4FT,white,style_0
TSHFWCPH3K9Q9PGX,white,style_0
TSHFWCPHCSTTHNZR,white,style_0
TSHFWYW68HXUBHZS,gray,style_0
TSHFWCPHUTJUFZ5H,white,style_0
SWSE8FYZKKYZSHH7,pink,style_0
SWSE8FYZHZTZVY3G,white,style_0
SWSF97PC97S6ZTZZ,white,style_0
SWSFY4HZYDYZEJ9X,brown,style_0
TSHEGGR7QDXYPWNB,orange,style_0
TSHFWCPHZSFTENKX,white,style_0
TSHFWBWEQMAJDPAT,pink,style_0
TSHFWJZEHUJGGUVV,white,style_0
TSHEGGRBKHMGYQDR,white,style_0
TSHFHUSBHQKAFGTP,black,style_0
SWSFWGQFVYQGAFYG,black,style_0
TSHFWCPHQB3FFQYV,white,style_0
SWSE8FYZSATFYBG7,white,style_0
SWSE8FYZKDEHN7Y5,black,style_0
TSHFWAWKG67G9FUX,pink,style_0
TSHFWJZEZYHJFJQU,white,style_0
TSHFWAWKKGYZSNHU,black,style_0
TSHFWJZENAT4XRHJ,white,style_0
TSHFWJZEGU7QFZMA,orange,style_0
SWSEAZ88ZM9FQH6F,pink,style_0
TSHFWBWEDVTTGYFG,black,style_0
TSHEGGR7MAVGW9J6,white,style_0
SWSEAZ87FHGSEG8U,brown,style_0
JCKEESZCGWFFNC8J,black,style_0
TSHFWJZESHNWDPNZ,gray,style_0
SWSFY65JKU5HCUSH,brown,style_0
TSHFWCPH58HTE4FT,white,style_0
SWSE8FYZ9GVGJCHF,brown,style_0
TSHEGGRBCQRNQ65F,white,style_0
TSHEGGR7AGF3ZFNU,white,style_0
TSHFWCPHUTJUFZ5H,white,style_0
TSHFWJZEJMHYGR3D,black,style_0
SWSFY5H9CWME9HHH,black,style_0
TSHFWCPH77RAYAFF,white,style_0
TSHFWJZEBDVGESQH,white,style_0
TSHFWCPHQB3FFQYV,white,style_0
TSHFWCPH6ZH6X8EK,white,style_0
TSHEHDC5GFPVJQHR,gray,style_0
TSHFWJZEHUJGGUVV,white,style_0
TSHFWCPHW85DNJFF,white,style_0
TSHFWCPHGD3PFBF7,white,style_0
TSHEGHHYE2MPGGUS,brown,style_0
TSHFWCPH3K9Q9PGX,white,style_0
TSHFGXFANXXQPNSQ,black,style_0
TSHFWCPHK7J5H2UU,white,style_0
TSHFWBWEDVTTGYFG,black,style_0
SWSF97PBHTHTPATY,pink,style_0
TSHFGXFAZYZ7KYWR,gray,style_0
TSHFGXFAUUMYCA2R,pink,style_0
TSHFWJZEZYHJFJQU,white,style_0
TSHFWCPHJXZHYPNP,white,style_0
TSHFWJZENAT4XRHJ,white,style_0
TSHFW6HDZGKPGFES,gray,style_0
TSHFWBWEV3J285KG,purple,style_0
TSHFGXFAKYGFGEVM,black,style_0
TSHFWBWEZHVQEHYZ,black,style_0
TSHFWCPH58HTE4FT,white,style_0
TSHEHDBVACKY7UWF,white,style_0
TSHFWCPHUTJUFZ5H,white,style_0
TSHFW6HDNUBVF2WG,gray,style_0
TSHFWAWKK2GNAQJA,brown,style_0
TSHFWCPHVBZRCCYQ,white,style_0
TSHFWCPHQB3FFQYV,white,style_0
TSHFWJZEBEGPHCTH,white,style_0
SWSFWGQFFFUQNAHD,black,style_0
TSHFW6HDXGGNXSYG,gray,style_0
TSHFWAWKUBZ9DQMX,pink,style_0
TSHFWBWEGVAUJZMK,gray,style_0
TSHFWCPHZSFTENKX,white,style_0
TSHEGHGENWAEJ3JV,pink,style_0
SWSFWGQFGY8GP7HZ,pink,style_0
SWSFWJCUWZD42RVV,black,style_0
TSHFWBWEDVTTGYFG,black,style_0
TSHEAT34MXHGEVHZ,white,style_0
SWSFY4ZTY3GJYWZP,black,style_0
TSHEGGRARM7HJHHP,white,style_0
TSHEGGR76B8X7GXB,brown,style_0
JCKF8HYRHGJZJGGN,black,style_0
TSHFWJZEZYHJFJQU,white,style_0
SWSFY4HN2BKKWUDF,pink,style_0
TSHEAZP7P2BN47T7,gray,style_0
TSHFWJZENAT4XRHJ,white,style_0
TSHEHDBVRZH6SGH5,black,style_0
TSHFWCPHNECZFJ2E,white,style_0
TSHEGGR7NYHGSDGK,pink,style_0
TSHFWCPH58HTE4FT,white,style_0
TSHEGGRBDTDBUEWB,white,style_0
TSHEGGR7ETCJ5HDR,black,style_0
TSHFWCPHUTJUFZ5H,white,style_0
TSHEGGRAGZ6M7ZXT,gray,style_0
TSHFWCPHZSWGYXGA,white,style_0
SWSFWGQFVXJGSY4E,black,style_0
TSHFWJZEHUJGGUVV,white,style_0
TSHEGJSEW2J6X7XA,brown,style_0
TSHEANKU8EXFYQME,black,style_0
TSHE8YUHVYHHRGWQ,brown,style_0
TSHFWCPH3K9Q9PGX,white,style_0
TSHEGGR7MGTFHW9K,black,style_0
TSHEAXHXEK7HS3Z5,gray,style_0
TSHEANKUTX7DQZJA,pink,style_0
TSHFWCPHQB3FFQYV,white,style_0
TSHEAZDURJVTYZTU,black,style_0
TSHEANKUQ3YFG5AW,black,style_0
TSHEGHFPHEWFHXNR,brown,style_0
TSHFWJZEZYHJFJQU,white,style_0
TSHEGHG2YWG7TZJQ,white,style_0
SWSFY4GFZERYQHYY,pink,style_0
TSHFWJZENAT4XRHJ,white,style_0
TSHFWBWEDVTTGYFG,black,style_0
TSHFWCPHA8JF4HDV,white,style_0
TSHEGHG65MQWR2GF,white,style_0
TSHFWCPH58HTE4FT,white,style_0
TSHEANHYKHUEZBV6,gray,style_0
TSHEGHGHJTJG5ZF8,white,style_0
TSHFWCPHUTJUFZ5H,white,style_0
TSHEAWASKVPCM8UH,brown,style_0
TSHFWCPHQB3FFQYV,white,style_0
TSHFWJZEHUJGGUVV,white,style_0
TSHFWCPH3K9Q9PGX,white,style_0
TSHFWCPHZEAZXY9K,white,style_0
TSHFWJZEZYHJFJQU,white,style_0
TSHFWJZENAT4XRHJ,white,style_0
TSHFWBWEDVTTGYFG,black,style_0
TSHFWBWEDVTTGYFG,black,style_0
TSHFWBWEDVTTGYFG,black,style_0
TSHFWJZEZYHJFJQU,white,style_0
TSHFWJZEZYHJFJQU,white,style_0
TSHFWJZEZYHJFJQU,white,style_0
TSHFWJZEZYHJFJQU,white,style_0
TSHFWBWEDVTTGYFG,black,style_0
TSHFWJZEZYHJFJQU,white,style_0
TSHFWBWEDVTTGYFG,black,style_0
TSHFWBWEDVTTGYFG,black,style_0
TSHFWBWEDVTTGYFG,black,style_0
TSHFWBWEDVTTGYFG,black,style_0
TSHFWBWEDVTTGYFG,black,style_0
TSHFWJZEZYHJFJQU,white,style_0
SWSFWCYCQ8HGHFGG,white,style_0
SWSFWCYCVFVAESWA,white,style_0
TSHFZ3QZXJZF9CGP,black,style_0
TSHFZFJHXWBV9F5B,white,style_0
TSHFZFJHCXDUZUHF,white,style_0
TSHFZFJHTVF5UKHE,white,style_0
TSHFZFMFF2YQHQHK,black,style_0
TSHFZFMFPDCRYPHW,black,style_0
TSHFZFJHTRZQXEX4,black,style_0
TSHFZH6YQ2KMVZXZ,white,style_0
TSHFZFMFZNAC8TSB,black,style_0
TSHFZFMFZY9PSQ4G,white,style_0
TSHFZNXMZHRH42XW,white,style_0
TSHFZNXMQ3JUJM6R,orange,style_0
TSHFZNXMRN662RZK,black,style_0
TSHFZNRGEEZZ6BBF,brown,style_0
TSHFZNRGMNMMSSWU,orange,style_0
TSHFZNRGHYZDXDM4,white,style_0
TSHFZNRGWD9KAQ97,white,style_0
TSHFZNXMPZA5YAET,orange,style_0
DHTFHJYJNGNYJWKN,pink,style_1
DHTFHX74SBCYFSYM,gray,style_1
DHTFHX74AXCZKVZG,pink,style_1
TKPFGFTFMFFU4CZA,white,style_1
TKPFGFTMRXWJJM4V,white,style_1
TKPFGFTMV2P2MEEM,white,style_1
TKPFGFTHHPZHRXDH,white,style_1
TKPFGFTHC79KQC6Z,white,style_1
TKPFGFTMGZU3ZFWJ,white,style_1
TKPFGFTMBZTFPF4D,white,style_1
TKPFGFTHZQ9GKMMQ,white,style_1
TKPFGFTHHB9NYC9Y,white,style_1
TKPFGFTJAXY6QNWZ,white,style_1
TKPFGFTFNY9TF3GN,white,style_1
TKPFGFTJSKEHM9GZ,white,style_1
VESFGYF5YNZFBXGN,pink,style_0
VESFGYF5HSGVEVXR,pink,style_0
VESFGYF5C4CHPFMH,pink,style_0
VESFGYF5NRUCHHZZ,pink,style_0
BRFFXRFH3MK8PSYT,brown,style_1
SHTFTSGN2DXJYYU5,pink,style_0
SHTFRTH5GGX8CV7T,white,style_0
JEAFRAQECQPWUPYN,pink,style_1
JCKFQFQVTHREQEZU,pink,style_0
JEAFRARZSEFSFYT6,white,style_1
JEAFRAREZFUG9RWQ,pink,style_1
SHTFRSB3ZTK4GVEA,pink,style_0
JEAFRAQYRPX7Z3E4,white,style_1
JEAFRBWNTYXUPTMM,pink,style_1
SWSFZVTNGM4HG8BC,white,style_0
SHTFRSB47MU4NJYG,pink,style_0
SWSFZVTTQCB4SJ7F,white,style_0
JEAFRARNXEQRZAYY,white,style_1
JEAFRARZ8V5JXDVU,pink,style_1
JEAFQFGRVPSYNKGX,white,style_1
JEAFVWFKF5UPGGRR,white,style_1
JEAFSFTNHWKRZBRR,pink,style_1
SWSFPTFJZYHMPPFC,pink,style_0
TSHFRKJYKNDY5TGY,pink,style_0
JEAFRARZJCZSJGUG,pink,style_1
TROFQFKESZ8KAPZA,white,style_1
JEAFRAQGCDWZUVBU,white,style_1
JEAFRAQYZAEXBDFR,pink,style_1
SWTFQFZTNZWGHGK9,white,style_0
JEAFWYG4GXXDMWGS,pink,style_1
SHTFRFVDYBA935KA,white,style_0
JEAFRAQPZXB8BGVZ,pink,style_1
SWSFRH38FCZ3DQNY,pink,style_0
JEAFVW27FGGKZZNE,pink,style_1
TSHFZRF3TSFFENB7,pink,style_0
TSHFQEFD2KHFZ2F5,pink,style_0
TSHFRKJFJZJAU3EB,pink,style_0
SHTFQEDFHNKANNXZ,pink,style_0
JEAFVWFKEGHNT3HD,pink,style_1
JEAFRAQYJAGJSJUY,white,style_1
TROFRBQHZHK5CG6B,pink,style_1
SHTFVNHSHWCCZ7YQ,pink,style_0
SWTFQFPBSTQD4XPZ,pink,style_0
JEAFRAQMD4NDUTCG,white,style_1
TSHFQEFDKGGEP6ER,pink,style_0
TSHFSCAQXAJHDZMY,pink,style_0
JEAFRAQWW9FYHVVE,white,style_1
SHTFVNFNRRCU6GUH,pink,style_0
TSHFQFP9ZKJAD7UP,white,style_0
SHTFSH5VCM3ZB7JC,pink,style_0
TROFQFKFMKJGQXR8,white,style_1
JEAFM635BHX7RVPJ,white,style_1
TSHFSC9YV3GBYGYA,gray,style_0
JEAFSFTZJXARJWXM,pink,style_1
TROFRBQGG8KRGTWW,pink,style_1
JEAFRARZRYHGZBKG,pink,style_1
TSHFSC9YXNT963ZR,gray,style_0
JEAFRAQAEWZMVPWW,pink,style_1
JEAFQFGKGTQHH9DZ,pink,style_1
TROFSKFK4QYZQHYZ,pink,style_1
SHTFRTGJHVMUVCZV,pink,style_0
JEAFM6343GJVNCKE,white,style_1
TROFRBR8YY3UFV2G,white,style_1
BRFFRKQKBZYZCSHS,pink,style_1
SHTFRW5C8JXAVF5B,white,style_0
SHTFRFV2HGVB55CX,pink,style_0
JEAFVXDPFVFPFZKF,pink,style_1
SHTFVPKYT82DZMGY,pink,style_0
JEAFVWFK6AFRNSFY,white,style_1
JEAFRAQXBEGSS9CS,white,style_1
JEAFQFGMPYQUGCZT,white,style_1
JEAFQFGPYHBJ99YR,white,style_1
JEAFQFGZWK7XAN7N,white,style_1
JEAFSFTWYWYGKVWD,pink,style_1
TSHFSC83AZHU2FWW,pink,style_0
SHTFVNG9FZRFJFKD,pink,style_0
JEAFVWFJGCFJPYFV,pink,style_1
TSHFRKJFGWPXGJHG,white,style_0
JEAFQFGT7GVYS6QF,pink,style_1
JEAFRAQ76JYNGZAF,white,style_1
JEAFRB6ZHFNYGY3V,pink,style_1
JEAFRARNHREZ8GTN,white,style_1
SHTFRVPTYYHHY5TH,white,style_0
JEAFSFTGDPEBJJGW,white,style_1
SWSFZKX76KNARJ49,white,style_0
JEAFHZHGNVHGYUYZ,white,style_1
TSHFHZCPR6GVMSCV,white,style_0
JEAFM633B2CDCZCW,pink,style_1
JEAFQFGWXSVSMRWC,pink,style_1
TSHFSCATZKTUGRAM,gray,style_0
TROFRBRBYGJZG4PM,pink,style_1
SHTFTPMZTZ6UUN2B,pink,style_0
SHTFZKXAGZFJES8Y,white,style_0
SHTFRS98GWGBSPKN,white,style_0
JEAFHZHFAQ5JHWJW,white,style_1
TSHFQEEQ2HA3EX96,white,style_0
SHTFQCGSUDXEXMDV,pink,style_0
SHTFRVPAV33BCXEZ,white,style_0
JEAFVWFK6AFRNSFY,white,style_1
JEAFMJHQWZEQDBZN,pink,style_1
TSHFR5Y9VHQ8HZGS,white,style_0
SHTFRTGKB8JJFYCB,white,style_0
JEAFWZXTFGMP9GCN,pink,style_1
SRTFRDNCY9HEPGWY,white,style_1
TROFRBQJ8GVTCGA5,white,style_1
JEAFZP6JFG22F2RS,white,style_1
JEAFRANQRAZZMQRQ,white,style_1
JEAFRBWSXQJSSEMF,white,style_1
JEAFRARNYP6GMFPR,pink,style_1
JEAFRBWRZREETQQT,pink,style_1
JEAFRARNGFZSZGSZ,white,style_1
JEAFRAQ6PKNJPCVF,pink,style_1
JEAFVXFGRTEZZ3UB,pink,style_1
SHTFQEFVENEMND86,pink,style_0
TROFSKFKRCZJTHR2,pink,style_1
TROFRBQFBHRGGGH8,pink,style_1
TSHFR6YBYKG2EU3U,pink,style_0
JEAFTZFX7HR5HZVW,pink,style_1
TSHFZJR7ZVJHVCBW,pink,style_0
SHTFVNG2HGBD4TNB,pink,style_0
JEAFSFTWYWYGKVWD,pink,style_1
JEAFMJHQG72WKZTH,pink,style_1
TROFSKFJEGFNZH3U,pink,style_1
JEAFRAQXEKGUPNUN,white,style_1
JEAFRANHEXEWGHHZ,pink,style_1
SWSFRH38APQNZHHA,white,style_0
JEAFVWFCZZWQAFK7,white,style_1
TSHFM63X6W4W4EER,pink,style_0
JEAFRARPSQBTB4UZ,white,style_1
JEAFRARZAGZTZSWC,white,style_1
TSHFQEF38HDQUZ2Z,pink,style_0
SHTFSHYTFEUQPSKT,white,style_0
JEAFRAQSEGZ66KTT,pink,style_1
TSHFQFPCNSKQAGN6,pink,style_0
SHTFVPJYHDDEGUAV,pink,style_0
SRTFRDQ3GGPEAZGM,white,style_1
TSHFR6Y9PER6KRA6,white,style_0
TSHFRKJFZRFWQHCM,pink,style_0
TROFQFKAQUUG5NSJ,pink,style_1
TSHFRKJFSSTZYHHU,pink,style_0
JEAFRAQYSSSGMAHT,pink,style_1
SWTFVMSDDZRPXAPT,pink,style_0
SHTFZKXBC3RHXAZY,white,style_0
TROFRBR72GFZY78F,pink,style_1
JEAFHZHF4JEZAZQA,white,style_1
JEAFRBWRHTPPP5MS,white,style_1
TROFRBRCFMCRGCCH,pink,style_1
JEAFHZHGZ45SGZUW,pink,style_1
TROFSKFKXEFUJ2Y2,pink,style_1
SHTFRFRHSAXSPQ6H,pink,style_0
SRTFSFNHPJVMCYZN,gray,style_1
JEAFVWFJF9EYTYZQ,white,style_1
JEAFRBWRJJFPNFMH,pink,style_1
TSHFSCAQXAJHDZMY,pink,style_0
TSHFRKJYXXPXYA2D,pink,style_0
TSHFSCAR6XTM7PDY,pink,style_0
JEAFM635EJXPJEKJ,white,style_1
JEAFHZHGPZSVUYHG,pink,style_1
TSHFQFP9XHT7NGTP,pink,style_0
JEAFRB6ZHSFF4VFX,white,style_1
SHTFTGH9EEFKYGHM,pink,style_0
SHTFZZ2TM9KTTUMS,white,style_0
SHTFRWTGCK93ADZM,pink,style_0
SHTFSH5V2GNFXJAV,pink,style_0
SHTFSH5VRDYPSGGK,pink,style_0
JEAFRARNKDFYXUYW,pink,style_1
JEAFMJHQHTYUAH7E,pink,style_1
SRTFSFNHYBBPCFWW,pink,style_1
SRTFSFNHYDYVHEHM,gray,style_1
TSHFRKJF7GGCFFER,gray,style_0
SHTFQEE4Z9Z5VH3Z,pink,style_0
TSHFSC92WQYSHEB5,pink,style_0
JEAFSFTSPYRZBGGG,white,style_1
JEAFZZ996ZCSU2Z5,white,style_1
SHTFRFR6ZGRTRMPS,pink,style_0
JEAFRARNFFHEN24W,white,style_1
JEAFRAQKZAGUUP7H,pink,style_1
JEAFRARNJEDBDQRN,white,style_1
JEAFRARMBAMCN3JR,gray,style_1
JEAFSFTVQRCZ8RTF,gray,style_1
SHTFRFSYSGPQGMZE,pink,style_0
TSHFSC8ZYEK3SEMF,pink,style_0
SRTFUUP8GZJAAHGQ,pink,style_1
JEAFSFTSWY2ZJJ4R,pink,style_1
JEAFQFGZGR3PR52K,pink,style_1
JEAFVXEFHTZ689UR,white,style_1
JEAFSFTTJPGRBRFX,pink,style_1
JEAFRARQCWCQBFGH,pink,style_0
JEAFM634ZSG2NSHN,pink,style_1
TSHFSC9YQFAGHGTH,pink,style_0
JEAFZQ8YZB7EBFHA,pink,style_1
TROFSKFJCHWZF8NQ,pink,style_1
SHTFRVP9MYTUYAYU,white,style_0
JEAFRARZA9DFZY6G,white,style_1
JEAFM634H4J6T7PM,white,style_1
TROFSKFHTXTZGNPH,pink,style_1
JEAFRAQVRVMEUZUZ,pink,style_1
JEAFRARMVZBUUXHW,pink,style_1
SHTFZP4Y6HVJAZVU,pink,style_0
TSHFQFPFPDT5KDJ7,white,style_0
TSHFRDZ7KSAV7XRG,pink,style_0
TSHFRKJFCRWAAGFW,pink,style_0
TSHFRKJYQ76R8YFG,pink,style_0
JEAFM634A4SG4GC7,pink,style_1
JEAFRB6ZTVQ9HA46,pink,style_1
JEAFRAQJ3HF6ZNNF,white,style_1
JEAFRAQGMM8AZA7R,pink,style_1
JEAFSFTRBCKKQKCZ,pink,style_1
JEAFM634GNHZVGVK,pink,style_1
SHTFVX89G2GXG96E,pink,style_0
JEAFMJHQTNZ3JPMU,white,style_1
SHTFRTGXFZFH4PJE,white,style_0
SOCFHG43252DWHBW,black,style_1
SOCFHG52C5RHCJGD,black,style_1
SOCFHGKZUWSJZD7U,black,style_1
SOCFZCXFYREFRHK3,white,style_1
SOCFHGHEMZGHUGRW,white,style_1
SOCFHG3ZKVXQRHGF,black,style_1
SOCFHG4GGFJDP7MF,black,style_1
SOCFHGRG4ZGZE5GJ,black,style_1
SOCFHGRRZMG9PGRW,pink,style_1
SOCFY5DSKFQKKQZS,white,style_1
TKPFW8RZUHTHEHMH,gray,style_1
TSHEXY7XNPYYSTRB,white,style_0
TSHEXYDWZQFATUFG,white,style_0
TSHEZGP9TW9SBTNY,black,style_0
TSHEY2KHAD3J5RXH,black,style_0
TSHEXYDUMZHZYHSB,white,style_0
TSHEXY8YCAMBWYND,black,style_0
TSHEXYCHUKRYU42A,black,style_0
TSHEXY9ZBHGAZPEJ,black,style_0
TSHEXYDRETHFXEGB,white,style_0
RNCF75ECW2KSKEZW,white,style_1
DHTFWNW78J5AHM5Z,pink,style_1
DHTFXK5KMGPXDGPZ,pink,style_1
BXRFZKMEEG3MUTQK,black,style_1
BXRFZKMEAFQNGYYY,gray,style_1
BXRFZKMEMNYG2GA8,gray,style_1
SHTFZHUQZH3QZJRU,black,style_0
SHTFZJFCYGRUDGAX,black,style_0
SHTFZNEHXEDDBVHU,white,style_0
SHTFZJF9MRPHBZZZ,black,style_0
SHTFZJF97QVQRZVQ,pink,style_0
SHTFZJF8QNX2JKPZ,black,style_0
SHTFZHX8EN2GF7JH,gray,style_0
SHTFZJFDWJ4GSPAG,pink,style_0
SHTFZJFBNBQJYYN7,black,style_0
SHTFZJF83YF4KP9D,black,style_0
SHTFZJF99SZ9FAVA,black,style_0
SHTFZJF8NM5T932Y,purple,style_0
SHTFZJF9XFVUANF2,black,style_0
SHTFZJF8AYPPVPAR,gray,style_0
SHTFZJFDX8WKGHWX,black,style_0
SHTFZJFARPGXNZJ3,black,style_0
SHTFZJFDXKCJACCD,gray,style_0
SHTFZJF9GAWMZ9GN,black,style_0
SHTFZJFARRHTEUJQ,black,style_0
SHTFZJFFG8SNF7YG,pink,style_0
SHTFZJFEBFHYZZXH,pink,style_0
SHTFZJFC8GHYGHTA,purple,style_0
SHTFZJFFZZMZXTJ7,pink,style_0
SHTFZJF8PXMAJJWU,purple,style_0
SHTFZJF87BBRZPFF,gray,style_0
SHTFZJFFZU9GQEVH,gray,style_0
SHTFZJFCBVAVQEKJ,black,style_0
SHTFZJF9YGRS5CDD,black,style_0
SHTFZJF8JHRZ973F,purple,style_0
SHTFZHW8CRE5QYDU,gray,style_0
SHTFZJF9FNBMQ9QP,black,style_0
SHTFZJFAFZQYZAZW,black,style_0
SHTFZJF75H3RDY3X,gray,style_0
SHTFZJF6XJU73CHP,gray,style_0
SHTFZJFD5KFXFUAN,purple,style_0
SHTFZJFASG782RAN,black,style_0
SHTFZJFCWKXHWZHA,black,style_0
SHTFZJFEPVDGHHG3,black,style_0
SHTFZJFC8RFGK9TX,pink,style_0
SHTFZJF9QQV3QAP2,pink,style_0
SHTFZJF9KMHHVEVC,pink,style_0
SHTFZJFETCCGYEQ8,black,style_0
SHTFZJFAKHYPWHKY,pink,style_0
SHTFZJF92PKAX2KC,black,style_0
SHTFZHW7PXBWZJTM,black,style_0
SHTFZJFDYQE4W4GN,pink,style_0
SHTFZJF8UHDTQBHG,pink,style_0
SHTFZHVPWDF2GJHN,pink,style_0
SHTFZJF8JGHKGRFW,black,style_0
SHTFZHVZW5J9GRAW,pink,style_0
SHTFZJFDQAFXUAST,black,style_0
SHTFZHVFY3YMGYYY,pink,style_0
SHTFZHVV2FYRHJZN,black,style_0
SHTFZJF8HYWHF5X2,black,style_0
SHTFZJFAHPFSCZY2,gray,style_0
SHTFZJFEMWJHVKR4,pink,style_0
SHTFZJFAFQPZPTFQ,pink,style_0
SHTFZJFEHGGARVNT,gray,style_0
SHTFZJF9GRXDYH9D,black,style_0
SHTFZHUFXKZZSG4F,pink,style_0
SHTFZJFDMKSFGHDX,pink,style_0
SHTFZJFAGYVPQFCU,pink,style_0
BXRFZKMERR7XCFMP,gray,style_1
SHTFZMJ6VYB6JCYG,pink,style_0
BXRFZKMEZHZU7ZHK,gray,style_1
BXRFZKMECB2UWJYC,gray,style_1
SHTFZJF72Y8JBVGZ,gray,style_0
PYJFZMJNFPHYWZN7,white,style_1
PYJFZMJNHZF3ZYNR,white,style_1
PYJFZMJNAWFWGEGA,black,style_1
PYJFZMJNRQDEFBHB,white,style_1
PYJFZMJN7ACBBDHM,white,style_1
PYJFZMJNGNZ6GMKZ,green,style_1
PYJFZMJN25GEGHQE,white,style_1
PYJFZMJNVEKEZBHC,white,style_1
PYJFZMJNFVR6UHUK,gray,style_1
PYJFZMJNGEDZGHEZ,black,style_1
PYJFZMJNPGZSC5T4,black,style_1
PYJFZMJNXWREHFZC,black,style_1
PYJFZMJNDSGSTGFZ,black,style_1
TSHFJP99GY9M5DU8,white,style_0
TSHFJV5CGYAUPHFZ,black,style_0
BRFFYNFYF6FAEFB8,white,style_1
BRFFYNFYDDNAUDZZ,white,style_1
BRFFYNFYUGKB7Z7E,white,style_1
BRFFYNFYGGCC8FQV,white,style_1
DHTFG4WNQXHXXEJN,white,style_1
DHTFHZEMTB5SDHEP,brown,style_1
DHTFHZEMR6TKAMNQ,yellow,style_1
DHTFHGGRVSMFGZG9,orange,style_1
TRKFH2ZDEZD8FXQW,gray,style_1
BXRFGRU7HABWU2RF,gray,style_1
SOCFP3PVEAJEHUFB,white,style_1
BZRFZR4FJTHHFNMZ,white,style_0
TSHFWDBQCVDSQT7B,pink,style_0
TSHFWDBQGSAQKTYG,pink,style_0
TSHFWDBQQHCSDYCJ,white,style_0
TSHFWDBQWEVHVZMN,pink,style_0
TSHFWDBQANHAURVH,pink,style_0
TSHFWDDGUGCMWHDM,pink,style_0
TSHFWDDG8QGSBKRH,pink,style_0
TSHFXEYYM8R6TQ9H,pink,style_0
TSHFWDBQ7KGUXGYF,pink,style_0
TSHFWDDGMBDJRCXP,pink,style_0
TSHFWDDGXWHZ8H6K,pink,style_0
TSHFWDDGGBCQVZ4Y,pink,style_0
TSHFWDBQFRVQGQYF,pink,style_0
TSHFWDBQHGGKCAEE,pink,style_0
TSHFXEYYNCCGHMBK,white,style_0
TSHFXEZF9PYXSYHU,pink,style_0
TSHFXEYYMYZUSGZZ,white,style_0
TSHFXEZFWFTKYET7,white,style_0
TSHFWDBQBH6SYCWK,pink,style_0
TSHFXEYYV9CSPHYH,white,style_0
TSHFXEZFYZ5FEGUY,pink,style_0
TSHFWDBQTWH5HQCX,pink,style_0
TSHFWDBQMBSFGUBM,pink,style_0
TSHFXEZFS7GB2XHT,pink,style_0
TSHFWDBQX8JFCMFU,pink,style_0
TSHFWDBQFRVQGQYF,pink,style_0
TSHFWDBQFRVQGQYF,pink,style_0
TSHFWDBQFRVQGQYF,pink,style_0
TSHFWDBQFRVQGQYF,pink,style_0
TSHFWDBQFRVQGQYF,pink,style_0
TSHFWDBQFRVQGQYF,pink,style_0
TSHFWDBQFRVQGQYF,pink,style_0
TSHFWDBQFRVQGQYF,pink,style_0
TSHFWDBQFRVQGQYF,pink,style_0
TSHFWDBQFRVQGQYF,pink,style_0
TSHFWDBQFRVQGQYF,pink,style_0
TSHFWDBQFRVQGQYF,pink,style_0
TSHFWDBQFRVQGQYF,pink,style_0
TSHFWDBQFRVQGQYF,pink,style_0
TSHFWDBQFRVQGQYF,pink,style_0
TSHFWDBQFRVQGQYF,pink,style_0
TSHFWDBQFRVQGQYF,pink,style_0
TSHFWDBQFRVQGQYF,pink,style_0
TSHFWDBQFRVQGQYF,pink,style_0
TSHFWDBQFRVQGQYF,pink,style_0
TSHFWDBQFRVQGQYF,pink,style_0
TSHFWDBQFRVQGQYF,pink,style_0
TSHFWDBQFRVQGQYF,pink,style_0
TSHFWDBQFRVQGQYF,pink,style_0
TSHFZNFJWFYHCJ62,gray,style_0
TSHFZNFJZHFNNGGT,black,style_0
TSHFZDHUW6NYHUWZ,white,style_0
TSHFZDHFJFHXVXUK,gray,style_0
RNCFQH2EFDZZBSQD,black,style_0
RNCFQH2EWKYGFFFG,black,style_0
RNCFPCXYXYP33DKJ,black,style_1
RNCF4YV4GZRYJY3A,white,style_0
RNCFWHY4GZDVCKWT,brown,style_0
RNCFQH2EYEMJZVVG,black,style_0
RNCFQH2EAAE4SDYE,black,style_0
RNCFQH2E5FGYYXXF,brown,style_0
RNCF4ZNPYHARDHYB,gray,style_0
RNCFPBZEYAYH2HVZ,black,style_1
RNCF4YV4Y2NQQMRP,white,style_0
RNCE7A3XXRYZV25F,black,style_1
RNCE7A3XWSDRGNWX,brown,style_1
RNCE7BZ7T98DVFU2,black,style_0
RNCE7YYYXTR3YD68,white,style_1
RNCFYMZ6AKKHRJC4,black,style_0
RNCF4BYMQD53WHSF,white,style_1
RNCF4BYMAXMCFHBT,white,style_1
TROFNW7YPVZJKZ8G,gray,style_1
TROFG3HC8BCKS4ZM,white,style_1
TSHFGMMZE9G5WWCC,gray,style_0
TROFPSF6SHZZQYWG,gray,style_1
TSHFJY46GKTSPNJ9,white,style_0
TSHFZP6HMEZXVDHD,gray,style_0
SHTFK89ZYHGEZTGT,purple,style_0
TSHFWB28AUPGJPDK,brown,style_0
TROFPSF6GZHFH7MU,brown,style_1
TSHFMYYGBTD42GSV,gray,style_0
TSHFZP6HBDFGFWFC,white,style_0
TSHFK68GQPGQEVZK,gray,style_0
SHTFH3MGMQTGPZRM,white,style_0
SHTFNVB6GVYMM7UN,black,style_0
TSHFK68HVCGVFQZE,white,style_0
TSHFK68PGB5P77Z3,pink,style_0
TSHFGMMNZTTFTGGA,gray,style_0
TSHFK68CSHUDZWAD,white,style_0
SWTFH2GZF24UJXJK,pink,style_0
SHTFK89ZCGJKB9ZK,pink,style_0
TSHFPR67WPGHZFUJ,white,style_0
TSHFPR679JQ5GRF7,white,style_0
TSHFNXJYHNC75XPC,gray,style_0
TSHFPD3VM8GGGEEX,black,style_0
TSHFPR67AHF3ZZFC,white,style_0
TSHFPR67UGYHQZQS,white,style_0
TSHFR6GYW8C838M9,gray,style_0
TSHFPR67CAB7KNTS,gray,style_0
TROFPSF87NTHSFXC,gray,style_1
TSHFRSP8VR7GYXXX,white,style_0
TSHFZP6H35TPJAAR,black,style_0
TSHFPKNC3JEGVQCZ,white,style_0
TSHFK68SC4GBWKHN,pink,style_0
TSHFGMMNJ2QG7GSR,gray,style_0
TSHFGMMHEFTRYGHF,white,style_0
TSHFPR689ZXYQ92W,black,style_0
TSHFKZYFJ8DXYPJG,pink,style_0
TSHFPR67Q3ZAGJQX,gray,style_0
TSHFPKNCFHB6QTFP,gray,style_0
TSHFWDYHJMGRBUZM,gray,style_0
TSHFGMMH655KTSYU,white,style_0
TSHFURH52BDP97DA,gray,style_0
TSHFZP6HQPJ6S9QU,black,style_0
SHTFH3ZCKYFU9R3M,gray,style_0
TSHFK68NEVEVVWPM,white,style_0
TSHFUQATWPW4FGFY,white,style_0
TSHFZP6HFCGVZHUG,white,style_0
SWSFH29R4YYZUGVD,white,style_0
TSHFK68SXS8MPEEX,pink,style_0
TROFPSFBF3JSPPET,purple,style_1
TSHFJY48PU56DFZH,pink,style_0
TSHFUQATRFQGTGPA,gray,style_0
SHTFMZ4AFP4RSUQF,white,style_0
TROFKAPQAFS7GYWA,white,style_1
TSHFPKNAAPJGWZJG,white,style_0
TSHFK68P5ZRYPEVK,white,style_0
SWSFMJF98EY2FXBH,pink,style_0
TSHFFXTMW3EYYRYG,purple,style_0
SWSFH29RMVWNRCTY,white,style_0
TSHFGMMM4NF4WXN5,black,style_0
TROFGH4YF3MT5G4P,pink,style_1
TSHFFXTHJPHFU8HA,white,style_0
TSHFK68JT6ND2BQ8,pink,style_0
TSHFJY48GY3WFFXN,white,style_0
TSHFK68TFR8A3BVX,pink,style_0
TSHFPKNCNWXZHU7R,pink,style_0
SHTFNXNXHCKQH4GD,gray,style_0
TSHFFXTNZRTNP9JG,pink,style_0
TSHFPKNCFYGMWDDH,gray,style_0
TSHFFXTHUED2SWNH,pink,style_0
TSHFK68JEMQVXZRV,gray,style_0
TROFPSF7C6MNRCEZ,white,style_1
TSHFHSUNJAUMJFHJ,gray,style_0
SHTFK89ZZDEHCCUC,gray,style_0
SHTFNXNX4JFVZMGF,gray,style_0
TROFMHJYVU427UBQ,pink,style_1
TROFNH8F2JKK4XMP,pink,style_1
TSHFZP6HMPGUU6JP,white,style_0
TSHFPKNDNMZHGDWZ,white,style_0
TSHFK68PHMV7JVRU,white,style_0
TSHFMYYGJHFNSSFC,purple,style_0
TSHFGMMMKYB4VH93,gray,style_0
TROFPSFBFXNMTWGN,pink,style_1
TSHFK68PZEGAVBQM,gray,style_0
TROFNH8FWFVCGMVN,white,style_1
TROFG3HDQDUM6MPX,white,style_1
TROFPSFBYAYFAZRM,white,style_1
SHTFHV3H2HFE8MZQ,white,style_0
TSHFFXTQQWR2ZGCX,white,style_0
TSHFK68FCCUWTK7V,pink,style_0
TSHFGMMNUGGDYAUJ,pink,style_0
TSHFFXX4YMHWGGPF,gray,style_0
JCKF4VYSWYKEVXZW,purple,style_0
SHTFNVB7U4UEZWZJ,black,style_0
TSHFUQATXYJZ6H8F,brown,style_0
TROFN5S6NYAQXBZS,white,style_1
SHTFNVB7QVCVYF9K,pink,style_0
TROFPSFB5KZMPVHY,white,style_1
TROFPSF7CGK5WQZJ,white,style_1
TROFKAPPUSRXPZBB,white,style_1
TROFPSF86KDXBPUE,pink,style_1
TROFKAPQXCWWHHYK,pink,style_1
SHTFK89ZS62PVUE9,gray,style_0
SHTFNVB7G7J6S9CE,white,style_0
SHTFK89ZMYAUHGG3,purple,style_0
SHTFZQEHAHE6VH3V,white,style_0
TROFPSF654YMHHBS,white,style_1
TSHFPKNCQAQFNVKB,white,style_0
TSHFK68RZ9PZDXFK,pink,style_0
SHTFNHGD3G6PKZM3,pink,style_0
SHTFK89ZJ6AE9JZX,white,style_0
SHTFK89ZQZHZMFHM,brown,style_0
SHTFNHGDFHCAKVJZ,purple,style_0
SHTFPEYMVKUUGAPN,gray,style_0
TSHFHSNP4PX6KUWG,purple,style_0
SHTFNVB7ZZGWV4RV,white,style_0
TROFG3HFZDNZCZAV,pink,style_1
SHTFPKNZHESR5UEC,black,style_0
SHTFNXNXFHAAD4TE,pink,style_0
TSHFERZ5CR2NZFRX,white,style_0
SHTFNXNXFJYFGRFG,white,style_0
TSHFHSNPNYKG4YHE,gray,style_0
SHTFNHGDAQFEETHV,brown,style_0
TROFPSFBRZFWAAP6,white,style_1
SHTFNXNYHBYQTQPQ,white,style_0
SHTFNYHMAY5AFQUH,white,style_0
SHTFNXNXBDNGVSRR,gray,style_0
TROFNH8F6ZZVHSX8,pink,style_1
SHTFFXUYHCZSMQVH,pink,style_0
TROFKGYMVDJ2KTX6,white,style_1
SHTFK89ZZYSJGPGR,gray,style_0
TROFKGYMK8REM5HK,pink,style_1
SHTFK89ZD7CADUYZ,white,style_0
SOCFZF57XZQVKWYB,white,style_1
CAPFDZFVWTGYEFGJ,gray,style_1
CAPFDZKY76XTXEZZ,gray,style_1
TSHFMZZEGPTN833Z,black,style_0
TSHFNHGZZMGBUTXH,black,style_0
TSHFNHHG7YZGUHGZ,black,style_0
TSHFZYSEUFQ2DUYJ,black,style_0
TSHFJQD4PZDNKHMZ,black,style_0
TSHFWC4FPGA4HUUF,black,style_0
TSHFJPRBFJGHQUJA,black,style_0
TSHFNV35W6XMETKT,black,style_0
TSHFMAHMFGXGHBBC,black,style_0
TSHFSY2JJ8WCFKXP,black,style_0
TSHFZHZ4K4MGBWTR,white,style_0
TSHFMAHCJZYFYY6K,black,style_0
TSHFJPRPDTVPE8PW,black,style_0
TSHFPAGXFSQJCA9B,white,style_0
TSHFW9THPFX2JGTF,black,style_0
SWSFXYRYTHZWSZPE,pink,style_0
TSHFJ8UADC9KVTVC,black,style_0
TSHFNFZT7EG789ZV,black,style_0
SWSFMCVGNWG8KSZ5,black,style_0
TSHFNH7GD86GXKYX,pink,style_0
CAPFZFHRFWUPG5FY,black,style_1
TSHFJ9MCTHXXVUF9,black,style_0
TSHFSAFUHKZPDHPG,white,style_0
TSHFZN8YGKUKUNUX,white,style_0
TSHFZZAGX266TSXW,pink,style_0
TSHFNGCTQR58CG9J,pink,style_0
TSHFZNAWMZWGRHNT,white,style_0
TSHFMQ4D3NVDDGME,black,style_0
TSHFNQWYUVCPZEKS,white,style_0
TSHFZY3FYRGZGFEK,white,style_0
TSHFNGWFYZ7UH76Z,white,style_0
CAPFMWZQAN2UHZBS,black,style_1
TSHFNZNDPDUTCNDP,pink,style_0
TSHFS5NA4YUC9FCX,white,style_0
TSHFJ9KYZPSRKBRP,black,style_0
TSHFZZ93XTMNHNDF,white,style_0
TSHFUCWFGXH7BFFQ,black,style_0
TSHFNH9AJP7BZHPV,white,style_0
TSHFJQ84PYSM392Y,white,style_0
TSHFU97FVCWNJ7MK,black,style_0
TSHFW278QGYC35VV,white,style_0
TSHFZQBG3J5GREG2,black,style_0
TSHFP9RFN94ZD9MH,white,style_0
TSHFZFZEZH4ZQ7VE,brown,style_0
TSHFZQBGBQGXVRHJ,gray,style_0
TSHFS75BS6VNZFH6,black,style_0
TSHFZ3YFW4UZRNDR,green,style_0
TSHFNV7WHUHESHWC,green,style_0
TSHFMGJAFZB8JR9X,white,style_0
TSHFNJZKGTM869H4,black,style_0
TSHFNV7W3MGGFZVZ,white,style_0
TSHFNMAG7HUZF3ME,black,style_0
TSHFNXS6DTZZZYRJ,white,style_0
TSHFNV7WHHHFTRKE,black,style_0
TSHFFS3WVQWNDTXH,white,style_0
TSHFNR4BF8GTYDFQ,black,style_0
TSHFGSY2FR3BFBAV,black,style_0
TSHFZYSE6VRQH8TH,black,style_0
TSHFZZ3NGQPHG3QU,brown,style_0
TSHFGF4GHQCGZH6X,white,style_0
TSHFUDHTG2AMHS5H,white,style_0
SWSFYGGANZCHYFEY,pink,style_0
CAPFZYGKFRRCGZGM,red,style_1
TSHFFZZQRTMJN2GR,white,style_0
TSHFNQWHYKKW3WY4,black,style_0
TSHFJRMTKTYRPRXH,black,style_0
TSHFMKHDX9QMDGDP,black,style_0
SWSFXU3GXGVA5XY4,black,style_0
TSHFMGMYWTKUAGQB,white,style_0
TSHFW2Q6QBWVZVUE,white,style_0
TSHFJ9WHPAFPCUZU,white,style_0
TSHFFZ8TQEPBWWB4,white,style_0
TSHFMG8AKFKVHVXG,white,style_0
TSHFPVKQVTAZ8V6E,black,style_0
TSHFNV7WF2YQ7FHE,brown,style_0
TSHFNV7W6NNMYG8M,gray,style_0
TSHFNV7WFM5KHBZH,gray,style_0
TSHFNR4B9RVXNYQZ,black,style_0
TSHFFZ9HSC2BFYYE,white,style_0
TSHFFQUZH7JKYAGE,white,style_0
TSHFMAKYGTKQWXBG,black,style_0
TSHFZJPZKNDAKUHX,black,style_0
TSHFNJZKHCZUCY9U,black,style_0
TSHFFZUQBRY4NGEH,black,style_0
TSHFMYEV5EUVTGEZ,black,style_0
TSHFNV35EAWAU2HJ,black,style_0
TSHFUDMAVMGKGXVZ,white,style_0
TSHFNQWYTANYWUHJ,black,style_0
TSHFGF4GE6H4Z8MP,white,style_0
TSHFMGNRKHGX9UQE,white,style_0
TSHFMGNRKHGX9UQE,white,style_0
TSHFZXBU72MB4BBU,white,style_0
TSHFZ2YTKHDDRFQD,black,style_0
TSHFMHQB5H5DZGHG,white,style_0
TSHFSY2UMY6P8DAY,black,style_0
TSHFMHQBHEAJNJD6,black,style_0
TSHFMR9CYZFPBMMX,white,style_0
TSHFZZ3NZ3RNEAVP,white,style_0
TSHFFXV2WUDUH4DR,white,style_0
TSHFNHGMVVSDX7ZY,pink,style_0
TSHFW26XGSGXHHKC,white,style_0
TSHFZ2YTG9XHQY5F,black,style_0
TSHFW36XTKCGHJRG,black,style_0
TSHFPVKQA5MKZVWT,gray,style_0
TSHFJ9RRQKGJRPDH,black,style_0
TSHFMGHGQH9J4MF2,white,style_0
TSHFZXC47HRTAPPF,white,style_0
TSHFNH9ABHJJPZBT,white,style_0
TSHFZY2AZUPR22RZ,black,style_0
TSHFZX2G3HMGH4YQ,black,style_0
TSHFNJG9KZKJ4DFX,white,style_0
TSHFNJG9VE7NBCRH,white,style_0
TSHFPAGX8HFPZQHH,gray,style_0
TSHFFXV2UQBFFRZZ,white,style_0
TSHFNXSYHXCUU5WZ,pink,style_0
TSHFNSX98S6CYEHU,white,style_0
TSHFGYX5HPA4ZUZY,black,style_0
TSHFN6YYZTGDHHR8,white,style_0
TSHFZN8PV8MKXNXD,black,style_0
TSHFWC4FDSSE3CCB,white,style_0
TSHFNJHAGMWKZZTK,pink,style_0
TSHFNV48JMJW4GYH,green,style_0
TSHFNXSYJ4MMHAAB,white,style_0
TSHFS8A4CHKW7Q7F,black,style_0
TSHFFZZQHYBAPPPR,white,style_0
TSHFS75BMXTDEDU3,pink,style_0
TSHFNFNZDTCZYXCD,white,style_0
TSHFZYC3WXGHWCJU,pink,style_0
TSHFS2GZCZDSEEJA,white,style_0
TSHFZYAQBP9DK3NZ,white,style_0
TSHFMHP9JZYFYKAM,white,style_0
TSHFZNAW3KNGFN4D,white,style_0
TSHFNXHVYVZWP3G2,green,style_0
TSHFU968WGFJJWGT,white,style_0
TSHFGF73GJHQHF9S,white,style_0
TSHFNGUFMSFNMA85,gray,style_0
TSHFP3XGWGV5YAZH,white,style_0
SWSFYGVGPBZGAFMC,pink,style_0
TSHFFWQ6HH75CCFV,black,style_0
TSHFS9GX4GGDVKQN,black,style_0
TSHFGZZKRHTJ3YEJ,black,style_0
TSHFNHCX2GXGCUZJ,white,style_0
TSHFNXHVH3K7ABTG,gray,style_0
TSHFGF3MTHGBYXG4,white,style_0
TSHFU968W2V55HHZ,pink,style_0
CAPFMTTAWZM4BSX8,black,style_1
TSHFMHQKPFD3SSBJ,pink,style_0
TSHFN5ZUPGHJSXJZ,pink,style_0
TSHFZ2X6AZJKZRWD,white,style_0
TSHFNHBCAJZG6QDH,pink,style_0
TSHFS9GXVRT4SYAU,white,style_0
TSHFGF3M532SUK3U,white,style_0
TSHFFTHDYGS4BGGK,black,style_0
TSHFMYEBE2BFCH2B,black,style_0
TSHFMHDZA4NKZHTH,gray,style_0
TSHFVZF5FGYX9DWE,black,style_0
TSHFZ2X6FX3AXZHU,white,style_0
TSHFNFR5MM648EYF,white,style_0
TSHFS9GXXD7HZ5JF,white,style_0
TSHFFZ8PDF9GMJEC,white,style_0
TSHFP3XUZF9GCERP,white,style_0
TSHFFZ8GMEFQ4BYW,white,style_0
TSHFFY7XRSTWAZRD,white,style_0
TSHFGSYBKJVCUH3Y,black,style_0
TSHFZ2WZVPNHHHGV,white,style_0
TSHFNFZT4AFVEYHG,gray,style_0
TSHFZYC38RHPNSU6,white,style_0
TSHFNMMG5ZYHZBPZ,black,style_0
TSHFMG7TGHSRZNXK,white,style_0
TSHFNT8EQZDXZNEK,white,style_0
TSHFFZS49HDVEYYS,white,style_0
TSHFNHJ3VH2EMMAM,pink,style_0
TSHFFRYZREQ9EPRF,white,style_0
TSHFZ2VPGGSZBNE2,pink,style_0
TSHFNFQH5RHWRGGZ,white,style_0
TSHFZJPZMTQFFTWR,white,style_0
TSHFFWPM2CH3FVJ4,black,style_0
TSHFFSB9RENYJKUF,black,style_0
TSHFFSB9US8KBZWD,white,style_0
TSHFFR3ACRH7DUMY,white,style_0
TSHFFR3ACRH7DUMY,white,style_0
TSHFFR2TCGNYHGZW,white,style_0
TSHFZ2WZBR5YVHZP,white,style_0
TSHFNHHGTBK2DPZR,black,style_0
TSHFNXUFWE8HKEUJ,white,style_0
TSHFNFRJFCQTMTUE,white,style_0
TSHFNKHR9HJPXMGV,white,style_0
TSHFFXVYTFFZ872J,white,style_0
TSHFNHBYQ2RUVTTF,white,style_0
TSHFNFPGHM7MYS7G,white,style_0
TSHFZ3ZGAAYZRWZG,white,style_0
TSHFNJH3BHZNMZ8U,pink,style_0
TSHFXW7PSQYNBDHT,white,style_0
TSHFZX255UKWH6MJ,black,style_0
TSHFU9QHVJWGG3KA,white,style_0
TSHFZYCKGWTJ7T4E,white,style_0
TSHFNSX93XFR8ZYG,gray,style_0
TSHFZ9CKWEYX5MSX,white,style_0
TSHFNGVWTDUGT3XR,white,style_0
TSHFNGDUXJ2HHEGF,white,style_0
TSHFWZGRNAEQK79K,white,style_0
TSHFFZBRYNP3GTEH,white,style_0
TSHFNRXVHBUF9YME,white,style_0
TSHFZ9DFZCMTH5DC,pink,style_0
TSHFZ9DJNFMZEQM7,white,style_0
TSHFMZ7C2HQWTTBA,black,style_0
TSHFU9PWYZPHGYJY,white,style_0
TSHFNGTGHMCYG4Z3,white,style_0
TSHFZXC4GBSSHJCS,white,style_0
TSHFNZNDZJDKFUSD,white,style_0
TSHFUEU6GFMYRUC6,white,style_0
TSHFU9QHVGHYCXBH,pink,style_0
TSHFU9PHHP5PPXFP,white,style_0
TSHFMR9NMFJ6MZDU,green,style_0
TSHFNQW7YQW7UJRN,black,style_0
TSHFNFTGWF9DYDEE,white,style_0
TSHFZY2AN9GP7HQZ,black,style_0
TSHFMSCG4FGXRW6P,pink,style_0
TSHFGF734GRE9URM,white,style_0
TSHFZQ9FXEJZUMPY,gray,style_0
TSHFZYDRQMNQBRYG,gray,style_0
TSHFNXHPR4RNQWD5,white,style_0
TSHFNMMQCZ9WZNMP,pink,style_0
TSHFUDHATFCFYUY8,pink,style_0
TSHFZYDRNFXDUFAF,white,style_0
TSHFS9J737BNFVZF,pink,style_0
TSHFUDHAZZTDRTE2,white,style_0
TSHFZYCK5KSVZGH3,white,style_0
TSHFNJZTZT7J7RWH,white,style_0
TSHFNQYNUQHVEHZK,white,style_0
TSHFN5V7RRXQNZHD,white,style_0
TSHFNHAZJP49MFKV,black,style_0
TSHFZY3FZW3TYJFC,white,style_0
TSHFS3CWXX9GWSZN,white,style_0
TSHFZHZ4HHJGBWYY,white,style_0
TSHFMAJPBMB4Y2ZV,black,style_0
TSHFMAJPGBGG6CWA,black,style_0
TSHFJPSE2WRPZKQG,white,style_0
TSHFS89FAMEADMBF,white,style_0
CAPFSH752AW6C4UD,black,style_1
TSHFW4C6RRGZCACC,white,style_0
TSHFMHHBTGEZCB4U,white,style_0
TSHFS2KMZGSWRSAX,white,style_0
TSHFS89FN7HPARHP,white,style_0
TSHFGSYBC4KHTR7T,black,style_0
TSHFNT5FEZH9GFST,white,style_0
TSHFZPQB8WQ627GY,pink,style_0
TSHFNV9K2RBPGQH4,white,style_0
TSHFZPQBEH4DYMGG,white,style_0
TSHFNT4PFGSWUCH6,white,style_0
TSHFFZZQJHHMYHBA,white,style_0
TSHFNFSRFFBYFSZK,white,style_0
TSHFNV9KJ4DPYDMG,black,style_0
TSHFNV9K3N5BAQDR,black,style_0
TSHFNFZTQUYD9BXW,white,style_0
TSHFW26JDWPHCESN,white,style_0
TSHFK83CYSATPHZG,white,style_0
TSHFNHA3PAGW83KY,white,style_0
TSHFPYA4DSBNQX63,black,style_0
TSHFN6Y3ADYZRAWG,white,style_0
TSHFNGUUCHTEHAZF,white,style_0
TSHFN5U9V8FGBYSB,white,style_0
TSHFZN8PF4YGNEKQ,pink,style_0
TSHFN5U9V8FGBYSB,white,style_0
TSHFZN8PF4YGNEKQ,pink,style_0
TSHFZPDRJPSXKHGZ,black,style_0
TSHFZPDRTDFDMGJC,gray,style_0
TSHFNXRJ7TMRSWUP,pink,style_0
TSHFMAJPX5F4NBUG,black,style_0
TSHFGF4GSHZD2PWA,white,style_0
TSHFFZZFUZG5WWGG,white,style_0
TSHFZQ9RWFAN3U6J,black,style_0
TSHFMAJPXUSNNNMC,black,style_0
TSHFNZMHMCGHYKRX,white,style_0
TSHFNQWHNNFZZCRF,black,style_0
TSHFFXV2B8VYJGC9,white,style_0
CAPFMWQ8P2YTGYDH,black,style_1
TSHFZJPZGVNN499Y,black,style_0
TSHFJQ8G4DNDNAFW,white,style_0
TSHFZXC48PABGHWH,white,style_0
TSHFMG7B7NCHHNXH,white,style_0
TSHFFXVTQFDQAU99,white,style_0
TSHFMSCEVBPRYDZH,pink,style_0
CAPFMTTZB88GXDY4,black,style_1
TSHFNV3K8QGD7XPE,black,style_0
TSHFNH9TXYYKBNKZ,white,style_0
TSHFGF73RFMQZRTC,white,style_0
TSHFN5TU9RVU7YFT,white,style_0
TSHFNMZDJ4UWRK8H,white,style_0
TSHFNMZDRCKYZBPH,pink,style_0
TSHFNV3K2QDYJPZM,white,style_0
TSHFZQ9RZNJDYZXB,black,style_0
TSHFMHEGRYHFJUXC,black,style_0
TSHFNHJHUWJSQFT5,white,style_0
TSHFFZZFGPXZN2EQ,white,style_0
TSHFNHJHPWMJA5QZ,pink,style_0
CAPFMYEZZ3ZBQNSP,black,style_1
TSHFPQCVYYCZTHYP,white,style_0
TSHFW47Z6GJZDZ7Y,white,style_0
TSHFY7GUW2PF9Z9A,white,style_0
TSHFPR3V4UECZX2S,pink,style_0
TSHFVYHQFGM6CGZU,white,style_0
TSHFVWG2GGZ7TBHB,white,style_0
TSHFW47MH3VZWQZE,white,style_0
TSHFW47DQV2MKFDJ,white,style_0
TSHFW4AHAKXMZWYD,white,style_0
TSHFW492ZZVFQDGM,white,style_0
TSHFY6M8SHXHXGWH,white,style_0
TSHFW47Q2FHXJZJW,white,style_0
TSHFW4BGPMDMR9GF,white,style_0
TSHFW482YJNHGV5G,white,style_0
TROFYN7XNHN2KRJH,pink,style_1
SRTFVBDF9WXTEVFJ,gray,style_1
SRTFVBD2W9ATVWKP,gray,style_1
SRTFVBAR6YZUZXQR,pink,style_1
SRTFVEQPDREMKKBW,pink,style_1
SRTFVHYX8RZUK37M,white,style_1
SRTFVFXJFZGYS5MZ,white,style_1
TSHFZHPBZ6QSYFRN,brown,style_0
TSHFZHPCQ3KJZFCB,white,style_0
TSHFZKJHSPC96PMZ,pink,style_0
TSHFZHPBHVGGMFFQ,white,style_0
TSHFZHPCKV2JXDUF,white,style_0
TSHFZHPBZNZ7HZRT,white,style_0
TSHFZKJHBGGUBASG,pink,style_0
TSHFZKJHPDKJZZ8X,pink,style_0
TSHFZKJHQ4GWPCDY,pink,style_0
TSHFZKJHASFMNT2Y,pink,style_0
TSHFZHPCPATEGC2E,white,style_0
TSHFZHPBXMRMMUY4,pink,style_0
TSHFZHPBVYPHHC2J,pink,style_0
TSHFVXE3MQH8V9QP,white,style_0
TSHFVXEGJNSMGXAM,white,style_0
TSHFVW7FV6HZWPHH,white,style_0
TSHFWG3TCF4AM5VU,white,style_0
TSHFVXDZFUKKVERU,white,style_0
TSHFW394E2XRZ76G,white,style_0
TSHFW38TPEUEHKGA,white,style_0
TSHFW3944S7KAYYN,white,style_0
TSHFW38TWKRFBHXQ,white,style_0
TSHFW3947QNACHHQ,white,style_0
TSHFW38TG8HXAT5Z,white,style_0
TSHFW38TKRYKFRGP,white,style_0
TSHFWG4YSRGPAGMM,white,style_0
TSHFVTWUXGR6SKJG,white,style_0
TSHFVXE9KKAHEJZA,white,style_0
TSHFVXDW4TGGXUWQ,white,style_0
TSHFVXE9MVQVA5J3,white,style_0
TSHFVXE9WQ8S7FUY,white,style_0
TSHFW38TKBN5GCWN,white,style_0
TSHFVTWYHYZMZHEV,white,style_0
TSHFVXDXGMY9G2MJ,white,style_0
TSHFVXEMDG6C8TYX,white,style_0
TSHFVTYZAM8DUVXP,white,style_0
TSHFVTYZHGTFRGGM,white,style_0
TSHFVW4NCJT8XJGS,white,style_0
TSHFVXE332TFJMZ4,white,style_0
TSHFVTWYNRZCKGCA,white,style_0
TSHFVXDW7D23W5RA,white,style_0
TSHFWG43ZCTVWYKJ,white,style_0
TSHFVW4NG4KPPEBJ,white,style_0
TSHFVXEMJGN8GYNX,white,style_0
TSHFVXEGHXCKVVJP,white,style_0
TSHFVXEG5RCATN8K,white,style_0
TSHFWG65MVMSAGD2,white,style_0
TSHFVTX29Z5GGSH5,white,style_0
TSHFW3C3HZ2FHZDV,white,style_0
TSHFVXDZC8CG4VVG,white,style_0
TSHFWG3QWBMSZU4F,white,style_0
TSHFVTWUFUDFZMZU,white,style_0
TSHFVW4NYKDSH7HM,white,style_0
TSHFVTYZHH6KUZDH,white,style_0
TSHFVW7FQRGHZVFX,white,style_0
TSHFVW7FZE7WAZZG,white,style_0
TSHFVXEMNTRRPBGS,white,style_0
TSHFVXDXTBCZHFMK,white,style_0
TSHFVXDXVBZPHTKG,white,style_0
TSHFVTX2ZEDHHD2T,white,style_0
TSHFVXE3ZTTPVKSF,white,style_0
TSHFVW7FTUNGFZAF,white,style_0
TSHFVW4ZRQGDTGWP,white,style_0
TSHFVXFDS9YGPZFK,white,style_0
TSHFW394XPWTVHSG,white,style_0
TSHFVXDXZMJBSYB2,white,style_0
TSHFW3C3S3HWXP5W,white,style_0
TSHFVW4N4DREGNKY,white,style_0
TSHFW3C3VKHQFCG7,white,style_0
TSHFW37EKMTDESFH,white,style_0
TSHFVXFDQKBA6WWG,white,style_0
TSHFVTWVSYPYQDZB,white,style_0
TSHFVW4NYVXCZHZ8,white,style_0
TSHFVW7FCRFRQNHM,white,style_0
TSHFVW4NZEJTVGBY,white,style_0
TSHFVW7F8T3V85YK,white,style_0
TSHFW3C3KJGUYHNX,white,style_0
TSHFW37EDHPFGDPM,white,style_0
TSHFVXDZXSVVVTQA,white,style_0
TSHFVXE3SKHMFJUD,white,style_0
TSHFVW4NERHSPYAH,white,style_0
TSHFW3C352EXVPKY,white,style_0
TSHFVTWVZFCQXHGT,white,style_0
TSHFVXFCFHPAPAUT,white,style_0
TSHFVXE9DFQAMRCM,white,style_0
TSHFVXDWFPBZKUTG,white,style_0
TSHFVW7FGJCZXGYB,white,style_0
TSHFVW7FYE2FANBH,white,style_0
TSHFVXFCHAKTRNDQ,white,style_0
TSHFVTWUZAMTNABV,white,style_0
TSHFVTWUSZJPCZXR,white,style_0
TSHFVW7FPJXNPMVG,white,style_0
TSHFVXEMYMHSYZ53,white,style_0
TSHFVTWVHDWZZT9C,white,style_0
TSHFVTX2YRNSDMWM,white,style_0
TSHFVW4ZJH87CGY2,white,style_0
TSHFVXDWBBRJ3QTY,white,style_0
TSHFW38TUHEVPKQQ,white,style_0
TSHFW38TBJSD3ST8,white,style_0
TSHFVXFDQNVU3VZM,white,style_0
TSHFVW4Z9ZSZ9ESJ,white,style_0
TSHFW37E95VZZQCW,white,style_0
TSHFVW4ZZHFWTN2J,white,style_0
TSHFW3C3FQVKCBCS,white,style_0
TSHFVTYNDB5ABAYV,white,style_0
TSHFW38TKZQNHU5F,white,style_0
TSHFVTX2YYFQB4G6,white,style_0
TSHFVTWYJGAMAYTH,white,style_0
TSHFW37E6F4KCFHH,white,style_0
TSHFVTWYERSHJH89,white,style_0
TSHFW3C34FENFGFU,white,style_0
TSHFVXFDE9FYUETF,white,style_0
TSHFVW4NWEBKJ8VN,white,style_0
TSHFVXDZSG2MA3FY,white,style_0
TSHFW3C37FWEBNEW,white,style_0
TSHFVXFCHKBQKFV4,white,style_0
TSHFW37EWUZBPKNU,white,style_0
TSHFVTYZ2DT3GTWW,white,style_0
TSHFW37E4CYAGGV8,white,style_0
TSHFW37EQJCRFHZU,white,style_0
TSHFW37DZQFHJTXP,white,style_0
TSHFVW7FRYDZ99HB,white,style_0
TSHFW37EYNQCDENU,white,style_0
TSHFVW7FVJTZ6KQ2,black,style_0
TSHFVXFYGUTFXD9B,white,style_0
TSHFVW7FVF9PHQZX,black,style_0
TSHFVTWVR2CCCTXC,white,style_0
TSHFVXDZGAYPKBX5,white,style_0
TSHFVXDZWSPGEYMK,white,style_0
TSHFVTYNTWZG6RUD,white,style_0
TSHFVTYNJ7SVDEZG,white,style_0
TSHFW37DEF645THF,white,style_0
TSHFVXFYMPWXC2Y3,white,style_0
TSHFW37EZ4GARXUJ,white,style_0
TSHFVXFYA5Y9WYH6,white,style_0
TSHFW37EEG7J76QM,white,style_0
TSHFVXFCART7GWSP,white,style_0
TSHFW38SS8ZRHMAP,white,style_0
TSHFVXFYP9PMUCKT,white,style_0
TSHFW37DW9QYRSUD,white,style_0
TSHFVXDZXN4U7GYK,white,style_0
TSHFW38SBN7QX5KM,white,style_0
TSHFW38SFNWGQKDS,white,style_0
TSHFW37EMBPD2X9B,white,style_0
TSHFW37EGWZXTMAX,white,style_0
TSHFVXEGH8WXTJEK,white,style_0
TSHFVW4NWMHBGYQ2,white,style_0
TSHFVW4N7JDZJCKP,white,style_0
TSHFW38S2MZDEGCQ,white,style_0
TSHFVW4NMEKP4GBE,white,style_0
TSHFVTYNHGZCH9FZ,white,style_0
TSHFVW4NSSYR3BPB,white,style_0
TSHFVXFHHF2BJDGF,white,style_0
TSHFVXFHKZNEGWA2,white,style_0
TSHFVXFHDKB94T6E,white,style_0
TSHFVXDZUUNAYSFW,white,style_0
PYJFGJFZ372UUDFD,white,style_1
PYJFGJFZ9MDP6JDD,white,style_1
SRTFK9KE3CSGBRFD,pink,style_1
BXRFGGZKHS3GH2XJ,pink,style_1
BXRFGJYNEZWQBEUN,pink,style_1
BXRFGGZHCEQRWHKW,white,style_1
BXRFGGZH3GHGCACX,pink,style_1
PYJFGJFZYZRYRC3H,pink,style_1
BXRFGJYAGGD8FX6D,pink,style_1
BXRFGGZJGWSUMHYG,pink,style_1
SRTFK9JVFAAZNEUP,pink,style_1
BXRFGGZHJFBTDYKY,white,style_1
SRTFK9KYKBF5AGKM,pink,style_1
SRTFK9K5EUAG3YQT,pink,style_1
BXRFGGZJU2M3ZHAY,white,style_1
BXRFGGZG9RFB55AD,pink,style_1
SRTFK9JNAFPVPJGN,pink,style_1
SRTFK9GPV79KMNGH,pink,style_1
SRTFK9JP8Y94BCFC,pink,style_1
SRTFK9KFEJUP7GHJ,pink,style_1
SRTFK9GYZMZUUZKC,pink,style_1
SRTFK9GJHGGSHXPR,pink,style_1
SRTFK9GGZHZGJZNZ,pink,style_1
SRTFK9GFPADGE7HF,pink,style_1
SRTFK9JU3HSSQXZC,pink,style_1
SRTFK9GFM6YYHVZC,pink,style_1
BXRFGGZHYGY8YXY8,pink,style_1
PYJFGJFZNNPCQTH5,white,style_1
SRTFK9GYFCPRWNAE,pink,style_1
BXRFGGZGZDXXWMXZ,pink,style_1
BXRFGGZGFGMYDB4G,pink,style_1
BXRFGGZGDA2NKZJD,pink,style_1
BXRFGGZGPP39SMTJ,white,style_1
BXRFGJYQ4QPCGTTZ,white,style_1
BXRFGGZHEVARGJTU,white,style_1
BXRFGGZGZJNRFJE7,pink,style_1
BXRFGGZGNNK9B3W7,white,style_1
SRTFK9GYWH9JE5HW,pink,style_1
BXRFGGZHEYYR4RF9,pink,style_1
BXRFGGZHN9FWHGSM,white,style_1
BXRFGGZH8ZHGCME4,white,style_1
PYJFGJFPWFKU7MF8,white,style_1
BXRFGGZHS6RJMVQE,white,style_1
DHTFX89VJGWJCJSH,white,style_1
SWSFVZPSTS5UQ8YN,brown,style_0
TSHFZZW5SA9MCGBH,black,style_0
TSHFZZW5XGPSM6KC,black,style_0
TSHFZR48WZNEXNUG,black,style_0
TSHFZR3GRSZHDKT5,black,style_0
TSHFZR4GCH7DKER5,black,style_0
TSHFZR4G2NHXG8V6,black,style_0
TSHFZR4GYSKB5AWM,black,style_0
TSHFZR3DAF3AUUBH,black,style_0
TSHFZR3CZUKEUMQF,black,style_0
TSHFZR48JVZK5BYR,black,style_0
TSHFZR4GZ9QGV3QG,black,style_0
TSHFZR4MC5JHNH7P,black,style_0
TSHFZR3CKNSPZZE7,black,style_0
TSHFZR3C23G3ZB8K,black,style_0
TSHFZR3BNGUSD5Z5,black,style_0
TSHFZTKGR8QUR7GB,black,style_0
TSHFZR3DGG7HFQQ4,black,style_0
TSHFZR4GVVMRTRDM,black,style_0
TSHFZR3B4EY6TZEC,black,style_0
TSHFZR4G94DN4MHK,black,style_0
TSHFZS2DW5GBVEW2,black,style_0
TSHFZR3JJCU6UZM3,black,style_0
TSHFZS2DPWBRHSUS,black,style_0
TSHFZS2DZH4HFVCW,black,style_0
TSHFZS2DSQH7T5RR,black,style_0
TSHFZSFUGJ8U82F7,black,style_0
TSHFZSFUHZPYNRCH,black,style_0
TSHFZS2DNS8DNUHX,black,style_0
TSHFZR65HJHZFJG5,black,style_0
TSHFZR48GJGJ4NSY,black,style_0
TSHFZR48HFZQSHCB,black,style_0
TSHFZR48YZSP3R2X,black,style_0
TSHFZR776FQ59HWX,white,style_0
TSHFZR48KJQ5RTQ8,black,style_0
TSHFZRE6E6PTEC7P,black,style_0
TSHFZRBPAXYUJYYZ,black,style_0
TSHFZR78ATJWCE9S,white,style_0
TSHFZR65YTUXMDDW,black,style_0
TSHFZR48ZF28CK9S,black,style_0
TSHFZTKGR8QUR7GB,black,style_0
TSHFZR65CGKAW2DF,black,style_0
TSHFZR65AZHG3GXA,black,style_0
TSHFZR65YRJG7RVJ,black,style_0
TSHFZR48BXVURFZX,black,style_0
TSHFZR65MVMAFXKY,black,style_0
TSHFZR65MMMA5DFC,black,style_0
TSHFZR48KHQEAGYV,black,style_0
TSHFZR44WBPJN93P,black,style_0
TSHFZR7ZFWZHJMZC,black,style_0
TSHFZR3NFEXNGZPQ,black,style_0
TSHFZR42RDQFRDFC,black,style_0
TSHFZR3CSZE8HNXV,black,style_0
TSHFZRDFBNRUDGTB,black,style_0
TSHFZR48QGB9UMVN,black,style_0
TSHFZR3Z4JEWEHGX,black,style_0
TSHFZR3WZEJR3Z3P,black,style_0
TSHFZR485BKVG55H,black,style_0
TSHFZR3ZHJFWKGGA,black,style_0
TSHFZRCU9DSQTHMU,black,style_0
TSHFZTKGR8QUR7GB,black,style_0
TSHFZS79JFSDYVYH,black,style_0
TSHFZS7FE3UGWZ3Y,black,style_0
TSHFZS6WHVYRCJDW,black,style_0
TSHFZS7BR8SUUHMP,black,style_0
TSHFZS6VAEUZDQYH,black,style_0
TSHFZRDRZZ6N46EY,black,style_0
TSHFZR77WEXH3YXD,black,style_0
TSHFZR74HNPFWZNB,black,style_0
TSHFZRE8UFGBKGFZ,black,style_0
TSHFZRDG3DQCFMEH,black,style_0
TSHFZRCNTDHXRGFY,black,style_0
TSHFZRDZ7XG4AVUY,black,style_0
TSHFZR77XYTBAFDZ,black,style_0
TSHFZR6FUYDVNQ9P,black,style_0
TSHFZRDXYHZ8CGZZ,white,style_0
TSHFZRCNJ3TF5Y7Q,black,style_0
TSHFZR5FRYQEWWQM,black,style_0
TSHFZR5FGUWHXGTH,black,style_0
TSHFZR75QWRHGD8M,black,style_0
TSHFZRDXZXMFCCFE,white,style_0
TSHFZTKGR8QUR7GB,black,style_0
TSHFZR74ZYGSV2AR,black,style_0
TSHFZR75DECCNRWJ,black,style_0
TSHFZR75USEDW7BK,black,style_0
TSHFZR5FYHXT2QWH,black,style_0
TSHFZRDUMFUMAFVH,black,style_0
TSHFZR76GMYZNXFW,black,style_0
TSHFZTKGZRZSYPSG,black,style_0
TSHFZTH53JWQ9YXN,black,style_0
TSHFZTPNQGYPE4FT,black,style_0
TSHFZTKAYPTREYZU,black,style_0
TSHFZTKAGCZMH6KD,black,style_0
TSHFZTKGNN3UEE9H,black,style_0
TSHFZTH32S6YWUX3,black,style_0
TSHFZTPQGBMRY52C,black,style_0
TSHFZTH4YVKVHFKZ,black,style_0
TSHFZTKGR8QUR7GB,black,style_0
TSHFZUDUEZ6E4ZRZ,black,style_0
TSHFZUDTDFFXVRDM,black,style_0
TSHFZTFTH4UEXGBS,black,style_0
TSHFZTFTFXU5RKPJ,black,style_0
TSHFF75P5ZUKN93W,gray,style_0
TSHFF75PVU5UFM4J,gray,style_0
TSHFF75PHCFAHE7Z,black,style_1
TSHF9P7YT6DVBNSF,black,style_0
TSHF9GHWYYTT9ZTY,black,style_0
TSHFF75PGDPQ9QRV,gray,style_0
TSHFF75PFGAMXGZH,brown,style_0
TSHFF75PNQZMREZF,brown,style_0
JEAFHEZGFAHMXSDN,white,style_1
SHTFHF5MR8SD6CAJ,pink,style_0
TKPFPBRWYCGXGD3F,black,style_1
JEAFHEZGXEZ7VTUH,white,style_1
SHTFHF5HHG7PGRQJ,white,style_0
JEAFHEZGHQHG4YFF,white,style_1
SHTFHF5KT6RRMBYY,pink,style_0
JEAFJ46KDH5GQDZN,white,style_1
SHTFHF5HGYWBHDZT,white,style_0
JEAFHEZGFSSJCBYN,pink,style_1
JEAFHEZGPCXNDZC2,white,style_1
JEAFHEZGXFH8WZQR,white,style_1
JEAFHEZH9KVGTJJS,white,style_1
SHTFHF5NH75NHHX9,white,style_0
SHTFHF5NBDZK6ZYA,pink,style_0
SWSFGNK2VZBAM7GG,pink,style_0
TKPFW6455HJV2JVH,white,style_1
SHTFHF5ZZWZPJQCS,white,style_0
TKPFW4YR4NC5D3C3,pink,style_1
TKPFW45FHTCU9SUE,white,style_1
TKPFWJF7GG7YQSXM,black,style_1
JEAFHEZGH3YUJFZH,white,style_1
SHTFHF5HFRCBHBJN,pink,style_0
SHTFHF5HN5KHJRGV,pink,style_0
TSHFGNKBMZQFFXCG,pink,style_0
TKPFPBJCY6M4UJBU,black,style_1
TKPFPBRYYDH3VAVF,gray,style_1
TSHFPDP6XBUKAYTC,white,style_0
TSHFHF37GX8HHGSH,white,style_0
JEAFHEZHAZSRM3TX,gray,style_1
SHTFHF5HFRCBHBJN,pink,style_0
SHTFHF5HN5KHJRGV,pink,style_0
TSHFGNKBMZQFFXCG,pink,style_0
SHTFHF5MFFDTZPAB,pink,style_0
JEAFHEZH9KVGTJJS,white,style_1
TKPFPBJCY6M4UJBU,black,style_1
TKPFPBRYYDH3VAVF,gray,style_1
TSHFPDP6XBUKAYTC,white,style_0
TSHFHF37GX8HHGSH,white,style_0
TSHFPDP6VHZEFSSS,white,style_0
TKPFPBFZQHF7NJW2,black,style_1
TSHFXQU4HFR4DZAH,pink,style_0
TSHFPDP6YHAYDVGZ,white,style_0
TKPFPBJD63BFVMZH,white,style_1
TSHFPDP66HXSHGQ9,white,style_0
TSHFPDP6JEJRNJPV,white,style_0
SWTFHFY4QXVP2EPQ,white,style_0
JEAFHEZHPEXZKYGV,white,style_1
JEAFHEZHRSTZQ82C,white,style_1
SHTFHF5HTGRGB6SH,white,style_0
SHTFHF5ZE2VH6GPZ,white,style_0
TSHFJFVBKFMMDPHC,white,style_0
SHTFGAA5QRSGT6RW,pink,style_0
JEAFHEZGJKUVATA6,pink,style_1
TSHFJFVB4UGTZR4Q,white,style_0
TKPFW4ZM6BAQZTHM,pink,style_1
TKPFW44SHG2VYJBT,pink,style_1
JEAFHEZGXRFCZZZS,white,style_1
JEAFJ46K5PHQKYTU,white,style_1
SRTFHJVHSVJBSJ9Y,pink,style_1
SHTFJQFMYCKZKZHB,white,style_0
TROFHF5SZHEZTRDJ,pink,style_1
TSHFHF38WGUUTKGU,pink,style_0
TSHFPDP56RMBGMGS,white,style_1
SHTFHF5NHFYBYXJB,pink,style_0
TKPFPBJD7ZGHDUMZ,black,style_1
SHTFHF5MGDZD8BXJ,white,style_0
PYJFZCT4GKTAEMBZ,gray,style_1
SWSFJFV4ZKWUX2FP,black,style_0
PYJFX3H3K7KE2YKV,gray,style_1
TKPFPBFHKDE9JSC2,black,style_1
TSHFPDP64QDDAXDZ,brown,style_0
SHTFHF5NYKHG6UW5,white,style_0
PYJFX3HUZWDDFVER,black,style_1
TKPFPBJCMTSKMGWD,white,style_1
TROFHF5VZ6JEY3ZF,pink,style_1
TSHFPMSYJMYNSQMZ,black,style_0
SHTFHF5HDN4HW69Z,gray,style_0
SHTFHF5M7SRBBUCC,pink,style_0
JEAFHEZGHCDC96NM,white,style_1
SHTFHJW4JGKCTZ5E,white,style_0
SHTFHF5MWH2H39HG,pink,style_0
SRTFHJVHAYMEYHYY,pink,style_1
SWTFHFY4QPNNNYED,white,style_0
SHTFHF5HHTMFUGCZ,pink,style_0
SHTFHF5MSNV32WZZ,white,style_0
TSHFHF38G2NMSNPW,white,style_0
SHTFHF5NMSDHZSBC,white,style_0
TROFHF5TYJX6KZJB,white,style_1
SHTFHF5ZMBEBDYXG,white,style_0
JEAFJ46KEJUPGMUH,pink,style_1
SHTFHF5KENGC8TEY,pink,style_0
JEAFS2JWKPBRNYTU,white,style_1
SHTFS2GMNEQEGA9C,white,style_0
SHTFS2GMZSRZGM5W,white,style_0
SHTFS2GMQAGBEYG9,gray,style_0
SHTFS2GMHBPUHUCY,black,style_0
SHTFS2GMUTVRGSDJ,gray,style_0
SHTFS2GMDNUA2AGG,gray,style_0
SHTFS2GMDHSUFSJD,brown,style_0
JEAFS2JZF6ZS6X3G,white,style_1
SHTFS2GNPXXKXY2U,black,style_0
SHTFS2GMN285GPDH,gray,style_0
JEAFS2KAPAMYUTHJ,white,style_1
JEAFS2GSCSP5VCHW,black,style_1
SHTFS2GNP3Z3CCHH,black,style_0
SHTFS2GMBYSVTZME,gray,style_0
SHTFS2GMZJTX6V9Q,white,style_0
SHTFS2GMDMPVJG9P,gray,style_0
SHTFS2GMG9CKSMJJ,white,style_0
SHTFS2GMZTTZ7AKZ,white,style_0
SHTFS2GMTKM7UQUP,black,style_0
SHTFS2GMSEZHQFTN,gray,style_0
JEAFS2JBEKM4ZSAV,white,style_1
SHTFS2GZPRJPWPBE,pink,style_0
SHTFS2GMNCMV8DDH,white,style_0
JEAFS2JZQBHZSHAV,white,style_1
JEAFS2JJSEZRATH4,black,style_1
SHTFSA4WHTU5QXBQ,gray,style_0
JEAFS2JXY99WKPUW,white,style_1
SHTFS2GMNEQEGA9C,white,style_0
SHTFS2GMFRSJGZZP,purple,style_0
SHTFS2GMDNUA2AGG,gray,style_0
SRTFVW73ETDFHGDZ,white,style_1
SHTFS2GNV9SUCT6M,brown,style_0
SHTFS2GZFQKDG8QX,pink,style_0
SHTFS2GMZTTZ7AKZ,white,style_0
JEAFS2JZHCWVVTQY,gray,style_1
SHTFS2GMWJN9GHGW,gray,style_0
JEAFS2JWKPBRNYTU,white,style_1
SHTFS2GMZBHGEBFN,brown,style_0
JEAFS2JG6N7ZTFYS,white,style_1
JEAFS2JVMPZYGKZA,white,style_1
JEAFS2KAPAMYUTHJ,white,style_1
SHTFS2GZVGWEWBEN,white,style_0
JEAFS2K2YZTV7MFV,white,style_1
SHTFS2GMADFJN4DD,gray,style_0
JEAFS2JWKPBRNYTU,white,style_1
SHTFS2GMYDEZKCXC,black,style_0
JEAFS2JZ3RY889ZS,white,style_1
SHTFS2GMNEQEGA9C,white,style_0
SHTFS2GMDVVZHAXV,white,style_0
SHTFS2GMDNUA2AGG,gray,style_0
SHTFS2GZHJSPGWHU,white,style_0
SHTFS2GMZ2HHZRE9,gray,style_0
JEAFS2JZXS5E2TKH,white,style_1
JEAFS2KAPAMYUTHJ,white,style_1
SHTFS2GMZTTZ7AKZ,white,style_0
SHTFS2GMAZSTPETG,gray,style_0
SHTFS2GMCTMYGRXQ,brown,style_0
SHTFS2GMGXVPCFK2,white,style_0
SHTFS2GM9H2PG6CX,black,style_0
SRTFVW6VXP59YVXR,pink,style_1
SRTFVW6VYZ55HHFQ,pink,style_1
JEAFS2JWKPBRNYTU,white,style_1
SHTFS2GZZAHWWWBU,white,style_0
SHTFS2GMZDWZXBJD,brown,style_0
SHTFS2GMNEQEGA9C,white,style_0
SHTFS2GMZ6T3MFU6,gray,style_0
SHTFS2GMDNUA2AGG,gray,style_0
SHTFS2GMHHPY6FHW,black,style_0
SRTFVW6V3RH7QF8A,pink,style_1
SHTFS2H2GYECQ22G,white,style_0
SHTFS2GMZTTZ7AKZ,white,style_0
SHTFS2GZE7GDCXSX,white,style_0
SHTFS2GMSHK6UQEJ,white,style_0
SHTFS2GMSZS2GAH6,brown,style_0
JEAFS2KAPAMYUTHJ,white,style_1
SHTFS2HY3NXYGYXZ,pink,style_0
SHTFS2GMRQGXESWH,brown,style_0
SHTFS2GZNYMC9DJ4,white,style_0
SHTFS2GMGZHUE9FQ,gray,style_0
SHTFS2HYVDC2DMP8,pink,style_0
JEAFS2JWKPBRNYTU,white,style_1
SHTFS2GMNEQEGA9C,white,style_0
JEAFS2JWKPBRNYTU,white,style_1
JEAFS2JWKPBRNYTU,white,style_1
JEAFS2JWKPBRNYTU,white,style_1
JEAFS2JWKPBRNYTU,white,style_1
JEAFS2JWKPBRNYTU,white,style_1
JEAFS2JWKPBRNYTU,white,style_1
BXRFX3KRG9GMHCYK,pink,style_1
BXRFX25BHPAEBT5G,gray,style_1
BXRFX4TKPNDGGDBP,gray,style_1
BXRFX25BTDGYF7PQ,white,style_1
JEAFW4DU5ZCHV7YH,pink,style_1
JEAFWYUUQMPHCV4Y,gray,style_1
JEAFW4DUEGRPEYDR,gray,style_1
JEAFW4DUZ6KB5DGV,gray,style_1
JEAFW4DWXDMDBPJR,gray,style_1
TKPFZHV4MZB4TF7G,white,style_1
TKPFZHVB5NDHGXTY,white,style_1
TKPFZHWVE8NZ2GWE,white,style_1
SRTFZBZWJRYRJAHZ,black,style_1
TROF8NGF3SZF2SPN,white,style_1
SRTFWGQHZF6GK5DA,black,style_1
TROFUBE37PHUYRRX,white,style_1
TROF492YCGZHVZ5W,white,style_1
TROF8NGFTMTXRFJG,white,style_1
TROF8NGFTZNFMHYD,white,style_1
TROFUBE3Y7XZNGSZ,white,style_1
TROF4JF9VB75MJKM,white,style_1
SHTFYRKYCRBARTSR,white,style_0
SHTFYRKFKMQNUBN5,white,style_0
TROF8NGFGJHGPXA7,white,style_1
TROF6FV8U39XRRYZ,white,style_1
TROF6FUMHGRVQN6D,white,style_1
SRTFWGQH5HUZZXKE,gray,style_1
BXRFWE2XSXHY2YMM,white,style_1
BXRFWE2XZNGHAZZG,brown,style_1
BXRFWDYC6WGFYVRW,orange,style_1
BXRFWE2XU8XFVJFN,brown,style_1
BXRFWB3MJWN6DCJR,white,style_1
DHTESM5M9H5SXENG,white,style_1
DHTESM5MNFJWCYFB,white,style_1
TGTFWF6KQJ9ZSKN5,brown,style_1
SRTFW4GC5YHGZY3A,black,style_1
SRTFW4GCKZGDPCHW,black,style_1
SRTFW4GCTGA3BEZ8,black,style_1
SRTFW4GC2JQEGDAC,black,style_1
CAPESKVF5Q5HY3BY,white,style_0
TSHFWGZ3559YFMJG,white,style_0
TSHFVJZ3U53D9FMS,white,style_0
TSHFVJZ3RMKUZSJC,black,style_0
TSHFVJZ3KYYGRYK7,white,style_0
TSHFVJZ3JVDRSSJF,white,style_0
TSHFVJZ3WPFKAJY5,white,style_1
TSHFVU58D5QDRJKY,pink,style_0
TSHFVJZ3TCG9MQFW,white,style_0
VESFZHNUMJQZHYZM,white,style_0
SOCF9P9YCJHRAPCY,white,style_1
TSHFWXFGUHXYGWFJ,black,style_0
TSHFWXFFGV865AFB,black,style_0
TSHFWXFG3H8HWJ5G,black,style_0
TSHFWXFDYHXHF4ZM,black,style_0
VESFWP7HZNZXEHQW,white,style_0
TSHFVH8UQRKGKVX6,black,style_0
VESFWQFGZY6XDTR2,white,style_0
VESFWHXFC3BWUBRV,white,style_0
VESFWP7HU2MM59NA,white,style_0
VESFWHXFHGNAYHUS,white,style_0
TSHFVH9GRUG8NG9N,white,style_0
SOCEX2WJPHDNBHMH,white,style_1
SOCEV3GKZFVEPGGV,black,style_1
ARME8P6GZGFHAUPX,white,style_1
SOCEX2WMYJNZWHHZ,white,style_1
SOCEUQTZNHVFW6G4,black,style_1
SOCEVZ3DCUCZKMMT,black,style_1
SOCEUQTZGYVJDDJH,black,style_1
ARME8P6GFSXGE9AW,black,style_1
SOCEVUBQKM4HBT4G,gray,style_1
SOCEV3GK4HFTAWZH,black,style_1
SOCEUQTZPJQDFT9M,white,style_1
SOCEQQGGUW9ATH6Z,black,style_1
SOCEXGGHM7XFMHSQ,black,style_1
SOCEYGKUYCPEY7VY,black,style_1
SOCEWZ7EMC7RHJT8,black,style_1
SOCEYGKU6D6FNHZJ,white,style_1
SOCEWZ7E7WJZTHHY,black,style_1
SOCETNEEDA7F7HYR,black,style_1
SOCEHZGGZ2ZEGYEV,black,style_1
SOCEBKNPQJXGFKKA,black,style_1
SOCENC52GTNPTM9U,white,style_1
SOCEQQGNBHZZHGKF,black,style_1
SOCEHZGGYRZD3TYF,white,style_1
SOCETKM6TYA2TDJT,black,style_1
SOCEC99N9SPTTWKJ,black,style_1
SOCEX2WJGBG687GP,white,style_1
SOCEX2WG594CCCED,black,style_1
SOCEUQTZZRUV8FHU,pink,style_1
SOCEHZGGZAWWHR8W,pink,style_1
SOCEHZGGCFNDEPDT,black,style_1
SOCEQQGGCGE9ZTWG,white,style_1
SOCEUQTZU86AWHMQ,black,style_1
SOCEWMKG5HUYMGCS,white,style_1
ARME8P6GXFED7RJZ,white,style_1
GVEEMRFVHTUZYYUN,black,style_1
GVEEMRFVZHW49FN3,white,style_1
GVEEMRFVNS3U8Z5N,black,style_1
SOCEC99MTJKENFDU,black,style_1
SOCEHZGGCYWT2FN2,white,style_1
SOCEZWZRHHK5BUA8,black,style_1
SOCEBS8BGEVTQTYV,black,style_1
SOCEC872AMJHJK5T,black,style_1
SOCEXM922RAKTCEP,black,style_1
SOCEX8GP3JDFUDSR,white,style_1
SWSEMKBS9MYMTHVN,white,style_0
SWSEMH23GJFXYHDG,white,style_0
GVEEG6F4P6MRNG4N,pink,style_1
GVEEG6CKFSF2Q5QC,gray,style_1
SRTEHZFHVH6A9XHC,white,style_1
SRTEHZFMUYZXBMFU,white,style_1
SRTEHZFHNM2MKMM3,white,style_1
SRTEHZFHVQGB79UU,white,style_1
PYJEZQ4VF8RZ5CQ8,white,style_1
TSHE5FZK8UVFUPBG,black,style_0
TSHE59FZCGYRTZKJ,white,style_0
GVEEG6CHAH6RFYH4,white,style_1
TSHEBFM3ZYBGXN8C,gray,style_0
TSHEG64SDHDEZAGH,purple,style_0
TSHEG4ZZHZYNFYEF,gray,style_0
TSHEG5FPJMEZQXBD,black,style_0
TSHEG5Y3ZNYCADMV,white,style_0
TSHEDPCVDBAZCWDF,black,style_0
TSHE59FMXKACBEHH,white,style_0
TSHE6X3YCM9BKVBF,white,style_0
TSHE6X3YCWWZCFYN,green,style_0
TSHE6GH75NH3P8JW,black,style_0
TSHE6X3YFVT4GEFM,pink,style_0
TSHE6X3YHXCUWHN6,gray,style_0
TSHE5BVT8NZYBNXR,white,style_0
TSHE5BVTEH5RG6UZ,gray,style_0
TSHE5BVT5V7AW4QH,white,style_0
TSHE5BVTMRSUMGEG,white,style_0
TSHE6GH8CRSWRADQ,pink,style_0
TSHE6X3Y2GGKGSHQ,gray,style_0
TSHE6X3YYGEHVDNG,pink,style_0
TSHE6X3YNMDXHSJY,brown,style_0
TSHE6GH8ZAS4HH2B,gray,style_0
TSHE6X3YXRGMEQHK,white,style_0
TSHEATQPU4H57EWU,white,style_0
TSHE5GSJSVFNXHWZ,black,style_0
TSHE6X3YKUM52FPN,pink,style_0
TSHE6X3YVQQBYHXZ,white,style_0
TSHE6X3YZCETJYMH,black,style_0
TSHE6X3YHTSBHCKG,brown,style_0
TSHE5FZKGZBKU9KM,white,style_0
TSHE5FZKJTA6TY6Z,gray,style_0
TSHE6GH8JDBFRV2P,white,style_0
TSHE5BVTYVWKQFSM,black,style_0
TSHE6GH8TZYCASWA,black,style_0
TSHE6GH7YGKBAF3G,purple,style_0
TSHE5GSJHWZHXTXT,gray,style_0
TSHE6GH8HWQCZBDE,brown,style_0
TSHE5GSJBQRGAPHN,white,style_0
TSHE5BVTWMQZXXUM,black,style_0
TSHE6X3FVZDVDT2R,gray,style_0
TSHE6X3FDSWYGFCG,white,style_0
TSHE6X3Y4ZYGFZUQ,white,style_0
TSHE59FZUKJSSREZ,white,style_0
TSHE59FZJMJVY6XW,black,style_0
TSHE5BVTWRQB4MWF,white,style_0
TSHE5FZKWJ5Y4549,green,style_0
TSHE59FZZM3YXYZP,pink,style_0
TSHE59FZWTFXSHGS,pink,style_0
TSHE5GSJKNFXBHJN,white,style_0
TSHE5FZKDNYUGRMG,black,style_0
TSHE5GSJCZ8HXAAZ,black,style_0
TSHE59FZYNSBKPYZ,white,style_0
TSHE59FZCHVMXTCC,white,style_0
TSHE59FZSPNHNDE7,white,style_0
TSHE59FNMFGPYTWV,black,style_0
TSHE6X3FJA9GDPVZ,green,style_0
TSHE59FZKNP3V9NG,pink,style_0
TSHE5BVTS8QHGDHP,white,style_0
TSHE6X3YQQJ7H2SR,gray,style_0
TSHE59FZ8BQ9TZYR,green,style_0
TSHE5BVTQTHMFFDV,black,style_0
TSHE5GSJBGZZAAAX,green,style_0
TSHE5FZKRBEH6GZB,black,style_0
TSHE5BVU6BK9EGGE,black,style_0
TSHE5GSJT3XNSZCR,black,style_0
TSHE5BVTMD7H2XHK,gray,style_0
TSHE5BVUZ2H8RPHR,black,style_0
TSHE59FNPJEEYCQA,white,style_0
TSHE5FZKUYB4SEUZ,gray,style_0
TSHE59FZ8AFFXFHB,black,style_0
TSHE59FZBSAFJYKY,black,style_0
TSHE59FZVWHBMXAV,white,style_0
TSHE6X3Y5WEYTDUF,black,style_0
TSHE5GSJEYXCXQHG,gray,style_0
TSHE59FZCS7SZAJ7,white,style_0
SRTEHC32JA6G4VMG,gray,style_1
VESEG9VF5HBQFR5Z,white,style_0
SNDFVJ9HYHGXUZDM,brown,style_1
SNDFVJ9HGZHFYQVM,black,style_1
SFFFVWCVQXZ3X5UN,black,style_1
SNDFVJ9H4R5MUEJP,gray,style_1
SNDFVJ9HRFZWS3KJ,black,style_1
SFFFVWCVHQV3CYX6,black,style_1
SFFFVWCVNKYQ8YM9,gray,style_1
SFFFVWCVMZJUFYVZ,black,style_1
SFFFVWCVJ9BMES2H,black,style_1
SFFFVWCVJH474TXA,black,style_1
SFFFVWCVAUNFHEEY,black,style_1
SFFFVWCVZSCJECBX,black,style_1
SFFFVWCVJC6CDHVW,black,style_1
SFFFVWCVXYZP7VE3,black,style_1
SFFFVWCVU4BENA6E,gray,style_1
SFFFVWCVFWZAUH2J,gray,style_1
SFFFVWCVUHSGKBQH,gray,style_1
SFFFVWCV4PWVGDH3,gray,style_1
SFFFVWCV3NHMSWTB,black,style_1
SHTES68RKBUZGZ4H,pink,style_0
TROESDWBZAQNQY8H,black,style_1
SHTESDFYHBWQHBME,pink,style_0
TROEWT27ZGBUPCZM,black,style_1
TROESD8CB9JKHZVZ,black,style_1
SHTFU8F8HDAPA5PT,black,style_0
SHTFU75YR7SKQVHB,white,style_0
TROEWT2N4GNNPBHM,white,style_1
SHTESBNQVPDZBJDZ,black,style_0
TSHFW6GBKPBM6CXB,white,style_0
TSHFW5MWYRMU8ZHJ,white,style_0
TSHFW6GBJGDVFZT7,white,style_0
TKPFWV6JX5UBSUGV,white,style_1
TKPFWW2ERYY5GQZN,white,style_1
TSHFW5MWTFJKVHPR,white,style_0
TKPFWV6JRM6MBEXH,white,style_1
TKPFWW2E2BSHUSHY,white,style_1
TKPFY485NTJM8AFP,white,style_1
TSHFWVYDSKZH96N9,pink,style_0
TSHFWVYDSFCFG8GV,orange,style_0
TKPFWV6JB2GVYH4Q,white,style_1
TSHFWVYDD2G5USN6,brown,style_0
TKPFWV6JCPGUZEBG,white,style_1
TKPFY485BVMHNVFS,white,style_1
TKPFWW2E5QWD9HQT,white,style_1
TSHFW6GBZZGT9ZSX,white,style_0
TSHFW5MWC2RJEMNF,white,style_0
TSHFW5MW9GBUPJ8A,white,style_0
TSHFW5MWWJAUCXFD,white,style_0
TKPFYCGPENXCPBYK,white,style_1
TKPFYCGPP5YZEYEY,white,style_1
TSHFW6GBRNVRZ7HU,black,style_0
TKPFYCGP7FUQTYTH,white,style_1
TKPFY485RGE8EHCT,white,style_1
TKPFWV6JYZSJMW6J,white,style_1
TKPFY485J9NSJGZY,white,style_1
TSHFYRYB7AXYUYC3,black,style_0
TSHFYRYBHMZMSQRU,white,style_0
TSHFYRYBHWBHF4WU,gray,style_0
TSHFWVYDD2G5USN6,brown,style_0
TSHFYRYB3YVDZMHQ,black,style_0
TSHFXS3FFH8KWZF4,white,style_0
TSHFXS3FZKNQJJ3M,purple,style_0
TSHFYRYBGYSGFHU8,white,style_0
TSHFYRYBDPBZGJNH,purple,style_0
TSHFW5MWYRMU8ZHJ,white,style_0
TSHFXS3FD6N7FDYK,white,style_0
TSHFYRYBKCSQNGGS,white,style_0
TSHFW5MW8R95URVW,white,style_0
TKPFWW2E5QWD9HQT,white,style_1
TSHFYRYBJFBSGCHS,white,style_0
TSHFXS3FVBRKHCXU,white,style_0
TSHFW5MWPHCYYVG7,white,style_0
TSHFW5MWF3THMCWH,pink,style_0
TKPFYGUNNFVNFQF7,white,style_1
TKPFWV6JRM6MBEXH,white,style_1
TKPFYGUNDKYGXZXF,white,style_1
TKPFYGUNG5DZEVB8,white,style_1
TKPFY485NTJM8AFP,white,style_1
TSHFWVYDD2G5USN6,brown,style_0
TSHFWVYDD2G5USN6,brown,style_0
TSHFWVYDD2G5USN6,brown,style_0
TSHFWVYDD2G5USN6,brown,style_0
TSHFWVYDD2G5USN6,brown,style_0
TSHFWVYDD2G5USN6,brown,style_0
TSHFWVYDD2G5USN6,brown,style_0
TSHFWVYDD2G5USN6,brown,style_0
TSHFWVYDD2G5USN6,brown,style_0
TSHFWVYDD2G5USN6,brown,style_0
TSHFWVYDD2G5USN6,brown,style_0
TSHFWVYDD2G5USN6,brown,style_0
TSHFWVYDD2G5USN6,brown,style_0
TSHFWVYDD2G5USN6,brown,style_0
TSHFWVYDD2G5USN6,brown,style_0
TSHFWVYDD2G5USN6,brown,style_0
TSHFWVYDD2G5USN6,brown,style_0
TSHFWVYDD2G5USN6,brown,style_0
TFHFGY572NPGZB5Y,white,style_1
TFHF7BV8XKHMPBHX,white,style_1
TKPEFVQB8Z65YCYQ,gray,style_1
TKPF7BXYBH6UJAQD,white,style_1
TKPF7BXYDUHBQBYY,white,style_1
CRGFGQS63JKJZM34,pink,style_1
TKPFGJTAYHH2CHZX,pink,style_1
TKPF7BXYZMSFGH3Y,white,style_1
TKPFJNYRAYH8Q73P,black,style_1
TKPF7BXYEDZAYEQQ,white,style_1
TKPF7BXY4PZGWXMT,white,style_1
TKPEFVQBA9FJA8WX,white,style_1
TKPEFVQAPRHKVJHJ,gray,style_1
TROFGQSFMPC8HGZU,pink,style_1
TKPFGY6SSDYHEVNU,white,style_1
TKPFGQFTH4MVGAGR,white,style_1
TKPFHBS8JUTYEGGG,white,style_1
TKPF7BXYVYGXYHAD,white,style_1
TFHF7DRDWTZJQYHM,white,style_1
TFHF7BV8KFTFCB5Y,white,style_1
TKPFGJTAJ9PDHKZ7,pink,style_1
TKPFJNF3HNGYGHE6,white,style_1
TKPF7BXYUFWF4JJT,white,style_1
TKPFGY6TEECNZ4F8,white,style_1
TKPF7BXYCZGFHNG5,white,style_0
TFHF7BV7GHCZQHUX,white,style_1
TKPFE7E8GZVEGMC6,black,style_1
TKPFE7E8HQJZGH7H,pink,style_1
TKPEJG8DEG5FA8VK,black,style_1
TKPF7BXYF5Q7U6HG,white,style_0
TKPFGJT9PT8MJSHN,white,style_1
TKPF7BXY5SUPBGTX,white,style_1
TFHF7DRDZAKNMVQG,white,style_1
TFHFGJZHXEYKRDXP,white,style_1
TKPFE7E8SHY75HG9,pink,style_1
TKPFGJT8HXA4YVRP,pink,style_1
CRGFGQU6AY55YYP7,white,style_1
CRGFGQRNCB7QVEME,white,style_1
TKPFTJZ8AFMRCCTA,white,style_1
TKPFZD4FZJFH6CRJ,white,style_1
TFHFGY75ZYWZDHRH,white,style_1
TKPFG23MBFGCGSSU,pink,style_1
TFHFGY572NPGZB5Y,white,style_1
TKPFC8J24Q8PBFDV,white,style_0
TKPFHEYEYB3VXTEC,white,style_1
TKPFTJZ8J7JMRNEW,white,style_1
TKPF7BXY9VHQBFH9,white,style_1
TFHF7BV8XKHMPBHX,white,style_1
TSHFJX6HANSXXZHK,white,style_0
SRTFWATFKZ5TE5EA,white,style_1
TROFBQKAJYKZHHF9,pink,style_1
TROFGQSFMPC8HGZU,pink,style_1
TKPFC8JYEVY5JWWJ,white,style_1
TSHFJX6HNPUTY5FM,white,style_0
TKPFGKWFVAP3Y3HZ,white,style_1
TFHF7DREP73ZGUPK,white,style_1
TKPF7BXYDG3DXQ9F,white,style_1
TFHF7BV8KFTFCB5Y,white,style_1
TKPFGJT9JPKZKF6H,white,style_1
SRTF7DRKMJWY5KMW,white,style_1
TFHF7DRER5BPAGBW,white,style_1
TROFBQKAF5FBCHYV,pink,style_1
SRTFGY773H5DUEWZ,white,style_1
TKPFGJT8JFWNGKKK,white,style_1
TKPFC8JFED5W3QC4,white,style_0
TKPFTJZ8HGJVBZFS,white,style_1
TKPFGZAW5HNGHQQC,white,style_1
CRGFGQSPQAZVS3TP,white,style_1
TFHF7BV8NZU7ZYMT,white,style_1
CRGFGQSCG6TEFTZD,pink,style_1
TKPFWJPGSYKJ2QK3,white,style_1
TKPFHBS8KUABZNZM,white,style_1
TKPFGJT9YYRDHM6M,pink,style_1
TKPFUS4NCHAC6TKQ,white,style_1
TKPFUSC6HGRYR83H,white,style_1
TFHF7BV7EDMGAMWD,white,style_1
TKPF7BXYWRKGAYGM,white,style_1
TKPF7BXYJYE6EYKJ,white,style_1
TFHF7BV8XKHMPBHX,white,style_1
TROFGQSKNZNPTEGB,white,style_1
CRGFGQRH8JTUDNHW,black,style_1
TKPFGJTAFNYRAAPJ,white,style_1
TKPFHDSWEMHSFRVW,pink,style_1
TROFGQSFMPC8HGZU,pink,style_1
TSHFJX6HWSGWAKYK,white,style_0
TKPFGJT9XMDABUY4,white,style_1
TFHF7BV8KFTFCB5Y,white,style_1
TKPFTJZ9KNUJDUMH,gray,style_1
TFHF7BV85TGVTFAU,white,style_1
TKPFWJPGKXUU3XP3,white,style_1
CRGFGQRQUAC7PAZ7,white,style_1
CRGFGQRZDTAZGKHV,pink,style_1
TKPFGJTAAT58GPA3,white,style_1
TKPFWJRVPUHWZY7S,white,style_1
TSHFJX6H3T3WQEHQ,black,style_0
SRTF7BR8ZEWZVBVQ,white,style_1
TKPF7BXYYXUKBRYZ,white,style_1
TFHF7BXNXVH28PBG,white,style_1
TKPFHBS92PJUBJ63,white,style_1
SRTFWBNZ4FT7HRYV,white,style_1
SRTFWAT2FZEPPGTZ,purple,style_1
TKPFWJPRHZK3UFCT,white,style_1
TKPFWJPR3JHK6PGZ,white,style_1
TKPFWJPRUFYEHEEE,pink,style_1
TKPFWJPRYR3CAF2Z,white,style_1
TKPFGJTAZFG329S8,white,style_1
SRTFWAT2ZVYTNVYH,white,style_1
TFHF7BV8FUGU4R9D,white,style_1
TFHF7DREP6GKZ7XS,pink,style_1
TFHF7BV8XKHMPBHX,white,style_1
TROFGSZ4AHVZGPQH,pink,style_1
TFHFGJZMCKCGY2YM,white,style_1
TKPFGJTAVGYUWEZS,purple,style_1
TKPFV4MTHHV7VXAY,white,style_1
TFHF7BV8KFTFCB5Y,white,style_1
TKPFTJZ89MZBMYVQ,gray,style_1
TFHFGY75HGJDHHUJ,white,style_1
TFHFGY76SGGVV6DT,white,style_1
TROFGQSFMPC8HGZU,pink,style_1
TKPFGZAWU3Q2VAZA,black,style_1
SHTEMD8RKTH8PQCR,white,style_0
SHTEJKHUSTZH65QK,black,style_0
SHTEMD8PBYADTFYD,white,style_0
SHTEMD8SFYN5MSET,pink,style_0
SHTEJKHURAV26WZK,black,style_0
SHTEMD8RTVX3UWJB,white,style_0
SHTEMD8SYJXZMXHY,pink,style_0
SHTEMD8QHXTGFXFM,white,style_0
SHTEMD8QF3EKTCJF,white,style_0
SHTEMD8Q6FAREMAH,white,style_0
SHTEMD8RX7HZFDAY,purple,style_0
TSHFW9CGQWZHSZQX,brown,style_0
TSHFXHAPHQ3HGHZ7,pink,style_0
TSHFXHHZ6JFESGRM,pink,style_0
SHTEJKHUZYY6HYHB,white,style_0
SHTEJKHUX5UK2CJ5,black,style_0
SHTEJKHUT58YA6YX,brown,style_0
SHTEJKHUCSFZYXEC,white,style_0
SHTEMD8QPY3JZT4H,white,style_0
TSHFXHAP5AJMZWYY,white,style_1
SHTEMD8SZ9N7TH7H,white,style_0
SHTEMD8RMGHHT8X8,white,style_0
SHTEJKHUAQ5UFCAG,brown,style_0
SHTEJKHUP9WFHKXP,black,style_0
SHTEJKHU5MCDCYYK,white,style_0
SHTEJKHUZMYX8ATB,gray,style_0
SHTEJKHUTHPDUG6A,white,style_0
SHTEJKHUW2GDCYNM,brown,style_0
SHTEJKHUGZKY7V2V,gray,style_0
SHTEMD8QK7HNEFS8,white,style_0
SHTEMD8PWSPJUENG,white,style_0
SHTEMD8SAZD6DFQU,pink,style_0
SHTEMD8QAWZYXS67,gray,style_0
SHTEMD8RXBMBXFFF,gray,style_0
SHTEJKHUVGTA9WUU,black,style_0
SHTEMD8RWVWWNPX3,purple,style_0
SHTEJKHTMDJ68QFK,white,style_0
TSHFW9CGVDPVPVY9,pink,style_0
SHTEMD8RPKFDZMQZ,white,style_0
SHTEMD8QKYNHW6HG,gray,style_0
TSHFW9CJMNWASUZZ,white,style_0
TSHFW9CGCS5MN3FG,white,style_0
TSHFW9CJATC4U9NH,white,style_0
TSHFW9CJ9VYWT3AE,pink,style_0
SHTEMD8RENYKZGFT,gray,style_0
TSHFW9CGPJYEFY9R,white,style_0
TSHFW9CJZAGR3NRE,white,style_0
TSHFW9CGSH84GG7J,white,style_0
TSHFW9CJAFTK4TPD,white,style_0
TSHFW9CJHBWVGTNC,brown,style_0
TSHFW9CJEQYESGZW,white,style_0
TSHFW9CJRSCGN8BM,white,style_0
TSHFW9CJ6J9ZDMWG,white,style_0
TSHFW9CJHBNVAQCP,white,style_0
TSHFW9CJ26KVXSTG,white,style_0
TSHFW9CJHBZHHY2V,white,style_0
TSHFW9CJYKHTWDGG,white,style_0
TSHFW9CJGKDBZCTN,white,style_0
TSHFXMB5NGCUY9GA,white,style_0
TSHFW9CG2J2YZCJD,white,style_0
TSHFW9CJHVZVQUZP,pink,style_0
TSHFXMB56HGPDTMT,white,style_0
TSHFXMB55ATE44QQ,pink,style_0
SHTEMD8PR88MHEME,pink,style_0
SHTEMD8RGKFCJ7HX,gray,style_0
SHTEJKHUCHWEZXCE,gray,style_0
SHTEJKHUMGCKC3ZY,black,style_0
SHTEJKHUBX2GCJXG,black,style_0
SHTEJKHUY36FTAKZ,gray,style_0
TSHFW9CGERJUBJF5,gray,style_0
SHTEJKHUYM5PNZYZ,white,style_0
TSHFXMB5HYDQUHH5,white,style_0
SHTEJKHU5HD4HMQS,gray,style_0
TSHFXMB57FBTJF8Y,white,style_0
TSHFXMB5WCC4GAZM,white,style_0
TSHFXMB5ZWUNTU2M,white,style_0
TSHFXMB5HEMYKZGQ,white,style_0
TSHFXMB5BKHZ9FQM,white,style_0
TSHFXMB5B4GRDF5F,white,style_0
TSHFXMB5XURRSVDH,white,style_0
TSHFXHHW6N3VGYSB,pink,style_0
TSHFXMB5UGR5VZZJ,white,style_0
SHTEJKHUGTVU7GRT,gray,style_0
SHTEMD8R97VG78VS,pink,style_0
TSHFXHHWRYDWY9MA,pink,style_0
TSHFW9CJU8HWM76J,gray,style_0
TSHFXHHWXZDQSSKW,pink,style_0
TSHFW9CJRADAPSEY,white,style_0
TSHFW9CJMA4PZKZ6,pink,style_0
TSHFW9CJHGJHWVFG,gray,style_0
TSHFW9CJZPWMPQMP,gray,style_0
TSHFW9CJQBQCZWMJ,white,style_0
TSHFW9CJRRBQXVRM,black,style_0
TSHFW9CJRHPERKGG,white,style_0
TSHFW9CJZFBGTZEZ,black,style_0
JCKFZTGTPATWSWFR,white,style_0
JCKFZTGU7ZSTZ5HZ,white,style_0
JCKFZTGUY8UVCM9W,white,style_0
JCKFZTGUDYB3BFVP,white,style_0
SHTFXHF8RXHGBGGA,white,style_0
SHTFXGZMBYHNGBDB,white,style_0
SOCFVZHFGPGSWUNX,black,style_1
SOCFVZHFGRVQAVZM,black,style_1
SOCFVZF5YJZJR9F6,white,style_1
SOCFVZHFMSQG4UAH,black,style_1
SOCFVZA5CFMNRMXF,black,style_1
SOCFVZHF8B9XCGQV,gray,style_1
SOCFVZHFBWUZB5PJ,black,style_1
SOCFGA5MQA87HHHR,purple,style_1
SOCFGA5SMXTSRGJH,black,style_1
CRGFB6UNUPXTTY7F,white,style_1
CRGFDCWNCYTB8SAM,white,style_1
HKFEGKAWANVDGZMS,white,style_1
HKFEGJZKKFKUH4CA,white,style_1
CAPFC4TPZYP5AHVN,brown,style_1
SOCF6B8UYHP3GDN6,white,style_1
SOCFJNAPSHJTQTFN,white,style_1
SOCEUGUHQH42C5BP,white,style_1
SOCFP3VFPG9VGMND,pink,style_1
SOCFP3V2AXSWP6RY,black,style_1
SOCEUGTDFXFVCWGT,purple,style_1
SOCFP3V2RUA3GP7J,black,style_1
SOCFP4FFBYJUJ8ZF,black,style_1
SOCEUHUBGP9B2PUJ,black,style_1
SOCFP4FFV3AAUXHN,black,style_1
SOCFP3V2VHN4VSZ6,pink,style_1
SOCFP3VF4M8QJNZ7,black,style_1
SOCFP3VFEMY3VBK6,white,style_1
SOCFGJ2HXWFNHVUF,white,style_1
SOCEUGUHVHCVG2XG,white,style_1
SOCFP4FFF6ZNKZFY,black,style_1
SOCFGJ2HXHRZDHFK,white,style_1
SOCEUGTDGG9GZYTZ,purple,style_1
SOCEUGTDKFMY9ZSF,black,style_1
SOCFJNB2GKU485MW,black,style_1
SOCFP4FFZPDQG2NC,pink,style_1
SOCFP3VFKFUYGGNF,black,style_1
SOCFJNAP6PE5VAAS,gray,style_1
SOCFP3VFTKBNERDU,pink,style_1
SOCFJNB6HQBFJZ6F,gray,style_1
SOCFP3VFNFMFFHRW,black,style_1
SOCFJNAXGEUKXVBG,black,style_1
SOCFJNAX3CA3B5NA,pink,style_1
SOCFJNAPYN3BFW8K,black,style_1
SOCEUGTD95NE6FFH,black,style_1
SOCFP3VFFZHPKYMX,white,style_1
SOCFP3VFZQZRTCVZ,black,style_1
SOCFJNAP9HXZRFTN,gray,style_1
SOCEUJYUJRYGSHJM,black,style_1
SOCEUGUHGSYCEPX8,black,style_1
SOCFP4FFZCA6JQU9,black,style_1
SOCFP4FFYNWKEKUU,pink,style_1
SOCEUGTDKPP7HUZZ,gray,style_1
SOCFP3VFAAF9JZQG,white,style_1
SOCFP3VF3NMXZ4XM,black,style_1
SOCFP4FFZPDQG2NC,pink,style_1
SOCFP3VFH7FHHJKJ,white,style_1
SOCFP4FFJ2D9F6GF,white,style_1
SOCFP4FFPFCZZFG6,white,style_1
SOCFP4FFZZVNRYQ8,white,style_1
SOCFJNAZYASHP9TE,gray,style_1
SOCFJNAZGFA9UY9F,black,style_1
SOCFJNAQVQDZ7QAC,black,style_1
SOCFP4FFVHZ85V9E,black,style_1
SOCEUGTDGHYBZFAZ,purple,style_1
SOCEUGUHYFF9YRA5,white,style_1
SOCFJNAPCYPPFHZP,black,style_1
SOCFP4FEFFGFNHZE,white,style_1
SOCFP3VFB7S6QEYU,black,style_1
SOCFP3VF2RSZHSS7,white,style_1
SOCFJNB58SBU8YPZ,black,style_1
SOCFJNAW6MZMFSMW,pink,style_1
SOCFP4FEPHPMVAAQ,black,style_1
SOCFP3VFACHYDC5Z,black,style_1
SOCFJNAPCKGAAFWD,black,style_1
SOCFP3VFQQP5KDNW,black,style_1
SOCFP3VFRNQSMCXB,pink,style_1
SOCFJNAPGYDEHNZG,gray,style_1
SOCFJNAPTUHATGMT,pink,style_1
SOCFJNAP6PE5VAAS,gray,style_1
SOCFJNAXGEUKXVBG,black,style_1
SOCFJNAXFXVJENJH,black,style_1
SOCFJNAPDCJBZPGF,white,style_1
SOCFGJ2HYNZHGH4P,white,style_1
SOCFJNAPHGHFQNW8,black,style_1
SOCFJNAPM2WJVTUG,pink,style_1
SOCFJNAPSW2GWRZF,gray,style_1
SOCFJNAPHGHFQNW8,black,style_1
SOCFJNAPM2WJVTUG,pink,style_1
SOCFJNAPSW2GWRZF,gray,style_1
SOCFJNB6RCHHHHAG,gray,style_1
SOCFJNAPSQHQVBG3,gray,style_1
SOCFJNAPA5MHPSQU,pink,style_1
HKFFUG57TPUXHEJG,green,style_1
HKFFUG5B6AHZNXHZ,green,style_1
GVEEVZ5RGSDZJTXY,white,style_1
HKFFUG58HTSDAHDD,gray,style_1
HKFFUG58RZHPDEP7,gray,style_1
HKFFUG57UZZP5GEZ,orange,style_1
HKFFUG57ZW6KWUCX,brown,style_1
HKFFUG59NJ53AAPZ,orange,style_1
HKFFUG57GFFBRJY2,black,style_1
GVEEVZ5RGAKCGHHT,white,style_1
HKFFUG58V8CAU65C,brown,style_1
GVEEVZ5R2MHKVYZF,white,style_1
GVEEVZ5RZGTH9Q3W,pink,style_1
GVEEVZ5R6UC38YS4,pink,style_1
HKFFUG57QZRPZZJS,black,style_1
GVEEVZ5RS2PNYDM2,white,style_1
GVEEVZ5RN3WREAHY,pink,style_1
GVEEVZ5RG7FEGGMM,white,style_1
SOCFJNAWZH2HGUZD,gray,style_1
SOCFJNAP8FKJ3GXF,pink,style_1
JEAFHFHDVTE8QTPB,white,style_1
JEAFHFAXGZXAGYUX,white,style_1
JEAFPH26UHCMC34N,white,style_1
JEAFNHERFRZCMCBW,white,style_1
JEAFYAFZFC762QG6,white,style_1
JEAFHFAXDHASYDGV,white,style_1
JEAFS878GECDA3GX,white,style_1
JEAFS7R4VBCYGQDR,white,style_1
JEAFS878SFNQG5E3,white,style_1
JEAFHFHC7ACQSSSH,white,style_1
JEAFG8AWKTBFCP4M,white,style_1
SRTFKJZN76QFHFHK,white,style_1
JEAFG8BFYWZ8JSSP,white,style_1
JEAFS7R4WSGZTBW3,white,style_1
JEAFHFHC5Q3JB5RG,white,style_1
SRTFYUY3ZH9HY6YJ,white,style_1
JEAFS7R4ZRY8FSRC,white,style_1
JEAFHFHCW4GQHGNZ,white,style_1
JEAFS7R4DZUFNPDH,white,style_1
TFHFAR95UGBM38QG,white,style_1
JEAFS7R4RJPPUCGZ,white,style_1
JEAFYAFYATN7G73K,white,style_1
JEAFYYJ9GMXSUPNF,white,style_1
JEAFYAFZTH8CNT5H,white,style_1
JEAFS8784AYCHDUZ,white,style_1
JEAFMFFBMZZGCPYK,white,style_1
JEAFPH26WGZRM3TE,white,style_1
JEAFMFFBVRT3TBQM,white,style_1
SRTFHMG6ZBAHFGNJ,white,style_1
JEAFYYJ9VPHD4G7W,white,style_1
JEAFNHESZK4J7AHJ,white,style_1
JEAFNHERP6UHRQKH,white,style_1
JEAFNHERJGTGQ4GP,white,style_1
JEAFKZFSGZNKGRNM,white,style_1
JEAFMFFBRXSUPJX5,white,style_1
JEAFS7R4QBUQGRF8,white,style_1
JEAFNR7GSHJN4MVF,white,style_1
JEAFPH26GZM6ZKW5,white,style_1
JEAFG8AWKTBFCP4M,white,style_1
JEAFBTFFFXDRRKYZ,white,style_1
JEAFKZY9YNWGYUHN,white,style_1
JEAFMFFBCFHKSKG4,white,style_1
SRTFHMG6ZKDCTHXY,white,style_1
JEAFPH26MZDEWF6G,white,style_1
SRTFKJPPFQKRJ4XS,white,style_1
JEAFG8AWBJPGME6C,white,style_1
SRTFHMG6UHZPTT42,white,style_1
JEAFG8BFHTD6SAQF,white,style_1
TSHFXGY7HGFADJQU,gray,style_0
TKPFQY3TDGMWGPDT,white,style_1
TSHFT2YHYBMXEHMD,pink,style_0
TSHFHFAWKSCZ8VYQ,white,style_0
TKPFQY3TMGZWZYEV,white,style_1
TSHFPRY6YWUWXEWF,pink,style_0
TKPFSFFD3JDHNPZX,white,style_1
TKPFYHEFGM8R3SCW,white,style_1
TKPFY9ZTPUH6NVDE,white,style_1
TKPFUXPJZRBHPYQJ,brown,style_1
TSHFPCXCMQNAWNPV,pink,style_0
TSHFXYM4UXFYXZVX,white,style_0
SWSFY9M5SNFGTAEP,white,style_0
TSHFZ9K8RXGTQSSG,white,style_0
TSHFXGY7HVGA7AX7,gray,style_0
VESFZSV4C9WYT6W4,white,style_0
TSHFZ9K8EYFZQNVZ,white,style_0
SWSFY9M59VFRPHEY,pink,style_0
TKPFSFFDHVXBRGW6,white,style_1
TSHFZ3SWR3GKFKJY,white,style_0
SWSFY9M5VBM2FEAH,white,style_0
TKPFSFFDKS9ZBZMT,white,style_1
VESFZSV4ZHU9CMDK,black,style_0
VESFZSV4CQCWDG26,white,style_0
VESFPBSBGMPGHYJE,pink,style_0
VESFZSV4GNBYNYDG,white,style_0
VESFZSV4TTFZZSGK,black,style_0
VESFZSV4SKVE24MR,white,style_0
TSHFK7EZYPJRHCQK,white,style_0
TKPFSFFDKS9ZBZMT,white,style_1
TSHFZ9K8YCDQ7DGH,white,style_0
TSHFXGY7HGFADJQU,gray,style_0
TKPFYHEFMBXQF25Q,white,style_1
TSHFHFANNUA6Z7KK,white,style_0
TSHFZ9K8ZZY5EGTH,white,style_0
TSHFHFAWKSCZ8VYQ,white,style_0
TSHFKTGSWXFS4DBA,white,style_0
TKPFQY3TDGMWGPDT,white,style_1
TKPFZKCZYCEFRVYY,white,style_1
TKPFZKCXNGZZFWFM,white,style_1
TKPFZKD4BDAYPRTR,white,style_1
TKPFYHEFHFPKYNGR,white,style_1
TKPFZKCZRGMVPXAD,white,style_1
TSHFZ93KV2NTKJJY,white,style_0
TKPFZKCGMRGWNZ3G,white,style_1
TKPFYHEFM63GDBKZ,white,style_1
TSHFZ9K8RXGTQSSG,white,style_0
TKPFY9ZTXUHQ5FBE,white,style_1
TSHFHFANEDR8UNSA,white,style_0
TSHFXGY7HGFADJQU,gray,style_0
TSHFXGY7HGFADJQU,gray,style_0
TSHFXGY7HGFADJQU,gray,style_0
TSHFXGY7HGFADJQU,gray,style_0
TSHFXGY7HGFADJQU,gray,style_0
TSHFXGY7HGFADJQU,gray,style_0
TSHFXGY7HGFADJQU,gray,style_0
TSHFXGY7HGFADJQU,gray,style_0
TSHFXGY7HGFADJQU,gray,style_0
TSHFXGY7HGFADJQU,gray,style_0
TSHFXGY7HGFADJQU,gray,style_0
TSHFXGY7HGFADJQU,gray,style_0
TSHFXGY7HGFADJQU,gray,style_0
TSHFXGY7HGFADJQU,gray,style_0
TSHFXGY7HGFADJQU,gray,style_0
TSHFXGY7HGFADJQU,gray,style_0
TSHFXGY7HGFADJQU,gray,style_0
TSHFXGY7HGFADJQU,gray,style_0
TSHFXGY7HGFADJQU,gray,style_0
TSHFXGY7HGFADJQU,gray,style_0
TSHFXGY7HGFADJQU,gray,style_0
TSHFXGY7HGFADJQU,gray,style_0
TSHFXGY7HGFADJQU,gray,style_0
TSHFNJ9ZEUZG3CPU,orange,style_0
TSHFNV7NR92UZU3Z,orange,style_0
SRTFH7ZDTZB22YSE,pink,style_1
TSHFGFZJGQBBN44H,pink,style_0
TSHFZTJ8R6V4EWHG,gray,style_0
TSHFZTJRMXWFX4FG,gray,style_0
TSHFZTJFGYSZFSXM,gray,style_0
TSHFTTGGGHBJGPVV,black,style_0
TSHFTT2M47VY6DH9,black,style_0
TSHFTT32SHQVGNXX,black,style_0
TSHFUXQAGVXZHSZW,black,style_0
TSHFTT2GF83PJTZV,black,style_0
TSHFTK8ZPFNCMSCF,orange,style_0
TSHFU5A9HGH8GHPZ,black,style_0
TSHFTKCBCXKUMDEG,black,style_0
TSHFTT2G2JRSZPHZ,orange,style_0
TSHFU5AAJFTBHHY5,black,style_0
TSHFTTGG4DGBESPH,black,style_0
TSHFU5A8ZWYP8DYD,black,style_0
TSHFU5ACGJENYEB8,black,style_0
TSHFSPXRTDWDSMUZ,black,style_0
TSHFTK8ZC6DMHQSA,black,style_0
TSHFUZ6TKREP7JHH,black,style_0
TSHFSR87GUBCUNCS,orange,style_0
TSHFWGW9X8WHF95W,brown,style_0
TSHFU59YNQ2QEBCM,black,style_0
TSHFU5AYC8ENZHJE,black,style_0
TSHFU5ARXJTSZZRQ,black,style_0
TSHFWJ7ZJ8V9F3MZ,pink,style_0
TSHFTT2AY72ZZUVJ,black,style_0
TSHFSR87KZ4FTJHB,black,style_0
TSHFU5A5ARKKVGQ5,black,style_0
TSHFU5AM3QAPZQNR,black,style_0
TSHFU5ASBCQMF6JJ,black,style_0
TSHFWJ7ZPKWVRX63,black,style_0
TSHFU5AF8KZC5FYH,black,style_0
TSHFTT2AUD7FMABF,orange,style_0
TSHFU5A4GXNPSH7W,black,style_0
TSHFTT32RDHXYTPW,black,style_0
TSHFU5A5DZJZAM59,black,style_0
TSHFTT2JATXKUHEV,black,style_0
TSHFTT2AU5FFCJG5,black,style_0
TSHFTTGG4TKCDZYH,orange,style_0
TSHFWGWG779VDBUY,orange,style_0
TSHFU5A2HZEPWJEZ,black,style_0
TSHFUZ6TEJWDPRTA,orange,style_0
TSHFU5ACHFBMEGBJ,black,style_0
TSHFTTGGGHBJGPVV,black,style_0
TSHFU5A6SHPCPJTX,black,style_0
TSHFU5ARARFHQPZY,black,style_0
TSHFYQJYGMVYBV2P,black,style_0
TSHFSPXRNB3YAVSU,purple,style_0
TSHFWGWDQVSCX993,orange,style_0
TSHFSPXRDVYHYNYZ,black,style_0
TSHFSPXRP59NQ93E,orange,style_0
TSHFWGW66PUUJTFC,orange,style_0
TSHFWGWGBZFKFZ7T,black,style_0
TSHFWJ7ZUEYZEHH9,brown,style_0
TSHFWGW9X8WHF95W,brown,style_0
TSHFWC69ZYAJS3FZ,black,style_0
TSHFWJ7ZJ8V9F3MZ,pink,style_0
TSHFSGN6QGPQTGCZ,white,style_0
TSHFWGWC6MW8GSZ9,purple,style_0
TSHFYSKCYKVPVZNY,orange,style_0
TSHFWGWD3ADVFNJF,purple,style_0
TSHFWJ7ZPKWVRX63,black,style_0
TSHFU5AGZTDGJXSX,black,style_0
TSHFWGW6GMRNYFDT,brown,style_0
TSHFWGWDSYKPWYGY,orange,style_0
TSHFWGWG779VDBUY,orange,style_0
TSHFWGWDXSCGSWA6,brown,style_0
TSHFWGWGRS3JTYD5,brown,style_0
TSHFSPXRXEFVFTXG,purple,style_0
TSHFWC69YV2RZJHR,orange,style_0
TSHFWGZSJ5EQPSRG,brown,style_0
TSHFUXQFKKMGDYAV,brown,style_0
TSHFWGWC698UFSWT,brown,style_0
TSHFWGW9X8WHF95W,brown,style_0
TSHFSPXRPYT6FB3Z,brown,style_0
TSHFS8E8FDCXTU8C,black,style_0
TSHFYQJYHR5XYENY,black,style_0
TSHFWGW9ZZNPV7HG,orange,style_0
TSHFWGWG779VDBUY,orange,style_0
TSHFWJ7ZJ8V9F3MZ,pink,style_0
TSHFWJ7ZR6HGRQ6A,black,style_0
TSHFWGWC2MQ43VVR,pink,style_0
TSHFSPXRYRC4CKWT,orange,style_0
TSHFWJ7ZPKWVRX63,black,style_0
TSHFWJ7ZDTMZUSBC,pink,style_0
TSHFSPXR5GUQDKDG,black,style_0
TSHFWGW94PDSAVGX,purple,style_0
TSHFWGW8WYVGRRPJ,orange,style_0
TSHFWJ7XVYECNEFM,brown,style_0
TSHFWGWGAVARHW5B,brown,style_0
TSHFYQJYGMVYBV2P,black,style_0
TSHFWJ7ZWRWUQNHV,black,style_0
TSHFUZ6Z7NZH5UTG,orange,style_0
TSHFSPXRFXHA9TNS,brown,style_0
TSHFSPXRVZYQNRSH,black,style_0
TSHFUZ6YSWYZXFKP,purple,style_0
TSHFYSKCUH89ZGGA,black,style_0
TSHFWC69ZYAJS3FZ,black,style_0
TSHFWJ7ZVVJVEJGT,orange,style_0
TSHFYSKCWG5WS4WM,black,style_0
TSHFSPXRHEHMNMFZ,black,style_0
TSHFWGZSJ5EQPSRG,brown,style_0
TSHFTT2G2T8XHCVH,brown,style_0
TSHFWJ7ZHHY4FRMX,purple,style_0
TSHFSPXRHJFGVYWJ,orange,style_0
TSHFWJ7ZYZY2HJFY,brown,style_0
TSHFU5AHHFN97VVV,black,style_0
TSHFWJ7ZP4K8ZHKX,purple,style_0
TSHFU5ACMHABBZS7,black,style_0
TSHFYSKCY2WFECSS,black,style_0
TSHFYSKCUBUJCXF7,brown,style_0
TSHFWGZSQZ3XWUJU,black,style_0
TSHFWGZZ6ZRMH44G,black,style_0
TSHFWJ7X3WHJTVGV,orange,style_0
TSHFTT2ZMMS3JGBC,orange,style_0
TSHFUXQFHWJG7ZHG,purple,style_0
TSHFWGZZZ5VYRVDR,brown,style_0
TSHFWGZZEBPNQ3CN,orange,style_0
TSHFTT2ZCNAHWWV7,purple,style_0
TSHFWGW8ZDYZAZKX,brown,style_0
TSHFWDKNCSZZHYZY,black,style_0
TSHFTT2ZPC5XZJUU,black,style_0
TSHFUXQFUJPXXHGS,orange,style_0
TSHFYSKCYKVPVZNY,orange,style_0
TSHFTT2GVMTYPFMN,orange,style_0
TSHFYSKCGUA99HPS,black,style_0
TSHFTT2ZZZHFZQBM,brown,style_0
TSHFTT2GYBBG6WNG,black,style_0
TSHFUXQFKKMGDYAV,brown,style_0
TSHFSGN6EHJYSBYN,purple,style_0
TSHFTT2GY2TQ8VGU,black,style_0
TSHFUZ6YGYUGRPXD,orange,style_0
TSHFTT2SK2GXBWTC,brown,style_0
TSHFUZ6YQHJYPTUZ,black,style_0
TSHFTT2ZRSWYQZAA,black,style_0
TSHFTTGGGHBJGPVV,black,style_0
TSHFS8E8YXBTXSFT,brown,style_0
TSHFSGN6QGPQTGCZ,white,style_0
TSHFSGN6MPUE3HNX,white,style_0
TSHFSGN6JYGZMXPS,black,style_0
TSHFUZ6UTHDHM54F,brown,style_0
TSHFUZ6YSQGEVVNY,brown,style_0
TSHFUXQD3DN7FEWR,brown,style_0
TSHFSGN6ABZAW5QR,white,style_0
TSHFUXQFJUF7UJBR,black,style_0
TSHFYSKC2YQ9E9QC,purple,style_0
TSHFUXQDMDHYNQYX,purple,style_0
TSHFWGW9X8WHF95W,brown,style_0
TSHFS8E8FDCXTU8C,black,style_0
TSHFTKCNAJBXMHYT,purple,style_0
TSHFU5AEA9HSDBYF,black,style_0
TSHFWJ7ZJ8V9F3MZ,pink,style_0
TSHFSGN6XUTVJGNP,white,style_0
TSHFYSKCJMA2UEHM,orange,style_0
TSHFUZ6YPKDFCG7C,orange,style_0
TSHFSGN6WHZPHBJ5,white,style_0
TSHFUXQDBUFGU8A4,black,style_0
TSHFWJ7ZPKWVRX63,black,style_0
TSHFWJ7XMM7F4TZW,purple,style_0
TSHFWGZSBNTM6G3B,orange,style_0
TSHFSPXRCHCCGYJ3,orange,style_0
TSHFSGN6Y6VDNEBZ,orange,style_0
TSHFU5A8BRNJ2AXD,black,style_0
TSHFSPXRZTYUEZHX,orange,style_0
TSHFUXQDDERGH4T8,orange,style_0
TSHFSGN6BMQX9UKZ,black,style_0
TSHFWGWG779VDBUY,orange,style_0
TSHFSPXRQA4JZGC4,purple,style_0
TSHFU5A7WG8WF9SM,black,style_0
TSHFSGN6RXASZEDZ,black,style_0
TSHFTTGGGHBJGPVV,black,style_0
TSHFUZ6UEWDZCSUY,black,style_0
TSHFUZ6YZYTQHE6X,brown,style_0
TSHFUZ6YKC8JFJVT,black,style_0
TSHFUXQYWZXUT6RU,black,style_0
TSHFUZ6ZEHSFUP9V,brown,style_0
TSHFSPXRBFTXF5HU,purple,style_0
TSHFUXQY4S6DFDK2,brown,style_0
TSHFSR87Y9YGG3GF,black,style_0
TSHFTKCNHFBRGFG6,brown,style_0
TSHFSPXRPGKGNAGR,black,style_0
TSHFTKCNKABDWPTY,orange,style_0
TSHFSGN6KZMGZJ2Q,black,style_0
TSHFWGW9X8WHF95W,brown,style_0
TSHFU5A6SHPCPJTX,black,style_0
TSHFUXQY9HZ8TGDA,purple,style_0
TSHFSPXRPHSGWBYK,black,style_0
TSHFWJ7ZJ8V9F3MZ,pink,style_0
TSHFTT2S43BQDHFN,black,style_0
TSHFTT2SSTHGQ5WX,purple,style_0
TSHFU5A65N3FEDAG,black,style_0
TSHFSPXRESVKDSFW,brown,style_0
TSHFTT2SNN8D5MET,orange,style_0
TSHFWJ7ZPKWVRX63,black,style_0
TSHFUZ6ZU97RRV86,black,style_0
TSHFSPXRJDVVJXN3,orange,style_0
TSHFSPXRXCUHTSNB,black,style_0
TSHFUZ6ZRDGFQ5KC,purple,style_0
TSHFTT2THMDDT5TW,purple,style_0
TSHFSR86NHQSXFHB,orange,style_0
TSHFSPXRM5FQFESY,black,style_0
TSHFTT26TZFHUBGT,black,style_0
TSHFWGWG779VDBUY,orange,style_0
TSHFWMRV9KJTYAZF,brown,style_0
TSHFTKCN6Q2JB2YT,black,style_0
TSHFTT2UNGPHYYQS,purple,style_0
TSHFTTGGGHBJGPVV,black,style_0
TSHFWMRVEWF7GP2Z,orange,style_0
TSHFU5A82VTUFWDR,black,style_0
TSHFU5ACT8JSHW7Q,black,style_0
TSHFSPXR3WX55QGH,black,style_0
TSHFSPXRVYQ5MUNC,brown,style_0
TSHFSR87CMY6QFDN,black,style_0
TSHFWMRVWFNWUZNE,black,style_0
TSHFSR862EWRFKUY,black,style_0
TSHFWGW9X8WHF95W,brown,style_0
TSHFTT2BSGQG8WGG,black,style_0
TSHFYQMYGXDR2RXK,black,style_0
TSHFSR87PHSXZQF7,orange,style_0
TSHFSR876YV8ZS24,black,style_0
TSHFSR86WGWZNHEZ,brown,style_0
TSHFWJ7ZJ8V9F3MZ,pink,style_0
TSHFSR877A3RNZWZ,orange,style_0
TSHFU59ZF3UHNF9Z,black,style_0
TSHFSPXRGRE5SDYG,orange,style_0
TSHFWJ7ZPKWVRX63,black,style_0
TSHFSR8739SSTDFK,black,style_0
TSHFSPXRZUGUZ3BR,brown,style_0
TSHFUZ6GV7WRHC5T,black,style_0
TSHFSR87JVWBJPZC,brown,style_0
TSHFU5AZ9W96E7WP,black,style_0
TSHFU5AH9BFJRUPH,black,style_0
TSHFSR87ZGHGTVZV,black,style_0
TSHFWGWG779VDBUY,orange,style_0
TSHFU5AEAEEVZFGZ,black,style_0
TSHFSR87HT3HZB25,brown,style_0
TSHFSPXRCNME2RGG,orange,style_0
TSHFTT2FVA5YXFMZ,brown,style_0
TSHFSR87KZNMR4JZ,black,style_0
TSHFYQJYGMVYBV2P,black,style_0
TSHFUZ6VXUY8WR32,orange,style_0
TSHFUZ7YXEZK3PSZ,brown,style_0
TSHFSPXRPMYDX4MH,purple,style_0
TSHFTT2FWS2UQSKX,black,style_0
TSHFUZ6VMK42BDHW,black,style_0
TSHFU5ABYC4MZNTT,black,style_0
TSHFSR86GGKVSSB5,black,style_0
TSHFSR87FZAAE28H,orange,style_0
TSHFWGW9X8WHF95W,brown,style_0
TSHFU5ADKYMHDTHU,black,style_0
TSHFU5AHR2HHCSED,black,style_0
TSHFWMRVDZVWBGNX,black,style_0
TSHFWJ7ZJ8V9F3MZ,pink,style_0
TSHFUXQ452GTYHET,orange,style_0
TSHFUXQ4DCMEZKJK,black,style_0
TSHFWJ7ZPKWVRX63,black,style_0
TSHFWMRVZ3UA44ZX,orange,style_0
TSHFTT2STQWNBH23,purple,style_0
TSHFSPXREYDFUYG3,black,style_0
TSHFSPXRZHVZRRDH,brown,style_0
TSHFU59W3PDE6SVZ,black,style_0
TSHFUXQ4VAUW56TY,brown,style_0
TSHFUXQ4K6KEPXHC,black,style_0
TSHFWGWG779VDBUY,orange,style_0
TSHFWMRVQZJNFZNA,brown,style_0
TSHFSPXRUWYYSXTZ,orange,style_0
SWSFY5ZHEJ2HYWDG,black,style_0
TSHFYQJYGMVYBV2P,black,style_0
TSHFTT2ZF4PNXB4W,orange,style_0
TSHFU59ZFHWQJFNB,black,style_0
TSHFTT2FYTREAHGE,black,style_0
TSHFSPXRTZFSKHYG,black,style_0
TSHFUXPZXFTPZZUJ,black,style_0
TSHFYSKCUH89ZGGA,black,style_0
TSHFTTG6EQX469BV,purple,style_0
TSHFUXPZYZGXBEFS,black,style_0
TSHFTT2M3PH4CHRY,purple,style_0
TSHFTTGGGHBJGPVV,black,style_0
TSHFSPXRNCPGS6FM,brown,style_0
TSHFSR87FE39BHWT,purple,style_0
TSHFTT2BKKAMSBUF,orange,style_0
TSHFSPXRDFMCWGHC,brown,style_0
TSHFTT2JSYSUMWGA,orange,style_0
TSHFTT26954RNHRJ,orange,style_0
TSHFTT2JUVYZFJZY,orange,style_0
TSHFTT26WCNDDZ8Z,brown,style_0
TSHFSPXRZAHZWDZ8,black,style_0
TSHFTT2JPKT826QJ,black,style_0
TSHFSR87MXHG4BU8,black,style_0
TSHFSR87FUUWUB7H,orange,style_0
TSHFSR87QNGY6J6Z,brown,style_0
TSHFWGW9X8WHF95W,brown,style_0
TSHFTT2MHJMGA7VU,orange,style_0
TSHFSPXR5BZMUEC8,purple,style_0
TSHFSPXRY73DFR3W,black,style_0
TSHFWJ7ZJ8V9F3MZ,pink,style_0
TSHFSR87ZHJM7HQJ,orange,style_0
TSHFSR87SBF6GDUW,purple,style_0
TSHFSPXRZY7GJEG6,purple,style_0
TSHFWMRVHM3RXYUQ,black,style_0
TSHFSPXRJGGXZ3VG,orange,style_0
TSHFWJ7ZPKWVRX63,black,style_0
TSHFU5ARYDYUHGDE,black,style_0
TSHFSPXRQHE8JER6,black,style_0
TSHFSPXRGZURXH6C,orange,style_0
TSHFSR87MZFNCWQ2,brown,style_0
TSHFTT2SFXUT3N7F,orange,style_0
TSHFUXPZHJPYRWPN,orange,style_0
TSHFTT2BPH5UPE93,brown,style_0
TSHFSR87FSMXGMZR,brown,style_0
TSHFWGWG779VDBUY,orange,style_0
TSHFTT2BPH5UPE93,brown,style_0
TSHFSR87FSMXGMZR,brown,style_0
TSHFSPXRGCXK2MSN,black,style_0
TSHFSR87XHEEYGXN,black,style_0
TSHFTT2VQEZGFMRY,brown,style_0
TSHFTT2UHBKZZTVZ,brown,style_0
TSHFSR87ZEJMCZSQ,orange,style_0
TSHFSPXRHMVWH7T5,brown,style_0
TSHFSPXRZNJKKFNK,brown,style_0
TSHFUXQ2AEXRGZXK,black,style_0
TSHFTT2VUP4CNYMK,black,style_0
TSHFTT2MVUZ3HYNA,brown,style_0
TSHFSPXRRKUQ7F6Z,black,style_0
TSHFTT2MPCG2YY3D,orange,style_0
TSHFTT2FTGXDYD9E,black,style_0
TSHFTT2TZJDBUWV2,brown,style_0
TSHFSGN6WTBCHBZN,black,style_0
TSHFSPXRUWHSNVMG,orange,style_0
TSHFTT2URCJHQZYQ,black,style_0
TSHFTTG6N2PTAMQD,orange,style_0
TSHFRXBGEKYYREYH,brown,style_0
TSHFSPXRZZZGRVSW,black,style_0
TSHFTT2SZVYFXHJV,brown,style_0
TSHFU5ABGCJNTYNM,black,style_0
TSHFTT2GESHJTPTH,brown,style_0
TSHFTT2FE5E9HEWY,brown,style_0
TSHFSPXRFHYFWFSV,black,style_0
TSHFSPXRKTUHHGXW,black,style_0
TSHFTT2FJYCSETGZ,orange,style_0
TSHFTT2SWMZ4GA8D,black,style_0
TSHFU5ARQFFK8EQZ,black,style_0
TSHFU5ARK6F4PBH6,black,style_0
TSHFUXPZGFHDZ4FX,brown,style_0
TSHFTT2U86CQPDAP,orange,style_0
TSHFTT2VUGFHABFF,orange,style_0
TSHFTT2TVPAHAETB,black,style_0
TSHFTT2BHWHJXBDM,purple,style_0
TSHFSR87CZUQX92M,black,style_0
TSHFUXQ28TQXBMYW,orange,style_0
TSHFTTGGJE7AABWV,brown,style_0
TSHFSR87GUEFHETP,purple,style_0
TSHFSR87PG6YZS8H,brown,style_0
TSHFTT2698KRCXNQ,purple,style_0
TSHFTTGGGHBJGPVV,black,style_0
TSHFSR87S32WPGEZ,black,style_0
TSHFTT2MKK4HFFSN,brown,style_0
TSHFTTGG5XZCUZMK,purple,style_0
TSHFU5AJZTHV8Z6E,black,style_0
TSHFU5APDW3TDET4,black,style_0
TSHFTT2G6ZG6PVVH,purple,style_0
TSHFTT2MUYGVEQ7Z,black,style_0
TSHFU5A7GQCZWYTZ,black,style_0
TSHFSR87G3PCQ28E,brown,style_0
TSHFU5ARRZZZSYGX,black,style_0
TSHFUZ6VT94JMDHF,black,style_0
TSHFWGW9X8WHF95W,brown,style_0
TSHFSPXRZNZEQZAV,black,style_0
TSHFSPXRYVNVYWRK,black,style_0
TSHFU5A7CZXGVHAT,black,style_0
TSHFWJ7ZJ8V9F3MZ,pink,style_0
TSHFUXQADZNUTKCR,brown,style_0
TSHFUXQAZXD9BP7G,purple,style_0
TSHFU5ARZZDWMCGC,black,style_0
TSHFU5ARAMPYEWK2,black,style_0
TSHFWJ7ZPKWVRX63,black,style_0
TSHFSGN64JUKRS8Z,white,style_0
TSHFS3NGCYVMFGQC,brown,style_0
TSHFU5AQZKKBJYK4,black,style_0
TSHFSPXRRHFFFWXC,orange,style_0
TSHFYQN88JEH2FZD,purple,style_0
TSHFWGWG779VDBUY,orange,style_0
TSHFSR87TSSGFDDZ,black,style_0
TSHFSPXR3AN4P6SC,brown,style_0
TSHFSPXRGVPZ7VH8,purple,style_0
TSHFTK8ZZGFFPQGW,brown,style_0
TSHFSPXRADVF2GYH,orange,style_0
TSHFTK8ZFXPMPZQG,black,style_0
TSHFSR873SSSVEK6,orange,style_0
TSHFSPXRCMYNFZGC,black,style_0
TSHFSPXRBBFVGHCV,brown,style_0
TSHFSPXRG3MDC2GD,orange,style_0
TSHFTT32XPJZGH7P,orange,style_0
TSHFWGW9X8WHF95W,brown,style_0
TSHFSR87HVZGZAHG,orange,style_0
TSHFSR87ZT42ZFFU,purple,style_0
TSHFSPXRYH2SR5ZH,brown,style_0
TSHFSGN62Y7NB8QC,black,style_0
TSHFU5AREU8AXMYM,black,style_0
TSHFWJ7ZJ8V9F3MZ,pink,style_0
TSHFSGN6V9NY9YJX,black,style_0
TSHFSR8764TYQNGH,orange,style_0
TSHFU5A9HWHKC944,black,style_0
TSHFWJ7ZPKWVRX63,black,style_0
TSHFU5AFBDRDS6P9,black,style_0
TSHFSR87FC4YSHXJ,orange,style_0
TSHFSPXR8BERFMGD,orange,style_0
TSHFSR87YQZMHHQE,brown,style_0
TSHFUZ6VSWHDUJYQ,orange,style_0
TSHFSR87NTGUVCQR,black,style_0
TSHFSR87JVHUHHHT,purple,style_0
TSHFSR865XFYVCZP,brown,style_0
TSHFWGWG779VDBUY,orange,style_0
SWSFY5ZHUEZPZZYV,black,style_0
TSHFWJ7ZGCBW4WGF,orange,style_0
TSHFSR86DFG2BSZG,purple,style_0
TSHFTT2NCVDRKYBZ,black,style_0
TSHFUZ6VGWEY5SZW,brown,style_0
TSHFYQJYGMVYBV2P,black,style_0
TSHFUZ6VW5F8QZHW,purple,style_0
TSHFU59WYHCS8D2U,black,style_0
TSHFU5AFJRZXZSUE,black,style_0
TSHFTTGGGHBJGPVV,black,style_0
TSHFSR87ZYQHYZ2U,orange,style_0
TSHFU5ACYZRQR5M7,black,style_0
TSHFU5AYGJBNB9UA,black,style_0
TSHFSR87UU8PCCRV,brown,style_0
TSHFU5AGYRXSSNUH,black,style_0
TSHFU5AQZZUHMZGS,black,style_0
TSHFU5AFM9KTWW5K,black,style_0
TSHFSR86FP7F4VN4,brown,style_0
TSHFSR87HR7HJWG6,brown,style_0
TSHFSR865XFYVCZP,brown,style_0
TSHFU5A7PHJX5ZZY,black,style_0
TSHFSR87X2UZMXDT,black,style_0
TSHFWGW9X8WHF95W,brown,style_0
TSHFSR87BJ25REZW,black,style_0
TSHFU5AZWABNEJYN,black,style_0
TSHFU5ADF8RF9HGB,black,style_0
TSHFWJ7ZJ8V9F3MZ,pink,style_0
TSHFSPXR8BERFMGD,orange,style_0
TSHFU5AFBDRDS6P9,black,style_0
TSHFWJ7ZGCBW4WGF,orange,style_0
TSHFWGWGECS9Z79Q,orange,style_0
TSHFU5ACCYXZBNWY,black,style_0
TSHFWJ7ZPKWVRX63,black,style_0
TSHFSR87HZCZFZV7,brown,style_0
TSHFSR86PUTDPYTY,black,style_0
TSHFU5AUPRNZQMUE,black,style_0
TSHFU5A5SEQGBDNC,black,style_0
TSHFSPXRMTBGAZMA,black,style_0
TSHFU5AKGFQCZFYK,black,style_0
TSHFU5A9HWHKC944,black,style_0
TSHFU5AGZHAYCHC6,black,style_0
TSHFWGWG779VDBUY,orange,style_0
TSHFTKCBDMSSXZNS,brown,style_0
TSHFTKCBK7TRYNAD,orange,style_0
TSHFTT2NTCGV3SFY,orange,style_0
TSHFTK8NRGTUAXTG,orange,style_0
TSHFTT2NYGFHVGZX,purple,style_0
TSHFUZ6TGZYFZD2D,purple,style_0
TSHFTK8N3MTRFJCZ,brown,style_0
TSHFWGW9X8WHF95W,brown,style_0
SOCFM42KSKFHMT5E,white,style_1
SOCFM42J5JY8FYGV,white,style_1
SOCFM64WN4QJSGG5,white,style_1
SOCFM42KGYHTXHPR,white,style_1
CAPFYRH4AC2PV4DF,black,style_1
SOCFZWH4FBF9Q3SH,white,style_1
CAPEZMP83BRFHTCB,white,style_1
CAPENASBJH9VMEJS,black,style_1
CAPEZHFH4MADGKJY,pink,style_0
BRFFVYK5TUMZ9HXN,gray,style_1
BRFFVYK7GUHJZUN5,gray,style_1
TMLFXMDRV7WSS4MJ,white,style_0
BRFFYF3XKV2VMBYA,pink,style_1
BRFFSMJKGKA6ZFFX,pink,style_1
TRKFSZQUNBBYBKWW,pink,style_1
BRFFSZPSNXGNFCDE,pink,style_1
BRFFWGB6SDYRWJSF,pink,style_1
BRFFSZPS4YTTJ8VZ,pink,style_1
BRFFWGB6MKEKDHAF,white,style_1
BRFFWGB6UXPNT79Y,pink,style_1
BRFFSMJKCDMQXM3J,pink,style_1
BRFFSMJKJTWQHZFF,pink,style_1
BRFFXZPB3EGQG4MZ,white,style_1
VESFXZTF4JT82UAC,white,style_0
VESFXZTFC6SPCG95,white,style_0
BRFFWGB6PHVKYQUB,pink,style_1
BRFFWGB6WZYMQPF8,white,style_1
BRFFSMJKQT5ZDKMH,pink,style_1
VESFXZVF7SYVWVJD,white,style_0
VESFXZXFFJCQYUGJ,black,style_0
TRKFSZQUG3QEEZVG,white,style_1
BRFFZUGFHSWA8J6G,pink,style_1
BXRF55TZXW5RGHDN,gray,style_1
BXRF58A93BJU23VD,gray,style_1
BXRF4VYNWKRCZEZD,white,style_1
BXREZM6K5APHK2C6,gray,style_1
BXREZGQQBZCXWGVG,white,style_1
BXRF55TZQGYEASPZ,gray,style_1
BXRF58A9Y9PKP9HH,gray,style_1
BXRF58A9UZ98YHGH,gray,style_1
BXRF56Y3494YNGKH,gray,style_1
BXRF58A8KZHEDB5C,gray,style_1
BXRF56Y3ZZEKFNAH,gray,style_1
BXREZGKUPRKWFR8K,pink,style_1
BXRF58A8HXGXJ3EE,gray,style_1
BXRF58A8CWV4U2U8,gray,style_1
BXRF58A89R79SMRZ,gray,style_1
BXRF58A9BTZY8RWK,gray,style_1
BXRF56Y3CV6QGDE9,gray,style_1
BXRF56Y32BEJDHKQ,gray,style_1
BXRF56Y3ESHCERZF,gray,style_1
BXREZM6UTXMVB4AK,white,style_1
BXREZM6KMXJXY2CD,white,style_1
SHTFW53YG4GUDSGQ,pink,style_0
SHTFW53YYCHYUHZP,pink,style_0
SHTFW52ZMFEJNWYY,pink,style_0
SHTFW52ZURHFKNTZ,pink,style_0
SHTFW53YCYWCJGHD,pink,style_0
RNCFQEETUN6XFWVG,white,style_1
TSHEHFK2MCVYPX94,white,style_0
TSHFCP6SJSV9YHAH,white,style_0
TSHEV2NSZ8WHTPAZ,white,style_0
TSHEHZNBDW2WCFWC,black,style_0
PLOEXKXYVE7TJYMR,black,style_0
TSHEHFK4GUNBKKBP,white,style_0
TSHERDAMNHTFAGQU,pink,style_0
TSHEV2NRFZKP2CRY,brown,style_0
TSHEHFK5RGQZHBZR,white,style_0
TSHERDANT9N4RMEZ,gray,style_0
PLOEXHBYJ6HYEPGH,black,style_0
TSHEHFK43KXDFGWP,white,style_0
TSHEHFK2FUDBYUPY,white,style_0
TSHEHZNCVU2C8RBB,gray,style_0
TSHEXAZSU9V9FPAH,black,style_0
PLOEXKXYSVHYDVBK,black,style_0
TSHEHFK3VVWSRQVQ,white,style_0
TSHERDAMMFG3FHUG,pink,style_0
TSHERDANM3ZHHH5U,pink,style_0
TSHEHFK4CCPUH7V3,white,style_0
TSHEHFK6WTYC5P99,white,style_0
TSHEHFK6WBAG9QSH,white,style_0
TSHEHZN4ZSVJFXHX,black,style_0
TSHEHFK6YHPH8CEA,white,style_0
TSHEHZN3HTRAJGCM,black,style_0
TSHEHFK6HM449UVK,white,style_0
TSHFYRAGNUCA4UFZ,black,style_0
TSHE7M7N8ZEGGZRG,white,style_0
TSHEW38TPYFZUY7K,white,style_0
TSHEHFK7J3JPGZUY,white,style_0
TSHERDAN4G2EGPKN,pink,style_0
TSHEHZNCTHGPGHHG,purple,style_0
TSHERC9YPQQWKCDX,black,style_0
PLOEXKXXFH3THFJA,brown,style_0
TSHERDAMHVWUM2GU,pink,style_0
TSHEHZNBSMQANZR6,black,style_0
TSHEHZNCYSQFAUNG,black,style_0
TSHEYK2EKWYHGHDT,black,style_0
TSHEHFK2MCVYPX94,white,style_0
TSHEHZN4DAMUDUWH,gray,style_0
TSHERDAFAZWKYHH5,pink,style_0
TSHERDAEUTQPBYPK,pink,style_0
PLOEXKXX9YUXUVRY,pink,style_0
TSHEHZN4Z9HWQFNU,black,style_0
TSHFCP6SJSV9YHAH,white,style_0
TSHEHZPYXXJMP7VG,white,style_0
TSHEHZN3TGHWQNH8,white,style_0
TSHERHNHSWZWYXEP,purple,style_0
TSHEHZMYKGZWKQXU,pink,style_0
TSHEHZN2HJMSBZKJ,white,style_0
TSHERDQF6MGDPCUY,purple,style_0
TSHE7M7NVBGHFGKU,white,style_0
TSHEHZNDGM5AUXAD,purple,style_0
PLOEXKXXNWV9Q9H4,black,style_0
TSHER9EW3XKCSGWQ,black,style_0
TSHERE6UFAG6FX6C,gray,style_0
TSHERHNHXZZEMW9G,brown,style_0
TSHEW38EC2WYSAAE,white,style_0
SWSEYQQWPHEW3HNP,black,style_0
PLOEXHBYBFM5GGB5,gray,style_0
TSHFHHSFHBJHVHEZ,pink,style_0
SWSFNMS5M47AGMPS,pink,style_0
TSHERC8PKRRRYNGG,white,style_0
TSHERHNHGASCXZGF,gray,style_0
TSHERDAMFZHESTHX,pink,style_0
SWSFYRPAGYRV6FXN,orange,style_0
TSHEW39NY77M794D,white,style_0
SWSEYQQW6KZSAGZB,brown,style_0
TKPFGK5C2ZRGWDKA,white,style_1
TSHEHZNBT69SWZTY,pink,style_0
TSHFGJXFUPGPGTWE,white,style_0
TSHEWXJTPSHDGJR5,brown,style_0
TSHEWXGJRWCUYJNJ,black,style_0
TSHEXAZS3MMQMTHF,brown,style_0
TSHEHFK2MCVYPX94,white,style_0
TSHEW39NGCCHEN99,white,style_0
TSHEHFK3FGRPMRNU,white,style_0
TSHEURSWKANHUZFP,black,style_0
SWSEYQR8V9YBQVPD,black,style_0
SWSEYQQWDHZVTATC,purple,style_0
TSHFCP6SJSV9YHAH,white,style_0
TSHE7M7NKWHRXPUS,white,style_0
TSHEW38ZD9MY4EZZ,white,style_0
TKPFGK5CUGWRDPN9,white,style_1
TSHERC4NGHGVJZYA,black,style_0
PLOEXHBYGPMTWWCN,purple,style_0
PLOEXHBYJGJFRHNK,pink,style_0
TSHEFRWTEY8HMYFG,pink,style_0
TSHEV2NSVFVJEY6R,white,style_0
TSHEV2NRQZHGHTZ8,black,style_0
TSHEV2NT8AAJPNGU,black,style_0
TSHEYK2EZUFGQJXH,brown,style_0
TSHEV2NRCXCMVXKZ,pink,style_0
SWSFNMS5QHGAJQ3A,pink,style_0
TSHFB8TJF4TVZYUS,white,style_0
SWSFNMS5HZGZK8QX,pink,style_0
TSHERC8TEQQWTBFD,black,style_0
TSHERHNKPXRP9QEF,black,style_0
TSHEWB78ABBDDYXQ,pink,style_0
TSHEFRWTTTWTZ7HR,gray,style_0
TSHEW38ZFYFYFFFY,pink,style_0
TSHEYK2EZ6ZH7HQB,pink,style_0
SWSFNMS5FFRGFQTK,pink,style_0
TSHEPHYNYZTMMNFM,white,style_0
TSHEPHYN2MYYC6JS,black,style_0
TSHFGZGBWSZXERPM,white,style_0
TSHFB8TJVYUSR2PW,white,style_0
TSHFGK39PUWYFPXB,white,style_0
TSHEV2NSKY5BAJ7F,gray,style_0
TSHEHFK2MCVYPX94,white,style_0
TSHE7M7NWGTMAFRC,white,style_0
TSHEHFK6V9ZHUPTY,white,style_0
TSHEPHYZZU2KW4SY,purple,style_0
TSHFCP6SJSV9YHAH,white,style_0
TSHFB8TJ59HGQ5HZ,white,style_0
TSHEV2NSJHMSWQQN,gray,style_0
TSHFB8TKMEFFSFHU,white,style_0
TSHFB8TJ4W9TGZTA,white,style_0
TSHFB8TKHDJKWUGZ,white,style_0
TSHERDAMMMKHVVZF,pink,style_0
TSHFB8TJPDXY78NH,white,style_0
TSHEYFXKHHF7CSBQ,white,style_0
TSHFB8TKSG8ZUYEV,white,style_0
TSHFB8TJ8HAHYHC7,white,style_0
TSHFB8TKWVD6HFU5,white,style_0
TSHFB8TKW5AUNY9W,white,style_0
TSHFB8TKFRXXV4BH,white,style_0
TSHFB8TKKBYQKHBG,white,style_0
TSHFB8TKE7W7RY6V,white,style_0
TSHFB8TKCTRVYUCU,white,style_0
TSHFB8TKDMUZ4R9W,white,style_0
TSHFB8TKBJMVKSUE,white,style_0
TSHFB8TKFVE7SJFT,white,style_0
TSHFB8TJYJGU9D99,white,style_0
TSHFB8TKMQ89SJBM,white,style_0
TSHFB8TKDXWRTHMT,white,style_0
TSHEV2NRDJD4GQUD,gray,style_0
TSHFB8TJZFGHWUZZ,white,style_0
TSHFB8TJGHEASYYY,white,style_0
SWSFNMS5V7TVXY8Z,pink,style_0
TSHFGZGBWW7NQMYT,pink,style_0
TSHFGJXFZMXUDYNY,pink,style_0
TSHEPHYZBNSGQWGG,brown,style_0
TSHERC8RVEHBASMJ,white,style_0
TSHEHFK2MCVYPX94,white,style_0
TSHEPHYZYXVG4UMH,pink,style_0
TSHEPHYNWWHYNWCU,brown,style_0
TSHFCP6SJSV9YHAH,white,style_0
TSHFGJXFD9ZPQPGD,white,style_0
TSHFTC3SWRUHU2VZ,white,style_0
TSHERC8ZPWHKWJ45,white,style_0
TSHEPHYZTZVCCPG9,pink,style_0
TSHFB8TJZUMRGEKZ,white,style_0
TSHEW38E3PPYGK86,white,style_0
TSHERHNDHKHYUMRP,pink,style_0
TSHFB8TJBJCFBJGG,white,style_0
TSHEPHYZR3WRNYEZ,gray,style_0
TSHFGZGBPXYDFN2G,white,style_0
TSHERDQFJWDZCVTN,gray,style_0
TSHERDQFZJE5NYNC,pink,style_0
TSHFGJXFMGFC487C,pink,style_0
SWSFNMS57EXWPNFD,pink,style_0
TSHERHNKBG2ZN5SD,pink,style_0
TSHERC8QFPA5CZQY,white,style_0
SWSFNMS5R9ZQDGPZ,pink,style_0
TSHERC8Q4BYEHKFG,white,style_0
TSHFGJXFGZU3NWG9,pink,style_0
TSHE7M7NAVMGPWYH,white,style_0
TSHERC8SCXMEFBAR,green,style_0
TSHEHFK2MCVYPX94,white,style_0
TSHERHNHPTKBGHPF,gray,style_0
TSHFCP6SJSV9YHAH,white,style_0
TSHFTC58EYURFZMG,white,style_0
TSHEYFXKR4HGHHRK,pink,style_0
TSHEHZN4VVHWM6DP,white,style_0
TSHERHNCPBYPSPSD,pink,style_0
TSHFGK3A78V9VAFH,white,style_0
TSHFGK39BFGGHUEM,pink,style_0
TSHE7M7NVKHAXKHP,white,style_0
TSHERHNHBHHFEZHR,gray,style_0
TSHERHNHWFZQKEQR,gray,style_0
TSHERDQFTUA9ZSAR,white,style_0
TSHFZKM5CUGMYXQX,white,style_0
SWSFNMS5DH6PTVXY,pink,style_0
TSHE7SXBFYFHXH4F,white,style_0
TSHFGJXAY8MRR3MJ,white,style_0
TSHEW38ZGMQPN5XZ,black,style_0
TSHERC8ZZUZDEMHP,white,style_0
TSHERDQFYMZUH8QA,brown,style_0
TSHFGJXA3XZ9F9YG,white,style_0
TSHEW38TWCNYDS4T,white,style_0
TSHFGJX7ZDYJZUHB,pink,style_0
TSHFGK3AZNFT9DJJ,white,style_0
TSHEWDDFWWZBN2WB,white,style_0
TSHEHFK2MCVYPX94,white,style_0
TSHEW39QYENJGHB3,black,style_0
TSHE7M7N2XDNQGCS,white,style_0
TSHERDQFYZVUMYTG,pink,style_0
TSHFGJX75VHXH2TP,white,style_0
TSHFGJX73DGYA27D,pink,style_0
TSHFGK3AJUA3DTCZ,white,style_0
TSHERDANS9ERYH9C,gray,style_0
TSHFGK3FYD6Y5EDS,pink,style_0
TSHERDAM2AKYKJNF,pink,style_0
TSHERHNHJXRAHGRX,white,style_0
TSHFZKM5TWTVYGDZ,white,style_0
SWSFNMS5N4TEXFSG,pink,style_0
TSHE7SXB3BNPGBH6,white,style_0
TOPF2ZBYTV6FAZ6S,black,style_0
TSHEW38THU3FGPFZ,white,style_0
TSHERC8HPTVVVKYE,white,style_0
TSHEWXGGNVXKVD2E,pink,style_0
SWSEYQQWS9GBMDYE,white,style_0
TSHEWXJRYMSHQ96K,white,style_0
TSHERHNHQT6BUH2P,brown,style_0
TSHFGPFKBRHJ3WC6,pink,style_0
TSHEV2NRGVBJHNGZ,gray,style_0
TSHEW38EYJSYSMJQ,brown,style_0
TSHFGPFKVZSGJZKK,white,style_0
TSHFGK3FM5KYBJ7Q,pink,style_0
SWSEYQR8BQ6HP5QF,pink,style_0
TKPFGK5CCZ5RARHZ,gray,style_1
SWSFNMS5BKHGHJXF,pink,style_0
SWSEYQR8QCAHJXMW,pink,style_0
TSHEW38ZX6KK7WMA,pink,style_0
TSHERDAHW8BMQSC9,pink,style_0
TSHEYFXH4VJSHKDG,white,style_0
TSHEWXGJRZJ7HXZZ,white,style_0
SWSEYQQWJKTFXS6G,pink,style_0
TSHEUQSW4JWMRWWC,black,style_0
TSHFHHSFFMJ4SBJE,gray,style_0
TSHEW38THGYHE3ZQ,pink,style_0
TSHFGK3SHD2RRJMR,pink,style_0
TSHFGK3SGWTFWTZP,pink,style_0
TSHFGK3S4UZZMFC2,pink,style_0
TSHEWXJSSYGSZQHJ,white,style_0
TSHERC4QFW8YN5HZ,pink,style_0
TSHFHBSNXBHDF6AF,black,style_0
TSHFHBSNSXSMUDPH,white,style_0
TSHERDQF6FVQZTXK,black,style_0
TSHFGK3YQT4YNQHB,pink,style_0
SWSEYQR8DSTF9URR,black,style_0
TSHFHHSFQJDHVQGV,white,style_0
TSHFGPWJWPFAZYRA,white,style_0
TSHERMH4FYMAZKFY,pink,style_0
TSHFGPWJFECJFXQH,white,style_0
TSHERDQFPEGHQDHU,brown,style_0
PYJFYZBHEHNHDAYT,white,style_1
SOCFYMY7QGFDNBSY,black,style_1
SOCFYNKM3AXE3ZZC,black,style_1
SOCFYNKASHHTHF5Z,white,style_1
SOCFYNKS7XZ3YUKZ,white,style_1
SOCFYNKDD6AGEGTU,black,style_1
SOCFYNKMVXZVGSHN,white,style_1
SOCFYNKMBXXGQBG6,white,style_1
SOCFYNKMRJMGRESV,white,style_1
SOCFYNK3ACFHKPTC,black,style_1
SOCFYNJXY2UDGKFG,black,style_1
SOCFYNKSN2HVZSZY,black,style_1
SOCFYNKC5SKBTXJ7,black,style_1
SOCFYNKYRXSPWVWP,white,style_1
SOCFYNKHNFSR3UYQ,white,style_1
SOCFYMDEV67MR4S6,white,style_1
SOCFYNQ2EYRECKHE,black,style_1
SOCFYNQ2DBZWJBEY,white,style_1
SOCFYNQ2HKWHWZF9,white,style_1
SOCFYNQ2AVYA5ZFD,white,style_1
SOCFYNQ2MFKPVQYZ,white,style_1
SOCFYNQ2SVGGPMBB,white,style_1
SOCFYNQ2DDN9AHRM,black,style_1
SOCFYNQ22ZHSHCHD,black,style_1
TKPFUFVGDKQGPXVW,white,style_1
TSHFU5QRBHMGAXXX,black,style_0
TKPFUG3APYUNZNEQ,white,style_1
TKPFUF3VTZ5CUS2Y,white,style_1
TSHFSWFH3JZGQGEX,black,style_0
TSHFV9YEZYRJRH3G,black,style_0
TKPFUFUK3MDSRFRE,white,style_1
TKPFUG3FVYDZXHRE,white,style_1
TKPFUG3GUGQJDZRC,white,style_1
TKPFUG35ZPGD2ZYB,white,style_1
GVEFCC6ZPXDZCW9J,black,style_1
GVEFCHEGQUYFSB3K,white,style_1
BXRFWGAVYBZAVUZH,white,style_1
BXRFWGAVGQMDRAYE,white,style_1
BXRFWGAYBP8YCBR3,white,style_1
BXRFWGB4KMXCZKKZ,white,style_1
BXRFWGAY5RNZBYJ9,white,style_1
BXRFWEFFKCKZGP2Q,white,style_1
BXRFWGB4QGDBBKK4,white,style_1
BXRFWGAYXCF7AFVT,white,style_1
BXRFWEFFMZDHZTNH,white,style_1
BXRFWG6BRXMVTZQC,white,style_1
BXRFWG6EURZZRJGN,white,style_1
BXRFWG5WQQZTKTK6,white,style_1
BXRFWG6EF9ZNEFXV,white,style_1
BXRFWG678SJ5A7FZ,white,style_1
BXRFWG5WK6ZE4PUV,white,style_1
BXRFWG67WKBYBVHN,white,style_1
BXRFWG6BRQHFFGA7,white,style_1
BXRFWGB4DMGNF6VZ,white,style_1
BXRFWG6BH68ZRYM5,white,style_1
BXRFWG67ZHBKJQCR,white,style_1
BXRFWDXGYNBXFG8X,white,style_1
BXRFWDXGGTSHHBWE,white,style_1
BXRFWGCTPJ4Z4GSY,white,style_1
BXRFWGAVFJZBMBQR,white,style_1
BXRFWDXGEEZPZEX3,white,style_1
BXRFWG5WSCZ5VDKH,white,style_1
BXRFWG6EZ3TTAFSP,white,style_1
TFHFW3TCYAGWZ4PY,white,style_1
TFHFW3TCRMPMDWRN,black,style_1
TFHFX93SHB6RXHQG,white,style_1
TFHFWGCEDTRWACYP,white,style_1
SRTFWDSFCGG9TJVH,white,style_1
TKPFW2SUFNCHQKXZ,black,style_1
TKPFW2SPBUY2FYE3,purple,style_1
TKPFX8WJRUKHMCKX,white,style_1
TFHFW3TCQSYJJN5G,white,style_1
CRGF5F9EPAM5FCXT,white,style_1
TKPFV5RQRM2TKTH2,white,style_1
TKPFV8X8HEDGDH2T,white,style_1
CRGF4HPFJQSKCAKD,white,style_1
RNCFWZVGXMGUQDXW,black,style_0
RNCFGGTR5JWV8ES9,white,style_0
RNCFY9RXFPXY3HYT,white,style_0
RNCFG4PHHGHSA3YH,white,style_0
TKPEQJTG5GYXK9ZY,brown,style_1
TKPEQX5JHTGFMHGC,pink,style_1
TKPEQHGYQRXHCBFY,black,style_1
TKPEQX5JXNUQFRFD,black,style_1
SRTEQKY6HWKC3UYX,white,style_1
SRTEQKY62CMVFZNY,white,style_0
SRTEQXSVMZMPDHEH,white,style_0
SRTEQXSVEYUXTYB9,white,style_1
JCKFN2FZ5MU5WZ2M,black,style_0
TKSFZGC8H8RFDPAY,black,style_0
JCKFM7MKZ9HXYYHW,black,style_0
JCKFNYCAZBJDK4MZ,black,style_0
JCKFNYCNNAEZAW5G,black,style_0
JCKFM7MKDSJGYKJY,black,style_0
JCKFM7MKTNBQEZE8,black,style_0
JCKFNYCWRYYWDG74,black,style_0
JCKFXQWYXH5QPSXV,white,style_0
JCKFNYAHKZFDRFVS,black,style_0
TKPFWGWBQY8UZZUB,white,style_1
TKPFWGWB9KSFV2YZ,white,style_1
TKPFWGWBHMQVTV2Z,pink,style_1
TSHFVYCCKAFSYY8M,gray,style_0
TSHFVTAHXW3JUAHF,pink,style_0
TSHFVNJ5YZJADJHS,pink,style_0
TSHFVNJ4NMQNGH3H,black,style_0
TSHFVWQUTN78W8NE,pink,style_0
TSHFVWQUC3AKHUX2,gray,style_0
TSHFVYCCXVKT8ZCB,pink,style_0
TSHFVN6CUMSH7BMU,pink,style_0
TSHFVTDXD7TGDBP3,white,style_0
TSHFWFFY4ANHUVBP,pink,style_0
TSHFVTDXVN76QB8U,pink,style_0
TSHFVN6CKYWZUSTC,pink,style_0
TSHFVWQUFTGJRQPF,pink,style_0
TSHFVXCCAZYVTZQC,pink,style_0
TSHFVNJ4TWGWG7NS,pink,style_0
TSHFVYCCJ3DGFFRX,pink,style_0
TSHFVWQUKSE3YBH4,pink,style_0
TSHFWFFYZHR4ZPPB,pink,style_0
TSHFWFFYZJH5KWWV,pink,style_0
TSHFVN6CF5SPFHBX,pink,style_0
TSHFVNJ5XZUYWDUH,pink,style_0
TSHFVWQUGT9EU8FC,pink,style_0
TSHFVWQU3BMAHPSP,pink,style_0
TSHFVYFF9GZEQ7KY,pink,style_0
TSHFVTDXAQXBMVHE,pink,style_0
TSHFVXCCCTBGFQHZ,brown,style_0
TSHFVX7TEH7VRQ3W,pink,style_0
TSHFWYSEGQFVQWVY,pink,style_0
TSHFVYCCFDGC3J2Z,pink,style_0
TSHFVWQUHFZEHTUK,pink,style_0
TSHFVMGPFKJBWTDF,pink,style_0
CRGFHTZGEP7AAVTG,white,style_1
CRGFHHHWH6BVFZJG,white,style_1
CRGFHTY65RZAGMWN,white,style_1
CRGFMEYQZCFQYEDA,white,style_1
CRGFHHHWFGDZ6JHU,white,style_1
CRGFHUYBY7CUQBD8,gray,style_1
CRGFHZPKYSWEFG3Q,white,style_1
CRGFHTZGXPZANYKY,white,style_1
CRGFMEYQKMTY5SCK,white,style_0
CRGFHZHJRTZJRUGP,white,style_1
CRGFTB92ZXC8BJJJ,black,style_1
CRGFHZJ7N8NGMKVQ,white,style_1
CRGFHZN3HYV5PC59,white,style_1
CRGFHZGHV7UUNHMZ,white,style_1
CRGFHZHJCPX9F3BR,white,style_1
CRGFTB92DYZKFXMF,black,style_1
CRGFHTY2E3HKS3QH,white,style_1
TSHFKWRSQNHMFSYK,white,style_0
CRGFHZJ74P2HFGWZ,white,style_1
TSHFM9PPVK4SYYX3,white,style_0
CRGFTB92ZYGNZHAM,black,style_1
CRGFHZJ6QKWYZMSE,white,style_1
CRGFHZJ7CFAWXZDW,white,style_1
TSHFM6KGYFHMGMRH,white,style_0
TSHFNYFZHWYYZADU,white,style_0
TSHFNQ4TD8YTGUBF,white,style_0
TSHFM9PP3CDZT6SC,white,style_0
TSHFMGGWTXEJ6XWF,white,style_0
TSHFMGGSMYVZHGRQ,white,style_0
TSHFMGJANXWMXB8F,white,style_0
TSHFMGGWUUHPZQH8,white,style_0
TSHFMGGSZF9HPZCW,white,style_0
TSHFWRN2WBHG6XM5,white,style_0
TSHFNY47HNGVGDD3,white,style_0
CRGFHZJ7R6U3URQQ,white,style_1
TSHFNY3KYEDYAS2T,white,style_0
TSHFNY47Z8YAEFHA,white,style_0
CRGFHZHZJCRVG4TZ,white,style_1
TSHFNYFZUFRZ4HNF,white,style_0
TSHFNYFZVGEYKQDM,white,style_0
TSHFWRN3BW9HRG6K,white,style_0
TSHFNY47WXUWZPGU,white,style_0
TSHFNY3KRJNUSHYW,white,style_0
TSHFWRN3J65BFAJP,white,style_0
TSHFMGGWGJSUMQYS,white,style_0
TSHFNY2Q7W9YY6ZW,white,style_0
TSHFMGGWSZ85X28A,white,style_0
CRGFHUYBBMEUQY3Z,white,style_1
CRGFHSS9HDRPG63Q,white,style_1
CRGFHUFFFHXYGAPF,white,style_1
CRGFHUFFYBW99CFH,white,style_1
CRGFM9HGJMNX4GMG,white,style_1
CRGFTB92YA7JNGQK,black,style_1
CRGFMF78MGPRJ9HU,white,style_1
CRGFHTXZH54JGFJG,white,style_1
CRGFMF78SYYENBJH,white,style_1
CRGFHSS9XHZ4GT9M,white,style_1
CRGFMF789SZ5ZQT6,white,style_1
TSHFWRN2QW6BBJMB,white,style_0
TSHFMGJATGZKYYGV,white,style_0
TSHFNQ4T4RTGYKPV,white,style_0
TSHFNQ4TCNYFSUAQ,white,style_0
TSHFNQ4TSCVKQ77Q,white,style_0
CRGFNTUWKUKGZWP3,white,style_1
TSHFNQ4TT8NHJFGW,white,style_0
CRGFHUFFJKEX9XGM,white,style_1
CRGFHSS9GPQHP2CZ,white,style_1
CRGFHTZQDEWHXPVP,white,style_1
CRGFHUFF53JZGANH,white,style_1
CRGFM8GBTZNAFDBS,white,style_1
CRGFHUYB5AAYEWMK,white,style_1
CRGFMF78CEGHZZZF,white,style_1
CRGFHSS9YF2STRZN,white,style_1
CRGFMEY6UZP4DH2S,black,style_1
CRGFHZGHGF38ETMG,white,style_1
TSHFN3GHC2FKHFFZ,white,style_0
CRGFHZGHBRAYJYBD,white,style_1
TSHFMGGSBUBGNFC3,white,style_0
TSHFN3GFZDH3RXDY,white,style_0
TSHFN4SP5G5RDT5X,white,style_0
TSHFNY2QREXNZFU5,white,style_0
TSHFM9R8UADSZ96J,white,style_0
TSHFN5U5WNHN7YAJ,white,style_0
TSHFN3GFNNMQJJ5N,white,style_0
TSHFN4RRQR43MBXJ,white,style_0
TSHFMGJAGFERAG5Y,white,style_0
TSHFN4SPGYM3EZWY,white,style_0
TSHFM9R8EFFTYFAH,white,style_0
TSHFNYH4U2TW3JZR,white,style_0
TSHFM9PPW7TM5XZS,white,style_0
TSHFNYH46D2TWSUA,white,style_0
TSHFM9R8GAU4TPQJ,white,style_0
TSHFN4RRVQHKEFZD,white,style_0
TSHFN3GFBK6H6HX6,white,style_0
TSHFN3UQGKKZGKFV,white,style_0
TSHFN4T826YZDSTP,white,style_0
TSHFMGJAXGGZAFMK,white,style_0
TSHFN3ZNNGERFAFN,white,style_0
TSHFN4T8UMJ9HBPQ,white,style_0
TSHFM9PPNWCHDTMX,white,style_0
TSHFN4RRZYGHG9H3,white,style_0
TSHFMGGSGZYEUVFS,white,style_0
TSHFN4T8FVAXY9VK,white,style_0
TSHFNQ7MJZEFGB59,white,style_0
TROFNX87CCXEKQY3,white,style_1
TSHFNQ3TZJ9PG42J,white,style_0
TSHFN4T8RE9NBDGY,white,style_0
TSHFN4SPPHTGGBHR,white,style_0
TSHFNY2QEPAEURZH,white,style_0
TSHFN4T8MZ3JGP4D,white,style_0
TSHFN4RRHHUGG4DP,white,style_0
TSHFN4SPBZ6DHWTN,white,style_0
TSHFN4RRGBQETZZR,white,style_0
TSHFNYGZZX3RBHNU,white,style_0
TSHFNQ6ZVGVPBEYB,white,style_0
TSHFMARAA5QQY6GZ,white,style_0
TSHFNYFZY9RT6HWN,white,style_0
TSHFNQ6G5TBU3F6W,white,style_0
TSHFNQ6GU9ZXSYPZ,white,style_0
TSHFNQ7MTPM3AZBX,white,style_0
TSHFNYH4MZXUQFJ7,white,style_0
TSHFNQ7MEE3ZCYFH,white,style_0
TSHFNQ7MFMBAQUH3,white,style_0
TSHFNQ6GNYVUHHV2,white,style_0
TSHFNQ6GTWPYAJZ2,white,style_0
TSHFNQ7M8N5UGUC5,white,style_0
TSHFNQ7M23QVXJVQ,white,style_0
TSHFNQ6GF7NZD4XZ,white,style_0
TSHFNY3KPMUQWHHV,white,style_0
TSHFN4MCT3GCFDJE,white,style_0
TSHFMGJAKFZYEHGA,white,style_0
TSHFNY2QYZFMWWPH,white,style_0
TSHFN4SPQHFJZHZR,white,style_0
TSHFNY3KV6CW5ZWJ,white,style_0
TSHFMG8UVH7EVNUC,white,style_0
TSHFN4MCTBRYD9ED,white,style_0
TSHFNYFZTDG3AV3U,white,style_0
TSHFN4MC5JWZCUM6,white,style_0
TSHFM8GUFGJ8DJGK,white,style_0
TSHFM8GUDYQTCG5M,white,style_0
TSHFNY47HYFFZYMA,white,style_0
TSHFNY47EZ8JZH5U,white,style_0
TSHFMG8UC4FEDXFY,white,style_0
TSHFM8GUGZHMZV9J,white,style_0
TSHFM8GAZM9FUJAE,white,style_0
TSHFM8GANR385CC3,white,style_0
TSHFM8GACFVGDAYQ,white,style_0
TSHFM8GUYYWYXEWZ,white,style_0
TSHFM8GAMZYFV9X4,white,style_0
TSHFM6KGFVXNMJ9F,white,style_0
TSHFN4MC5HZCS7HQ,white,style_0
TSHFNY3KATMYEX6Y,white,style_0
TSHFNY2QTCRFFXQT,white,style_0
TSHFNYGZRDNPY9BN,white,style_0
TSHFNYH8SHAC4KGX,white,style_0
TSHFM8FQUJY6J39B,white,style_0
TSHFM8FQJTFDVXYQ,white,style_0
TSHFNYGZG4DHMHGK,white,style_0
TSHFNYH8ZZ8DNQDR,white,style_0
TSHFNYH8VEYWDVZJ,white,style_0
TSHFM8FQQUANHCMU,white,style_0
TSHFNYGZXQRZVM47,white,style_0
TSHFNYGZZTW5USZW,white,style_0
TSHFNYH8CCT5N6PC,white,style_0
TSHFNYH8DTXZTHHE,white,style_0
TSHFNYGZ4W7HNZNY,white,style_0
TSHFM8FQMZTDUZC9,white,style_0
TROFNVM4ZCFWHTHH,white,style_1
TROFNWHGWXEYPUKG,white,style_1
TROFNWPPJS5UHXVA,white,style_1
TROFNWGECNSFJY9B,white,style_1
TROFNVM4GTQT3GKY,white,style_1
TROFNVBT35JMMJNC,white,style_1
TSHFNYH4YMWQUFCB,white,style_0
TSHFNYH4UMF8G6M5,white,style_0
TSHFNYH4KPKYRSKM,white,style_0
CRGFHUYBQFKZNCTQ,gray,style_1
CRGFHZGHJFZHP6YF,white,style_1
CRGFMDYHSMNEZWZ6,white,style_1
TROFZ58HTMYA4YYK,brown,style_1
CRGFMEY6BY6XUEGN,black,style_1
CRGFHZHJMJKSNFP7,white,style_1
DHTFVGYJFJ2XVPZ7,brown,style_1
DHTFVH7GVH82SDHG,brown,style_1
DHTFUGKQ3DQUBSRU,green,style_1
DHTFVSUFD8XT56PQ,white,style_1
DHTFVH7EMSGF3YHG,gray,style_1
DHTFVB5ZJMPAJMXB,white,style_1
DHTFVJTHMG3RACEC,white,style_1
DHTFVB5EQBYKGAKC,white,style_1
DHTFVJTGJZRVHKXR,blue,style_1
DHTFVHTFYGCVY46K,black,style_1
DHTFVSFFHEHH7KXT,pink,style_1
DHTFVGY4TWVPKZ7R,gray,style_1
DHTFVSFFCUQ4BJG4,pink,style_1
DHTFVMVHKXGGB5YT,white,style_1
DHTFZUNBNSZHEBG8,white,style_1
DHTFZUNY52R3CPGT,brown,style_1
DHTFZUNAB4QFYZGE,black,style_1
DHTFVPQFSX2AJGSG,gray,style_1
TSHFE4JRQ8HHCYYM,gray,style_0
TSHFE4JRGVRRRBV5,white,style_0
TROFCCRYRYKHPPNF,white,style_1
TSHFE4JPFMV3HK2N,black,style_0
TSHFE4JP9CGXV8NH,black,style_0
TKPFF9PHBQHFPMFT,white,style_1
TROFCCRYMN4ZFVYH,white,style_1
TROFCCRYF37C7G2H,white,style_1
TFHFF9ZC7PFDJZAM,white,style_1
TSHFE4JQ9QJSS6C2,black,style_0
TSHFE4JQZJDX9GG8,white,style_0
TROFCEZ4HJHJ8ZH6,white,style_1
TSHFE4JQ33U8SPM5,white,style_0
TSHFFEPYHGAJEDFG,brown,style_0
TROFCCRYSQBUUDCS,white,style_1
TROFCCRYVP6EVGQT,white,style_1
TROFF9HYGXNEHA2T,white,style_1
TSHFE4JRQGG6YKVR,gray,style_0
TSHFE4JSMERVEE8R,white,style_0
TSHFE4JQQCRVGAMC,black,style_0
TSHFE4JQTHBVVD8K,black,style_0
TROFCCRYHGZ8BPQN,white,style_1
TSHFE4JQFJRZHGS5,black,style_0
TSHFE4JRYWXHU6FG,gray,style_0
TROFCCRYXAHBSJMV,white,style_1
TSHFE4JPFG5YC5BW,purple,style_0
TROFCCRYBGSJ7C7Y,white,style_1
TSHFE4JR4XCBRURP,gray,style_0
TROFCCRYB5G8SDNH,white,style_1
TSHFE4JQRKUWARRS,pink,style_0
TSHFE4JQFNCFNGJT,black,style_0
TROFCCRYMFAHHRUC,white,style_1
TSHFE4JQHH9JN6CT,gray,style_0
TSHFE4JPKQAPTGPM,black,style_0
SHTFEQJQ77NQZFX9,pink,style_0
TSHFE4JPVUMMG8ZQ,white,style_0
TSHFE4JQHUJTHGFM,black,style_0
TSHFE4JQ4M6KKT8G,black,style_0
TROFCCRYKYN64ZGQ,white,style_1
TSHFE4JRHQTR6B7X,gray,style_0
TSHFE4JQHJWGTZNK,white,style_0
SHTFEUZF9UT7ZRDN,gray,style_0
SHTFEUZ8CUGZXD54,purple,style_0
SHTFEQJA48XC5WX4,pink,style_0
TSHFE4JQVRAJEAHR,pink,style_0
TSHFE4JREDKHYHZZ,gray,style_0
TSHFE4JRGVRRRBV5,white,style_0
TROFCCRYFY7W53XJ,white,style_1
TROFF9HD2JHZ5USP,white,style_1
SHTFEUYGHSYGPYFR,gray,style_0
SHTFEQJFS75ZWEKK,pink,style_0
SHTFEQJ2ASNAM2BA,pink,style_0
SHTFEUYNFZ9ZYHNU,gray,style_0
SHTFEW5TGWFDUDMH,gray,style_0
TFHFF9RHXHG78YS2,white,style_1
TROFCCRYVPHGB2KZ,white,style_1
SHTFEUYQJGHE9DKV,gray,style_0
TSHFE4JQZ2TJBGMZ,white,style_0
SHTFEQJRC5YVT9XS,pink,style_0
SHTFEUZFJTGEJDWK,gray,style_0
TSHFE4JPXV56KKB2,black,style_0
SHTFCCRGYFZHDREY,pink,style_0
TROFCCRY3FJAHHQB,white,style_1
TSHFFEPYHGAJEDFG,brown,style_0
TSHFE4JPXMUVVMJR,black,style_0
SHTFEQJ4HD3WF9XH,pink,style_0
TROFCCRXZRFBFXGA,white,style_1
TROFF9G3ZA4GV9DM,white,style_0
SHTFCCRHPNC4F6XC,pink,style_0
TFHFF9ZEUFTTG5ZZ,white,style_1
SHTFEQMBERY8ZUZG,pink,style_0
SHTFEUZGSGGMYYVK,white,style_0
TFHFF9HZNCMFGAYP,white,style_1
SHTFCCRHGEFV5YA7,brown,style_0
SHTFCCRGK52CM7YR,white,style_0
TSHFE4JQ8Y2YCKWD,gray,style_0
TFHFF9H3YFEYZMXW,gray,style_1
SHTFCCRGMSBPHSSG,gray,style_0
SHTFCCRGZYXC4Z9X,pink,style_0
SHTFCCRGSYRGB57J,pink,style_0
TFHFF9QBGBP6B4ZZ,white,style_1
TROFCCRYMGD55X5B,white,style_1
SHTFCCRGR4YBGTGM,white,style_0
TSHFE4JQ9QJSS6C2,black,style_0
SHTFEQJ9WBJGQFFJ,pink,style_0
SHTFCCRRCFDJBY6N,pink,style_0
TSHFE4JRQ8HHCYYM,gray,style_0
SHTFCCRHXXVGG23N,gray,style_0
TSHFE4JRGVRRRBV5,white,style_0
SHTFCCRKNTUTHM8A,brown,style_0
TROFCCRYJFPYZXEX,white,style_1
TSHFFEPYHGAJEDFG,brown,style_0
TSHFE4JRQ8HHCYYM,gray,style_0
TSHFE4JRQ8HHCYYM,gray,style_0
TSHFE4JRQ8HHCYYM,gray,style_0
TSHFE4JRQ8HHCYYM,gray,style_0
TSHFE4JRQ8HHCYYM,gray,style_0
TSHFE4JRQ8HHCYYM,gray,style_0
TSHFE4JRQ8HHCYYM,gray,style_0
TSHFE4JRQ8HHCYYM,gray,style_0
TSHFE4JRQ8HHCYYM,gray,style_0
TSHFE4JRQ8HHCYYM,gray,style_0
TSHFE4JRQ8HHCYYM,gray,style_0
TSHFE4JRQ8HHCYYM,gray,style_0
TSHFE4JRQ8HHCYYM,gray,style_0
TSHFE4JRQ8HHCYYM,gray,style_0
TSHFE4JRQ8HHCYYM,gray,style_0
TSHFE4JRQ8HHCYYM,gray,style_0
TSHFE4JRQ8HHCYYM,gray,style_0
TSHFE4JRQ8HHCYYM,gray,style_0
TSHFE4JRQ8HHCYYM,gray,style_0
TSHFE4JRQ8HHCYYM,gray,style_0
TSHFWFMYYGJHA2GY,white,style_0
TSHFWFMYCYEVPZZ4,white,style_0
TSHFWFMY3QKHBEGF,white,style_0
SOCFG6W8YVUGRKGJ,white,style_1
SOCFG7T9R4DWFUZJ,black,style_1
TSHFW8H9KKGQGWJS,white,style_0
TSHFWFMYJNUWAK4C,white,style_0
TSHFWFMYG87XYVGH,white,style_0
TSHFVHNNMHZFBENP,black,style_0
SRTFV9WDSZHGXXQY,pink,style_1
SRTFV9WDPQEDJFPK,pink,style_1
SRTFV9WD6QQXCHBQ,pink,style_1
SRTFV9WD3DHDS4ZZ,pink,style_1
VESFZG3MGQKXWBCJ,white,style_0
VESFYXYZPGPRAXNY,pink,style_0
VESFY2FJCPT6VMZ3,pink,style_0
VESFWGCCHFEPZGB8,white,style_0
TSHFZQFUZJTGQQPY,gray,style_0
VESFYXYPNCGFGE26,pink,style_0
VESFYYA23RVHF3EW,pink,style_0
VESFYYA42AR4JFZ5,white,style_0
VESFYYA4QKWHQCPQ,pink,style_0
VESFYYA7QHUPDJXF,white,style_0
JCKFQ47FTWSZ6CUY,white,style_0
TSHE9EFGETZAHD3Z,white,style_0
TSHEGWRB9D7HRZJZ,pink,style_0
TSHE8ZAFKV5F8WV2,brown,style_0
JCKEX62GXARWBVZW,black,style_0
JCKFS4NFYXFRDWDH,white,style_0
TSHE8TDXPNWHDZ2N,black,style_0
JCKEGHFJFKR7AKAH,gray,style_0
TKPFUBDB8WGRDDYJ,white,style_1
JCKFKGR4FADV7SZS,white,style_0
JCKFKGPFDEPZUJFB,white,style_0
TSHE7GN8CY2GGDSP,pink,style_0
TKPFKGN4GJXXGPVH,white,style_1
TKPFKGR7KJDEBWYX,white,style_1
TSHEXQBKETGFJZRX,white,style_0
TSHEM9Y5HRKVQNR9,pink,style_0
CAPFUDJ7GFMVHCZT,white,style_0
TSHEAMCDH3QYNRG4,black,style_0
TSHEGVRZVVS8BG3F,pink,style_0
TSHEGVRZVVS8BG3F,pink,style_0
TSHEHFNXYU32H8PY,brown,style_0
TSHEAMCDQTRZYXKG,pink,style_0
CAPESXAAWNTQR5PY,brown,style_1
TSHE8UGYDVSB5YZQ,white,style_0
TSHEAMCDVJDBWS6T,white,style_0
TSHE7KZ7G5HKYGE8,brown,style_0
TSHEMA4FX2X9GGYV,brown,style_0
TSHEQBRJFVE8G7UK,white,style_0
TSHEQBRJPYA5PQYJ,brown,style_0
TSHFS4QMXGZNSGYB,white,style_0
TSHFFPH2FRHNPH3V,purple,style_0
TSHEAF4B2KZVGEPD,white,style_0
TSHESGMFWX3ZMHVD,white,style_0
TSHE282R63GVQDUE,white,style_0
TSHEM8ZZM3V4YGYH,white,style_0
TSHFFPH2VYK3ZGDZ,white,style_0
TSHEM8ZK5BNQMX6V,black,style_0
CAPEX5YHPH3MSGFC,brown,style_1
TSHFS4N4MGVF2ES9,white,style_0
TSHEQ9SKZQJ5WT2U,pink,style_0
TSHEDKJXCJZAJCUF,black,style_0
TSHEM8ZJNJANPMHS,white,style_0
TSHE282K53K9ZCCC,pink,style_0
TSHFNFTHMZDWWJZ5,white,style_0
TSHE282RNGZH5DYK,white,style_0
TSHE282ZKFCRZFRZ,gray,style_0
TSHE8UHZ6WFVCCNU,white,style_0
TSHE8UHZVR6TGHFG,white,style_0
TSHEDKJXXUSUFYSV,gray,style_0
TSHE2HWKAUGTNXWX,white,style_0
TSHEDQEABW5CAAT6,white,style_0
TSHFZGGDX6UBSHEY,white,style_0
TSHFS4NZR9UZQANX,white,style_0
TSHE6BSMJBKSB6HX,white,style_0
TSHE6BSMSGQCX9MU,white,style_0
TSHE282ZCF698ACQ,gray,style_0
TSHE22FQ6VCWZQDQ,gray,style_0
TSHFSV7FNDNQ6FZY,white,style_0
TSHEDQEAU3WHT48Z,gray,style_0
TSHEGVS2TZUWBJZT,gray,style_0
TSHE22FPAZDHSQNT,white,style_0
TSHFUDVN7FQMVZFW,white,style_0
TSHEDQEAQ5EBJFUU,gray,style_0
TSHEAMCDBKMPFEZM,gray,style_0
TSHEDKJXHSGEKNDZ,black,style_0
TSHE282KCQWXJUBD,black,style_0
TSHEDQEAFJY7GGZH,gray,style_0
TSHEDKJXJRZJGHYY,pink,style_0
TSHE282ZMAPEWZ6Z,black,style_0
TSHE282NCCDE6UPZ,orange,style_0
TSHEDMZDB2XHNKFM,gray,style_0
TSHEDKJX9GGV4QRF,brown,style_0
TSHE282QPZTBWZBE,brown,style_0
TSHE282PZF2YA4KM,pink,style_0
TSHEAMCDJQCJFGHN,pink,style_0
TSHE282PUFX74XMC,white,style_0
TSHEH2PFYB5GN6MD,white,style_0
TSHEDKJXZHCVAHU6,black,style_0
TSHE282MXZBCHF5F,white,style_0
TSHE282ZU7TAZFRV,white,style_0
TSHEHFEGTCGEH3EZ,white,style_0
TSHE6DU2RZ5GCFHX,white,style_0
TSHE22FQFPNKQYGE,purple,style_0
JCKEQ3GAZYQDYJSF,black,style_0
TSHEAMCDVP3TTRCF,orange,style_0
TSHEGVRZUKBEHYWE,orange,style_0
TSHEAMCD4KHMWGGC,gray,style_0
TSHEGVS2YXWHCKEG,black,style_0
TSHEAMCDKJYFWTHU,pink,style_0
TSHEDGKB5Q9YFMZP,white,style_0
TSHEDKJXFEXTKJYS,gray,style_0
TSHE8UHZT2ATNSFY,white,style_0
JCKEQ3GAKXNGKUGP,brown,style_0
TSHEGVS2EMZEFT8G,pink,style_0
TSHEGVSFMDDPBZNG,gray,style_0
TSHEDQEA4DGM8F3D,pink,style_0
TSHEAMCDJHRVPFKB,gray,style_0
TSHEDQEAHYNUH5CP,gray,style_0
SRTEQ4873ZRGBPYJ,white,style_1
TSHEDHDHNCRMHGCW,pink,style_0
TSHEGH68Q5E7P9KX,gray,style_0
TSHEMA45XRMEG9YX,gray,style_0
TSHEMA47DFMT9F2W,gray,style_0
TSHEQ9SJQYAJZGGC,gray,style_0
TSHEMA3YP8FYVBUF,white,style_0
TSHEMA48TUDM9N6Z,gray,style_0
TSHEMA3VPXKK8AHJ,white,style_0
TSHEMA3YS7HEPCUY,black,style_0
TSHEMA44ZMZDJUBB,white,style_0
TSHEK7NFYAEP5NZQ,white,style_0
TSHEQAMQ8KZGBAGY,pink,style_0
TSHEMA3VGDHHPBSX,gray,style_0
TSHEAMCDRR3UZMER,gray,style_0
SRTESGH8B6STFGTF,white,style_1
TSHEMA4YHHMFMYJJ,white,style_0
TSHEQ9SJKZSHKGYE,gray,style_0
TSHEHFHQ2FTF8DGK,brown,style_0
TSHEMA469FZGFGZY,orange,style_0
TSHEQ9SJSPHUTVET,white,style_0
TSHEQAMRUJCUQ9RH,white,style_1
TSHEQAMQC3RDAHFE,white,style_0
TSHEDGKB3DZF3QAG,gray,style_0
TSHE282P4CJJKDHQ,gray,style_0
TSHESGM23ESQQZX4,gray,style_0
TSHEMA3WWWHQVC3K,black,style_0
TSHEM8ZHJHJHNDMU,brown,style_0
TSHEQAMRPVS9X4VF,white,style_0
TSHEM8ZKYUGU9VGZ,pink,style_0
TSHEM9Y6QZGGZFEV,black,style_0
TSHEM8ZHHNEYN7TX,pink,style_0
TSHEM8ZSAT5EFS9J,white,style_0
TSHEM8ZSKVUQS2NM,brown,style_0
TSHEM8ZEGCGGUZZB,brown,style_0
TSHEM8ZJUWHF6RHT,gray,style_0
TSHEM8ZUFG3DTATH,white,style_0
TSHEM8ZFHYGGYFGW,brown,style_0
TSHEM8ZJAFWFGFFH,white,style_0
TSHEM8ZJRMHETYT6,white,style_0
TSHESGHRAFW56GFA,purple,style_0
TSHESGM2YWUVY85Q,black,style_0
SWSEDQEA6D48ZVYG,black,style_0
TSHEM8ZEFC8EGJG9,gray,style_0
TSHEM8ZHSCJGBVMP,purple,style_0
TSHEQ9SKYKNBQSG6,gray,style_0
TSHESGM3KJNVAV2J,brown,style_0
TSHEM8ZETVQVNBPN,green,style_0
TSHEM8ZJY9XTGCR5,purple,style_0
TSHEMA48MBNNFZTC,brown,style_0
SRTESGHJYKTSAWCA,white,style_1
TSHEM8ZFMJQBDMHU,gray,style_0
TSHEM8ZNH6FYMJG8,white,style_0
TSHEM8ZFNKM5VHDE,white,style_0
TSHEM8ZFUFKGXPZE,white,style_0
TSHEM8ZEBTXNJB7U,black,style_0
TSHEM8ZZ4HZJBTCC,black,style_0
TSHEM8ZXZJXAASPF,black,style_0
TSHE6DU2RY3GZSVN,white,style_0
TSHEM8ZPHHT3JXZS,white,style_0
TSHEM8ZMTCR9UR5E,white,style_0
TSHEM8ZNYZW7V6UE,white,style_0
TSHESGMFVZ8ZPPAB,black,style_0
SWSEDMZDGXRKSKXP,brown,style_0
TSHE6DU2MMVGZMJB,white,style_0
SWSEDMZDHYRRUATG,black,style_0
TSHEM8ZKVPWUT7BE,black,style_0
TSHE22FQRVTGUWRZ,white,style_0
TSHE22FPUANYHAVC,purple,style_0
TSHE6BSMAFJEGSEE,gray,style_0
TSHEQ3STVKCZZFMY,gray,style_0
TSHEHFHQ2DNNEDRK,white,style_0
TSHEDGKBBDPZ9RPG,brown,style_0
TSHEAMCDGVMXYCVA,brown,style_0
TSHFFPH2HYHSSNY7,white,style_0
SRTEDGDPDSMJNJFW,white,style_1
TSHEDHDHW3MCRPJF,gray,style_0
JCKEQ3VGFQWFW3YN,brown,style_0
SWSE8TDXEZFPCCM8,gray,style_0
TSHEDHDHN3JKBTZZ,white,style_0
TSHEHFZ7CWZBH9PG,pink,style_0
TKPESGFZ7GGSAZ8S,white,style_1
TSHEDQEAXFHUPYBD,gray,style_0
TSHEM8ZMMUXPJCQW,brown,style_0
TSHEDHDH2QZEC9PK,gray,style_0
TSHEGVSFU5QNMZPW,brown,style_0
TSHEM8ZZFGUBUSA3,gray,style_0
TSHEAMCDTAKHZBJR,white,style_0
SRTEQ487UQUEQVWH,white,style_1
TSHEHFZ7J6HANQHF,white,style_0
TSHEM9Y64JDEYMFC,brown,style_0
TSHEK6MHYBYYKUHQ,white,style_0
SWSEDQEA4SNZHCZ4,black,style_0
JCKEGHFJ5GH5WSWY,gray,style_0
TSHE6EVBY79JFHCG,brown,style_0
TSHEQAMRJCMNRQD5,gray,style_0
TSHEMA48UKZKGW9R,white,style_0
JCKFS4NQFGAXHZYC,white,style_0
SWSEDQEACHUWZJRK,pink,style_0
TSHEDQEAUXRCYHQX,orange,style_0
SRTESGHGHQVJC77H,white,style_1
SWSEDQEAR4ZGTJ9K,black,style_0
JCKEQ3GAPYMQBYUG,black,style_0
TSHE6EVBAQBMMNUP,white,style_0
TSHESGMFUCHTSWJP,gray,style_0
TSHFSPSCYWUCBQCH,white,style_0
SWSEDQEA9FWERMGM,white,style_0
TSHE8VPA2PKF5ZMG,black,style_0
SRTESGHJWHUTHRZ6,white,style_1
TSHEM8ZVNGGUC7JY,black,style_0
TSHEXSEPNKA9GV8F,white,style_0
JCKESKGNX6ERFWJX,pink,style_0
SRTESGHJMGPZSG4Z,white,style_1
TSHE8UHZ4GVBZGQK,white,style_0
SRTEDGDPFYDQXNJF,white,style_0
TSHFFPH2FJAFY9DG,purple,style_0
TSHFFPH2V8MZ2V2T,brown,style_0
SRTEDGDP7VGE5GKJ,white,style_1
TSHEQAMQ9STWXHVH,brown,style_0
TGTFUDTM2TFPUYGM,white,style_1
SHTFVPGYMTUVPEHM,white,style_0
KTAFTQVJG6MZJYMS,white,style_0
KTAFVXCWVJHJPNNP,gray,style_0
KTAFVXCGDEYYY6FJ,gray,style_0
KTAFVXCVHZYCNYHK,black,style_0
KTAFTQVJ7UUBRAB5,white,style_0
SHTFVQT8UDDTAW2G,black,style_0
SHTFVQVFR7RV4YBJ,black,style_0
SHTFTQHVHZCBC7F3,white,style_0
KTAFTQVJ4Z9GK5KZ,white,style_0
SHTFVPGY9K3XHFYU,white,style_0
SHTFVQVZZTEVDDDK,white,style_0
SHTFVPFZSWHNSWFY,gray,style_0
KTAFTQVJHSFHAMAP,white,style_0
SHTFVPGYMTUVPEHM,white,style_0
SHTFVQTWDGQSZPUG,white,style_0
SHTFVPGYH4HX33YJ,pink,style_0
SHTFVQUZ43XYCSBN,white,style_0
SHTFTQHVPQP3H7FF,white,style_0
SHTFTQHVPEQ7GA7Y,white,style_0
SHTFTQHVDJNYZBJG,pink,style_0
SHTFVQV2XGK3ESEV,white,style_0
SHTFVPGYHDWFFAM3,white,style_0
SHTFVSXRRCNEWMMP,pink,style_0
SHTFVPGYFFYVG3AC,white,style_0
SHTFVQUMJESZ7T2E,white,style_0
SHTFVPGYZT3DHNEN,gray,style_0
SHTFVQQ5CMQQNHZA,white,style_0
SHTFVQQ5RSFBQ948,white,style_0
SHTFVSYGGDYM73ST,white,style_0
SHTFVSXRJWHDY9YV,pink,style_0
SHTFVSYECZKJGGVV,white,style_0
SHTFVSYDJZFFUJEQ,white,style_0
SHTFVQUR6VHSEPHE,white,style_0
SHTFVSYDHW8HDFDY,white,style_0
SHTFVUFBJMRVWCBU,white,style_0
SHTFVQTRBV8ZAJNR,white,style_0
BRFFYD3AYJC4EHTT,gray,style_1
BRFFXXG5YNCZ62HS,pink,style_1
BRFFXXEUXACSC8KY,pink,style_1
BRFFY39FE4QDY2ST,pink,style_1
BRFFY7JT9TQ2Z44A,pink,style_1
BRFFXZZJFFRZVXHK,pink,style_1
BRFFXZYUXZCF8HVJ,pink,style_1
BRFFXZYUMUNVUZWM,pink,style_1
BRFFY39FZDTUASAP,pink,style_1
BRFFY39U6HGF6GHY,pink,style_1
BRFFY39FB5KGZXNC,pink,style_1
BRFFXZZJK56XEMDH,pink,style_1
BRFFXXEURYYHAFAG,pink,style_1
BRFFY39UWYMHAZD2,pink,style_1
BRFFXZYVPHB5ZJZ2,pink,style_1
BRFFXXEUTAGS2SKU,pink,style_1
BRFFXXFC7NT92R4M,gray,style_1
BRFFXXFCTCDMQGPY,gray,style_1
BRFFXXFCHTWZABJY,gray,style_1
BRFFY39UHFAJ9GR3,pink,style_1
BRFFXBHB9JNWQTTB,pink,style_1
BRFFXZJX7FQKEZPF,gray,style_1
BRFFYD3ASJGE9XBS,gray,style_1
BRFFYD3AXNNQZHPU,pink,style_1
BRFFYD3AFDHJDGZ7,pink,style_1
BRFFYD3AFXSZ7ZHQ,gray,style_1
BRFFXXG5MZ3ZRWJN,pink,style_1
BRFFYD3A2CXRMZRK,pink,style_1
BRFFYD3AGFPMSATH,gray,style_1
BRFFYD3AP4HHPSKQ,gray,style_1
BRFFYD3ANZYMDNHH,pink,style_1
BRFFYD3A8HR5JT2B,gray,style_1
BRFFXXGPMTGKHG9Z,pink,style_1
BRFFYD3AQX2GTMUW,pink,style_1
BRFFYD3AQAGH8TG8,pink,style_1
BRFFYD3ASEUPXYHV,gray,style_1
BRFFYD3ABXVKMHXM,gray,style_1
BRFFYD3AC7WFHF4K,pink,style_1
BRFFYD3AEUUZXH6Y,gray,style_1
BRFFYD3AKAZTY4HV,pink,style_1
BRFFYD3A6BDZQ5HJ,pink,style_1
BRFFYD3AJRUPS6T9,gray,style_1
BRFFYD3ACCFPZBBY,pink,style_1
BRFFYD3AXCTX3JUT,gray,style_1
BRFFY7JT5UUX7EGY,pink,style_1
BRFFYD3ANRV6A58Y,gray,style_1
BRFFYD3AD4KZPXVZ,pink,style_1
BRFFXXGPZHVXF3ZE,pink,style_1
BRFFYD3ANJK3HFQC,gray,style_1
BRFFYD3AHJ7T6R2S,gray,style_1
BRFFXXGP6EWQHBHY,pink,style_1
BRFFXXG5MUHB4QNF,pink,style_1
TSHFZGUYWFHQY4BS,black,style_0
TSHFE8NYCNXY3AGV,brown,style_0
TMLFMG8K642UMY2H,pink,style_1
TKPFHNXFYCSVNZWM,gray,style_1
TKPFHNXFMHUBCE9E,gray,style_1
TRKFN7RDFA7MBZCH,gray,style_1
TKPFHNXKBZYFXGZK,black,style_1
TRKFN7RDAZ4AFMBA,gray,style_1
TKPFHPFKMY7YSVJH,black,style_1
TKPFHPFKTZC4JGYP,black,style_1
TKPFHNXKSN6FGMHT,black,style_1
TKPFHNX3YWP4CSZG,black,style_1
VESFZFD3AMGXGYUW,brown,style_0
TKPFHPFKVD69PVE4,black,style_1
VESFGG3SGFHGH5WT,pink,style_1
TKPFHNXFRN5HYV65,gray,style_1
TMLFMGKFK7PNGFJZ,gray,style_0
TMLFMG8HBCAMTT9V,pink,style_0
TKPFHPFKYBBZMPYV,black,style_1
TRKFNBHZBS9XSTXX,gray,style_1
TMLFMG8HPUBD7DE4,gray,style_0
TMLFMGKFVRWQFTHZ,white,style_0
TMLFMGKFCCHFNZU7,white,style_0
BRFFG7U4S9TKD492,gray,style_1
TKPFHPFKZ73M4R5N,black,style_1
BRFFG7U5HM42JHUV,gray,style_1
VESFGG3TNSKRGRYT,gray,style_0
VESEFFDFFCFRYHFP,white,style_1
VESFGABSGYVZT62P,black,style_0
TRKFNBHRQVWBZ6P7,gray,style_1
VESFNH78HTETAF6W,white,style_0
VESFG4NPJY4UKZGY,pink,style_0
TRKFNBHZAU9GGNRY,gray,style_1
TMLFMG8K642UMY2H,pink,style_1
BRFFG7U493TSUPED,gray,style_1
VESFNDAZESRN6JZB,white,style_0
TRKEPC7FUUKN6VZU,gray,style_1
BRFFGABZT7SU3AGM,pink,style_1
TMLFMGKFJ3GCKZMD,gray,style_0
TMLFMG8KHKFPFAGZ,white,style_1
TRKFNADNYNCFEEC7,gray,style_1
TKPFHNXKSN6FGMHT,black,style_1
BRFFGABHXW3QZ9GW,pink,style_1
TRKFN7RDRHFEG77H,gray,style_1
VESFG8YFFYZEZQFV,pink,style_0
TRKFN7AGMHQGNF4R,black,style_1
VESFGEHZVNWV95J3,white,style_0
VESFHKN7F9YUVYM2,white,style_0
TMLFMGKFVRWQFTHZ,white,style_0
TMLFMG8GBFEHSKAY,gray,style_0
VESFGCH5ZNA8KCUH,white,style_0
VESFG4NPJGRHZT2F,black,style_0
VESFGCFFDNQJGTUH,white,style_0
TMLFMG8HBCAMTT9V,pink,style_0
VESFGG3TPMH8CFYF,white,style_0
VESFNC6TJPHKFVVY,white,style_0
TMLFMGKFJ3GCKZMD,gray,style_0
TRKEPC7EX2KMYRZP,gray,style_1
TRKEVBXZBXU6ERUP,gray,style_1
TMLFMG8HGHRRFUEJ,gray,style_0
VESFNC6ZFR9B4BZY,gray,style_0
TRKFNADNE4NSYKJV,gray,style_1
BRFEP9YFZF3ZEBSY,gray,style_1
TMLFMG8K642UMY2H,pink,style_1
TRKEVBXNPR6YZHFD,gray,style_1
TMLFMGKFVRWQFTHZ,white,style_0
VESFG8YFFZPYAGKZ,black,style_0
VESFGG3SSGXZZGUB,white,style_0
VESFZFD39FQGN9UP,gray,style_0
VESFGGJV9Q2MGKSN,pink,style_0
TMLFMG8HBCAMTT9V,pink,style_0
VESEVH25CW72AGKS,gray,style_0
TMLFMG8KCYVFZSAW,white,style_1
VESFZFD4HA65KA3Q,brown,style_0
VESFNC6TNJTH5CYD,white,style_0
VESEVH25GJU9GBWG,pink,style_0
VESFZFD3ZTN8GNBR,black,style_0
TRKFG82GZYZGPRH5,gray,style_1
VESFG8YYTP95HZFJ,brown,style_0
TRKFN7RDS2VVZMSX,gray,style_1
TRKEVBXZJRFSBAPY,gray,style_1
VESFZFD3J5W9ZQUJ,gray,style_0
TMLFMG8K642UMY2H,pink,style_1
VESFG7ZWH5PPVEN6,brown,style_0
VESFG8YFGQFN8ENZ,white,style_0
VESFG8Y35Y22QFDW,pink,style_0
VESFG7ZZZX6WUNBV,pink,style_0
TMLFMGKFJ3GCKZMD,gray,style_0
VESFG6UZ7HZHZCH9,gray,style_0
VESFG7ZZFTJH4CG5,purple,style_0
TSHFYV3PF42JXVCN,purple,style_0
TKPFHNXKSN6FGMHT,black,style_1
TSHFYV3P8GNZA3DS,pink,style_0
TSHFYV3PGRYWZXD3,brown,style_0
TSHFYYGQATSGGZAD,gray,style_0
TSHFYYGHHDJQYDZG,gray,style_0
TSHFYYGFRCN2VVGY,brown,style_0
TSHFYV3PT6MCAWUT,black,style_0
TMLFMGKFVRWQFTHZ,white,style_0
TMLFMG8HBCAMTT9V,pink,style_0
TSHFYVUG5NTHYA9F,gray,style_0
TSHFYVUGZMVW4FGR,white,style_0
TSHFYVUGHQ6HE4FU,brown,style_0
TSHFYVUG7FQZRPXG,white,style_0
TSHFYVUGMCQCVQFB,gray,style_0
BRFFG7U4JGFJ6Z4E,gray,style_1
BRFFGABP62DRCSS7,pink,style_1
TMLFMG8K642UMY2H,pink,style_1
TRKFG82F49U2P2NC,gray,style_1
TKPFHNXKSN6FGMHT,black,style_1
VESFZGYSAFFHAM6D,gray,style_0
VESFZGYSPM58JNC5,gray,style_0
BRFFG7U47YZ2FNJZ,gray,style_1
TMLFMGKFVRWQFTHZ,white,style_0
VESFZF3RK7YPTUDH,white,style_0
TMLFMG8HBCAMTT9V,pink,style_0
VESFZHADFV5UBC5T,black,style_0
VESFZF3R9AN3ZTAE,brown,style_0
VESFZF3R9E3C58GY,pink,style_0
VESFZGYS2PWFHWQC,white,style_0
VESFZF3R24FUWU7C,pink,style_0
TMLFMG8KCYVFZSAW,white,style_1
TSHFZ5BF8FDR9HQC,white,style_0
TSHFNETNSSBQ52PG,white,style_0
TSHFYWYPAFB9JMSA,black,style_0
TSHFNHEFTKZYMWCP,pink,style_0
TSHFNFF2DMQ47PEA,white,style_0
TSHFNHHMVFVVZDXQ,white,style_0
TSHFUMZFSMUGQZH6,pink,style_0
SWSFMJGT3MWCDDM7,brown,style_0
TSHFUTHXRYKGF7GN,black,style_0
TSHFNHHK7MWQDEVY,white,style_0
TSHFUMZFGFHRTHAG,gray,style_0
TSHFTHGPTYB3FVVS,gray,style_0
TSHFWWQZ3DZPWEXH,brown,style_0
TSHFMZFDTM6UYNMS,white,style_0
TSHFUHWA7E7JKKUY,pink,style_0
TSHFUBHZSKF3KG2V,white,style_0
TSHFNETNKMHK73FU,white,style_0
TSHFYZH5F2EDHEAW,gray,style_0
SWSFMTNHEM5SNHVZ,black,style_0
TSHFNXNJZDXDXHP2,white,style_0
TSHFTKRGSGBMSBST,gray,style_0
TSHFYZH5YH3X8KYC,gray,style_0
TSHFNETMT2VSKNZP,white,style_0
TSHFS94A9GGKYZNM,black,style_0
TSHFUHMWGNZTQMHP,gray,style_0
TSHFYZH5HBBGCF3Y,gray,style_0
TSHFWCTZDE968YTX,white,style_0
TSHFUF5SMWQZCTD8,white,style_0
TKPFNWG6WSDEXBAH,white,style_1
TSHFZJY5NTK7YMAA,white,style_0
SWSFMJZHZFUCHHTH,white,style_0
TSHFYZGDMWJ3WRSG,gray,style_0
TSHFNETNYE5GFSRB,white,style_0
TSHFUYYDGKJRZVXR,gray,style_0
TSHFZRGJFFJPN5PJ,white,style_0
SWSFHXFGNTY3RSGZ,black,style_0
TSHFMZFDQYARZSEG,brown,style_0
TSHFUTHXRYKGF7GN,black,style_0
TSHFUHN25KXGYVG2,pink,style_0
TSHFU7DNGQZGW3GK,white,style_0
TSHFNUGQH7ZRJVTZ,white,style_0
TSHFM2XZRZGDUFBW,white,style_0
TSHFUHWA7E7JKKUY,pink,style_0
TSHFU3JPZFAKE3GA,gray,style_0
TSHFNUGRDWZJDAH2,gray,style_0
TSHFYZH5F2EDHEAW,gray,style_0
TSHFS94AKYYKQQZU,white,style_0
TSHFNHEEDAJS3DE3,white,style_0
TSHFNUHGETNJYMAY,white,style_0
TSHFNUGUB3UTXPFE,gray,style_0
TSHFYZH5YH3X8KYC,gray,style_0
TSHFUVDTMHUPCVHV,black,style_0
TSHFNETNDS9Z3N7E,white,style_0
TSHFUMM2UQCQV5QA,pink,style_0
TSHFYZH5XPGZERGS,gray,style_0
TSHFZHMEESX4QBYG,white,style_0
TSHFNQW3HJWFZBER,gray,style_0
RUGFNHZTYJGPNFW8,white,style_0
TSHFWFVHXTVGYHG5,brown,style_0
TSHFNQW3HVZ4G2KC,gray,style_0
TSHFUXVQHDKHBVRH,brown,style_0
TSHFMZFDDQWQ3UQG,pink,style_0
TSHFTKRGVBHUDTAN,white,style_0
TSHFUVDT9NXA6FXG,brown,style_0
TSHFM6DYMHWSDEBE,gray,style_0
TSHFMZFD3RSMGGG8,black,style_0
TSHFNHEFP5ZJZWVV,white,style_0
TSHFNUH73AFGTDZ2,white,style_0
TSHFUMGDFA4TTZJF,white,style_0
TSHFUTHXRYKGF7GN,black,style_0
TSHFNQW3CSZTGXGU,gray,style_0
TSHFNHEFYDGA85ZU,white,style_0
TSHFNUHDYVE2WGGM,black,style_0
SWSFMF3AUHYGMGYF,black,style_0
TSHFUHWA7E7JKKUY,pink,style_0
TSHFYTZ82BG6ZBS6,gray,style_0
TSHFMZFDKA9RUG4P,gray,style_0
TSHFYZH5F2EDHEAW,gray,style_0
TSHFZYA7YGZP3ZKH,white,style_0
TSHFNUENXZHPJKAT,pink,style_0
TSHFMZFDGARJ9JZE,white,style_0
TSHFTCYXGF3XZZDY,white,style_0
TSHFYZH5YH3X8KYC,gray,style_0
SWSFHZP5TETBM72H,white,style_0
TSHFYZH5HBBGCF3Y,gray,style_0
TSHFYWYPWQJQFYTY,gray,style_0
TSHFMJKZZMDACKTN,white,style_0
TSHFSCGKPAKESNRZ,black,style_0
TSHFMZFDDQQEYUZF,white,style_0
TSHFTKRG7FR5FGUA,white,style_0
TSHFZHHWFCBNBFH6,white,style_0
TSHFUHNHHFF9EEPH,brown,style_0
TSHFNQW3Y5ZADXHN,white,style_0
TSHFMZFD4RNGN4YS,white,style_0
TSHFTAWNS9UVNDVR,white,style_0
SWSFMF3ADDNRDJT5,white,style_0
SWSFMKGBF7FWZ3Q4,white,style_0
TSHFUTHXRYKGF7GN,black,style_0
TSHFNQW3G6BPXYHP,brown,style_0
TSHFS94AYUBFRWCM,white,style_0
TSHFMZFDJDHNHXGM,white,style_0
TSHFUHWA7E7JKKUY,pink,style_0
TSHFNHEFYUXXZ3SU,white,style_0
TSHFZHMTFXZ83HPY,purple,style_0
TSHFYZH5F2EDHEAW,gray,style_0
TSHFNUGRAZ6YXHMS,white,style_0
TSHFNFF2KBFGU2SY,white,style_0
SWTFMSQFVZXYCXNY,black,style_0
TSHFYZH5YH3X8KYC,gray,style_0
TSHFZ3RVBSYFF78Y,gray,style_0
TSHFUMZFNCEXJAHG,gray,style_0
TSHFTDF5MZNZ4JHD,white,style_0
TSHFYZH5XPGZERGS,gray,style_0
TSHFNQW3Y7AKFHC2,white,style_0
TSHFMZFDGM4ANGYQ,white,style_0
TSHFWQ576NUQR73B,gray,style_0
TSHFNQW3GVJFK97G,white,style_0
TSHFWWQZYSPAMHDT,gray,style_0
TSHFYWYPAFGHWHAE,black,style_0
TSHFNHEFRGHAB6DB,white,style_0
TSHFNFF2ZXUPGBXT,white,style_0
TSHFZ3RVGXAJA4N7,black,style_0
TSHFZJFY548S64GJ,gray,style_0
TSHFWWQZHGUDHHHP,brown,style_0
TSHFZ5BFKYTRE6YP,gray,style_0
TSHFUTHXRYKGF7GN,black,style_0
TSHFTHJFYJSVJW6T,gray,style_0
TSHFNQW34KMHZ3YN,white,style_0
TSHFZHHWS2EWXG7D,white,style_0
TSHFZHHWVYEYV4AD,white,style_0
TSHFUHWA7E7JKKUY,pink,style_0
TSHFU3YFXGXPGKHD,gray,style_0
TSHFNFF2V72JRHYA,white,style_0
TSHFNFF246KHRUKG,white,style_0
TSHFYZH5F2EDHEAW,gray,style_0
TSHFYWYPWZQWPUFM,gray,style_0
SWSFMJGS8HVBPEH6,black,style_0
TSHFNETNCFRE57ZF,white,style_0
TSHFYZH5YH3X8KYC,gray,style_0
SWSFMYP6NHAT5QNK,gray,style_0
TSHFNFF2N8ZVFGHF,purple,style_0
TSHFZ3RVZHZYEUQA,gray,style_0
TSHFYZH5HBBGCF3Y,gray,style_0
TSHFYWYPEKPRNP3M,gray,style_0
TSHFTKRGMTGF5SQW,white,style_0
TSHFZJNZT2BFUKBX,white,style_0
TSHFWWUJYRVU3B5J,gray,style_0
TSHFV5YXPF4FUGUF,black,style_0
TSHFZ3RVEP2EUZG5,gray,style_0
TSHFUMRVUVRAENCR,white,style_0
TSHFTGJ7BUMHZBHZ,white,style_0
TSHFZHHWXD7FZYHU,orange,style_0
TSHFUTHXRYKGF7GN,black,style_0
TSHFPNRFYBMKHSGK,white,style_0
TKPFNWG7ZDTTPSS5,white,style_1
TSHFUHWA7E7JKKUY,pink,style_0
TSHFUMRVNW9JHATC,pink,style_0
TSHFTHXAZQ3HHCFH,white,style_0
TSHFYZH5F2EDHEAW,gray,style_0
TSHFNUGY3EU3Z4GQ,white,style_0
TSHFSCGKUGWUG9B5,black,style_0
TSHFYZH5YH3X8KYC,gray,style_0
TSHFJMYGGYWXGXWU,white,style_0
TSHFUHWAGW3VT2NF,pink,style_0
TSHFZHHWHR33F55E,black,style_0
TSHFYZH5HBBGCF3Y,gray,style_0
TSHFUHUGKWWGDPTS,white,style_0
TSHFUMRVVTFBGKGH,white,style_0
TSHFTKRGQ8HHUKGS,gray,style_0
TSHFUJCYAZVRH8ZX,orange,style_0
TSHFWE4XVMG6VZF6,white,style_0
TSHFUH9ESCWFWZDJ,black,style_0
TSHFU73NMB35WF8C,white,style_0
SWSFMJGTCUB3ZMVQ,black,style_0
TSHFTHGNFGMYH2ZE,black,style_0
TSHFNUGTMGESSUZK,gray,style_0
TSHFUBHZR4R66ZHG,black,style_0
SWSFMTNHE2PCYWFZ,white,style_0
TSHFU3YFHE4VHYNZ,pink,style_0
TSHFNHEFZ95HTCAB,white,style_0
TSHFWE4XGQKBDVYW,white,style_0
TSHFUTHXRYKGF7GN,black,style_0
TSHFU3YFE9PYJ2BG,gray,style_0
TSHFV5N64KUHY3GH,brown,style_0
TSHFNETNAKJS8YH7,white,style_0
TSHFV5YXNSEHZ9JZ,black,style_0
TSHFUHWA7E7JKKUY,pink,style_0
SWSFMTNHCG3SRHJR,white,style_0
TSHFUTHW7XUCRDQT,black,style_0
TSHFUJCYUUQ43UB6,brown,style_0
TSHFYZH5F2EDHEAW,gray,style_0
TSHFZ5BFZFXR8XJE,gray,style_0
TSHFNHEFHZYYGNEV,brown,style_0
TSHFYZH5YH3X8KYC,gray,style_0
TSHFNETNEHFMVRFP,white,style_0
TSHFYZH5HBBGCF3Y,gray,style_0
TSHFNHEGMQEDQEHZ,white,style_0
TSHFNHEFCC8E99UF,white,style_0
TSHFZHHW6QGMR3GM,black,style_0
TSHFWCUBZEZDRKGC,gray,style_0
TSHFV5YXDBGRYRCM,gray,style_0
TSHFNHEFZHUCWGH6,white,style_0
TSHFUH9ERJPPKRXF,pink,style_0
SWSFMTNHBCFHDHQN,gray,style_0
TSHFV5N6EHHSJGHC,gray,style_0
TSHFV9XUYQCHRFSG,white,style_0
TSHFTHGSEGERCYEZ,white,style_0
TSHFUMRVPG29A9XQ,pink,style_0
TSHFUJCYAZVRH8ZX,orange,style_0
TSHFZZ4YSYAUJ3Q9,white,style_0
TSHFUTHXRYKGF7GN,black,style_0
TSHFNQW35ESNJGQH,black,style_0
TSHFWAZQEHQEHWND,black,style_0
TSHFNQW3TQWPYCHK,gray,style_0
TSHFUF5SRKRAAHXJ,gray,style_0
TSHFUHWA7E7JKKUY,pink,style_0
TSHFNYTT6PEMGRJA,black,style_0
TSHFTSZGZXQSWWJA,white,style_0
TSHFYZH5F2EDHEAW,gray,style_0
TSHFTGJ7RWVUYHSY,white,style_0
TSHFUF5S52AHCBFW,white,style_0
TSHFNHEF9UFCXAMG,white,style_0
TSHFTSZGPN2MZFQA,white,style_0
TSHFNHEFAJGUMSWK,white,style_0
TSHFYZH5YH3X8KYC,gray,style_0
TSHFM2XPFUYCGSMB,pink,style_0
TSHFNUHMNR8ETUEP,white,style_0
TSHFNQW3XQFPZGGA,white,style_0
TSHFYZH5HBBGCF3Y,gray,style_0
TKPFNWG6AHUJPFXJ,white,style_1
TSHFUJ9MQZ9PFZKG,white,style_0
TSHFZRGJZYMEF8G4,white,style_0
TSHFV5N6YE2VCTAG,black,style_0
TSHFNUHHUNJYBFDA,white,style_0
TSHFUMRVQGZH6KQ6,white,style_0
TSHFM6GHAV9WC3YN,gray,style_0
TSHFZHHWQAHYFSWF,white,style_0
TSHFTKRGXPRCERHW,white,style_0
SWSFMYPMNTF3KBAP,black,style_0
TSHFM6EANEWFN4RE,white,style_0
TSHFUH9EYGGA8YCN,gray,style_0
TSHFUMM2WXY73YHC,purple,style_0
TSHFUHWA7E7JKKUY,pink,style_0
TSHFTDFVAHR87FZX,white,style_0
TSHFTGJ7CFH25SGZ,gray,style_0
TSHFUJCYYR8QRFWP,gray,style_0
TSHFYZH5F2EDHEAW,gray,style_0
TSHFUTHXRYKGF7GN,black,style_0
TSHFUMRVAFQXFVRQ,white,style_0
TSHFYZH5YH3X8KYC,gray,style_0
TSHFWCUEA5E6FESB,black,style_0
TSHFUSF9KNVNHHB9,red,style_0
TSHFVSZ29JFQ7NH8,white,style_0
SWSFHZP7A87ZUEA3,black,style_0
TSHFYZH5HBBGCF3Y,gray,style_0
TSHFUBHZXEK6MV4Z,white,style_0
SWSFMJGTQFMZGZQH,black,style_0
TSHFW4ZN6ZTUPHZF,white,style_0
TSHFTRGJKP5K2ZPX,brown,style_0
TSHFUJCYAZVRH8ZX,orange,style_0
TSHFU3YFE37FFZRT,pink,style_0
TSHFTHGRGP6NYPGK,gray,style_0
TSHFUTGNEE8CMUHV,gray,style_0
TSHFUTHXRYKGF7GN,black,style_0
TSHFZAH94GX8ENUM,black,style_0
TSHFZAH9FMEGSHAF,gray,style_0
TSHFZJFZP5UAJATY,gray,style_0
TSHFUHUG7S7ZEUN3,white,style_0
TSHFUTGNZMXC3K6G,gray,style_0
TSHFUHWA7E7JKKUY,pink,style_0
TSHFU73N4GWWFZZ4,white,style_0
TSHFUJG8ER3FACGX,brown,style_0
TSHFUHUGWVZT672K,white,style_0
TSHFYZH5F2EDHEAW,gray,style_0
TSHFUMRVTWGKRFCJ,white,style_0
TSHFNUHMUMHBRTP7,white,style_0
TSHFYZH5YH3X8KYC,gray,style_0
TSHFZAH9ZZYKAU8F,black,style_0
TSHFM2XA9XRGM5GY,black,style_0
TSHFU7DNMQRAGTAW,gray,style_0
TSHFYZH5HBBGCF3Y,gray,style_0
TSHFZRGKP6GVKQYK,white,style_0
TSHFNHEEXKAG4HXY,white,style_0
TSHFU3YFZKUBXSDW,pink,style_0
TSHFUHUGGVKZZH5Y,white,style_0
TSHFYZH5MHTSBMTW,gray,style_0
TSHFYWYPACQKZZXW,gray,style_0
TSHFUJCYJF3MKGTD,gray,style_0
TSHFSCDZAGDWFXFS,white,style_0
TSHFNHEGNSYRAPDX,white,style_0
TSHFNHEFRHSFPJVZ,white,style_0
TSHFYZH5ZANPNMQW,gray,style_0
TSHFUTHXRYKGF7GN,black,style_0
TSHFUTGNKBYDXBUV,brown,style_0
TSHFUMRVGR8TJZAY,white,style_0
TSHFWWUJZ7SFGVSX,gray,style_0
TSHFUSF9YEVVQZWQ,yellow,style_0
TSHFUHWA7E7JKKUY,pink,style_0
TSHFNHEFTSZDY5GA,white,style_0
TSHFU3JPNAGMY8NA,white,style_0
TSHFYZH5F2EDHEAW,gray,style_0
TSHFWAZQ2YBY96GG,brown,style_0
TSHFYZH5YH3X8KYC,gray,style_0
TSHFNQW3WWCMMXYZ,white,style_0
TSHFYZH5HBBGCF3Y,gray,style_0
TSHFPNR322XKKCKW,white,style_0
TSHFYZGDDCGNHRRT,gray,style_0
TSHFNQW3HGC9GXJU,white,style_0
TSHFVYX6ZQ6SDVVZ,gray,style_0
TSHFZRGJRTWEQPYZ,white,style_0
TSHFNHEFH6P4PZFM,pink,style_0
SWSFMJGTVFW3NAXZ,black,style_0
TSHFWWUJJQRTJCBN,gray,style_0
TSHFUBHZFZA6GE9P,white,style_0
TSHFZHHWKBU8GG37,white,style_0
TSHFNUGSJHAFNZG2,gray,style_0
TSHFUTHXRYKGF7GN,black,style_0
TSHFNUGMMVNRTXG7,pink,style_0
TSHFWEFQDUUUHKZA,white,style_0
TSHFNUHMDFRBREEE,pink,style_0
TSHFUHWA7E7JKKUY,pink,style_0
TSHFNHEFH5SSTJDF,white,style_0
TSHFNQW3ZQG8QHBR,white,style_0
TSHFYZH5F2EDHEAW,gray,style_0
SWSFMTNHZR59ZUXR,black,style_0
TSHFYZH5YH3X8KYC,gray,style_0
TSHFNETN47YGDSUE,black,style_0
TSHFTHGXXVZRG7RX,brown,style_0
TSHFYZH5HBBGCF3Y,gray,style_0
TSHFNHEFZGQ5RCRZ,white,style_0
TSHFM2XDHSGXA6GX,black,style_0
TSHFNQW3MVTBNPBV,gray,style_0
TSHFTGKC3CHBEMYQ,gray,style_0
TSHFNQW3GQXMGZHT,white,style_0
SWSFMJGTCEHAGHQ4,white,style_0
TSHFUJCYGWTSEFS2,white,style_0
TSHFNQW3G7TMDSNG,white,style_0
TSHFU7DNNKSCHH97,white,style_0
TSHFUTHXRYKGF7GN,black,style_0
RUGFNHZTN86WVEGC,white,style_0
TSHFZZ5P9P9SSY7Y,white,style_0
TSHFUHWA7E7JKKUY,pink,style_0
TSHFNUHJF5FNPHR6,white,style_0
TSHFUTHXUWHTGCSN,brown,style_0
TSHFVSZ2BHZNJHHB,white,style_0
TSHFYZH5F2EDHEAW,gray,style_0
TSHFNHEFPJHYYHG3,white,style_0
TSHFZARNZSVPHYNR,white,style_0
TSHFUSF9SMECDHKB,gray,style_0
TSHFYZH5YH3X8KYC,gray,style_0
TSHFZRGJHGGPE27R,black,style_0
TSHFUMRVJA9HVNTT,white,style_0
TSHFYZH5HBBGCF3Y,gray,style_0
TSHFUF3Y9WMYGHWT,white,style_0
TSHFUBHZRZHQ7VQX,purple,style_0
TSHFM2XZZHGFVPYA,black,style_0
TSHFUF5SEKXZJRZD,pink,style_0
TSHFUMGD3XWT8V37,black,style_0
TSHFNUGUCZKAU8CH,white,style_0
TSHFUHP2CMHEBHNZ,gray,style_0
TSHFUF5SAPHVBBGW,white,style_0
TSHFUHNHGGX2PCZD,gray,style_0
TSHFNXNJPWFCRJHM,white,style_0
TSHFNHEEJJNPQEVE,white,style_0
TSHFUHWAKBHNZMA8,orange,style_0
TSHFTRGJPMVGUQFX,white,style_0
TSHFUTHXRYKGF7GN,black,style_0
TSHFUDU2WE62YQ5Z,black,style_0
TSHFZZ5P2W9AARF9,white,style_0
TSHFZZ5PAZRPZZN7,white,style_0
TSHFUHWA7E7JKKUY,pink,style_0
TSHFV9XUBEMC6TG2,black,style_0
TSHFNUGVREHCPWGE,white,style_0
TSHFZRGKKRZPA2CZ,white,style_0
TSHFYZH5F2EDHEAW,gray,style_0
TSHFVYX6UBJGDN5Y,brown,style_0
TSHFUBHZG5ZHXGQH,gray,style_0
TSHFU3YFX8RJHQDW,brown,style_0
TSHFYZH5YH3X8KYC,gray,style_0
TSHFVSZ2H8EYXPM7,gray,style_0
TSHFYZH5HBBGCF3Y,gray,style_0
TSHFTHGYDPZFD7S3,white,style_0
TSHFTGK5G2RZB6F2,white,style_0
TSHFNHHKEEEZBSCP,white,style_0
TSHFV9FUPGUJQYEP,gray,style_0
TSHFJZGD6Y7MKCYJ,white,style_0
TSHFYY62BHARVT8Z,gray,style_0
TSHFZAHBJR7ZJTF3,gray,style_0
TSHFTFBXMVQF5FKR,white,style_0
TSHFZHHWSZAFMVZP,white,style_0
TSHFYY628FPDUCHA,gray,style_0
TSHFZAHBCTAZFKGU,gray,style_0
TSHFM2XFKDTJDCEH,white,style_0
TSHFS94AZTRGKHPJ,white,style_0
TSHFUTHXRYKGF7GN,black,style_0
TSHFU86GFVWBMZN3,white,style_0
TSHFNYTUEYUJWEET,brown,style_0
TSHFYZGDKPR5PFUM,gray,style_0
TSHFUHWA7E7JKKUY,pink,style_0
TSHFTZJHEBTFGYGW,white,style_0
TSHFUKWG5UHMFUZD,black,style_0
TSHFYZH5F2EDHEAW,gray,style_0
TSHFNUHDJZ3ZDHGH,white,style_0
TSHFWG4FYCHCDYFF,pink,style_0
TSHFYZH5YH3X8KYC,gray,style_0
TSHFYZH5HBBGCF3Y,gray,style_0
TSHFM6G9NGBAXP4X,white,style_0
TSHFZAHBNM4KNPGN,gray,style_0
TSHFTRGJZWY78J36,pink,style_0
TKPFZ3Z9CZC8VR9D,white,style_1
TSHFUMM2F6VHKRDJ,pink,style_0
TSHFTHGYUGGW7HG2,black,style_0
TSHFUHTYFY8NTXF6,black,style_0
TSHFZZ5PPRFE9KQV,white,style_0
TSHFUTHXRYKGF7GN,black,style_0
TSHFUHUGF6HAQ86E,pink,style_0
TSHFTAWNTGXYRXNN,white,style_0
TSHFM6G7XGFXGZVN,white,style_0
TSHFNHEEWNSTCBYX,pink,style_0
TSHFNUH85GZCGKE2,black,style_0
TSHFUHWA7E7JKKUY,pink,style_0
TSHFYZGDNBFG2GEY,gray,style_0
TSHFYZH5F2EDHEAW,gray,style_0
TSHFUF3Y8BHNHPQ6,white,style_0
TSHFYTRYAFUGTKST,gray,style_0
SWSFMUGJATWZTYEZ,white,style_0
SWSFM3XYFBGKXA2H,black,style_0
TSHFWE4XPZK4MMHD,white,style_0
TSHFYZH5YH3X8KYC,gray,style_0
TSHFNUGYWKCGTM9V,white,style_0
TSHFYZH5XPGZERGS,gray,style_0
TSHFYTZ8UYAZDEWE,gray,style_0
TSHFNUHKCDTYQ6HB,white,style_0
TSHFSCDZHD9HVXW9,black,style_0
TSHFUHP2V3RGGGNZ,pink,style_0
TSHFTC2U3XXYHFZA,white,style_0
TSHFNQW3TWHJUSPY,white,style_0
TSHFUMRVWGJXMSGN,brown,style_0
TSHFYTRYET5UHKMZ,gray,style_0
TSHFYTRYET7HSPVR,gray,style_0
SWSFM3XXHPQHHCZS,black,style_0
TSHFYZGDS6RH4JCU,gray,style_0
TSHFUF3YERCHWRDX,white,style_0
TSHFUTHXRYKGF7GN,black,style_0
TSHFTKNYUQ4UAQBG,pink,style_0
SWSFHZP3GZZUDEGY,black,style_0
TSHFVSZ2BSRQQVF5,white,style_0
TSHFUHWA7E7JKKUY,pink,style_0
RUGFNHZTJPDSSZHC,white,style_0
TSHFWCTZFWCC82MY,white,style_0
TSHFYZH5F2EDHEAW,gray,style_0
SWSFM3XYZGJWEZAG,gray,style_0
TSHFZAZFNVEVMETC,black,style_0
TKPFWFWBN4EMP3KG,white,style_1
TSHFUHNHB6ZHA2EG,orange,style_0
TSHFYZH5YH3X8KYC,gray,style_0
TSHFUHP2MMZDGU4W,brown,style_0
TSHFYZH5HBBGCF3Y,gray,style_0
TSHFNUHDGHNK2CJV,white,style_0
TSHFUJG8HWWHTHKG,brown,style_0
TSHFV5ZUUYUBKQXE,white,style_0
TSHFUSF9YSADG5XH,black,style_0
TKPFZ3Z8BFRVN35S,black,style_1
TSHFU3JPMFHHZVNZ,pink,style_0
TSHFNUGUWSMMQSCQ,brown,style_0
TSHFNUGRVGBZHYGY,white,style_0
TSHFNUGZ2SKKYSZY,white,style_0
TSHFU59CAFNHWYSZ,purple,style_0
TSHFNUGTDBPCWZ3Q,gray,style_0
TSHFNUHHSKB9Y9HM,black,style_0
TSHFNETNGVKSMJ8H,purple,style_0
TSHFUTHXRYKGF7GN,black,style_0
TSHFNUHGYWGKKTQH,white,style_0
TSHFNUGVKHM3XX82,white,style_0
TSHFV9FUGGUQEHX9,brown,style_0
TSHFUHWA7E7JKKUY,pink,style_0
TSHFNUHGYGAJCKGE,white,style_0
TSHFNUGZNSGBVFPZ,white,style_0
TSHFYZH5F2EDHEAW,gray,style_0
TSHFWCUBFXXMXZZS,black,style_0
TSHFU59C8T4QA4MF,pink,style_0
TSHFTFBXZV8JEGCY,white,style_0
TSHFYZH5YH3X8KYC,gray,style_0
SWSFMYPMXBZX5UJH,black,style_0
TSHFTAWNTGFZJH7E,white,style_0
TSHFU59CZFFDXAPH,white,style_0
TSHFYZH5HBBGCF3Y,gray,style_0
TSHFV9FURUWFJGZU,orange,style_0
TSHFWG3BFNEUNZC4,white,style_0
TSHFNUGX3MVHTN5G,white,style_0
TSHFNUHMUGHTDFBK,white,style_0
TSHFNQW3R3BM4PVV,white,style_0
TSHFNQW3AGZCBZDC,white,style_0
TSHFNUGYYG9ZNTHV,white,style_0
TSHFTDFVASCSTA9A,white,style_0
TSHFTQFHRB3MC8EC,white,style_0
TSHFUTHXRYKGF7GN,black,style_0
TSHFNQW3DCTBR38V,white,style_0
TSHFTDF5RYMSTGGV,pink,style_0
SWSFMJGTGZMJXK5H,black,style_0
TSHFUHWA7E7JKKUY,pink,style_0
TSHFNETNFGTNGCG2,pink,style_0
TSHFYZH5F2EDHEAW,gray,style_0
TSHFNHEEEN2WMSZ9,white,style_0
TSHFTHZ8RSCKSYCY,black,style_0
TSHFNQW3MTRZPYXX,white,style_0
TSHFM2XNPDU3BFZV,white,style_0
TSHFYZH5YH3X8KYC,gray,style_0
TSHFWCUBGY6A4VCC,white,style_0
TSHFU59CCCFBDMDY,white,style_0
TSHFYZH5HBBGCF3Y,gray,style_0
TSHFNHEFDAJCV4PH,white,style_0
TSHFNUHYGZPNHGH3,black,style_0
RUGFNHZSGPYGFYJS,white,style_0
TSHFTDF5ZMZBAZR3,white,style_0
TSHFUKWGK5FNT74V,black,style_0
TSHFUF3YPQZ6DJV4,white,style_0
TSHFNUGTHZESYJMG,white,style_0
TKPFVXDDTGYTSTTM,white,style_1
TSHFM2XBKYRNDVPH,gray,style_0
TSHFNUGXF2NDYTKZ,white,style_0
TSHFUTHXRYKGF7GN,black,style_0
TSHFTZJHTK456YEK,white,style_0
SWSFNVDXSZTP8HRQ,white,style_0
TSHFUF5S7GDJJFBB,white,style_0
TSHFU59C2SKDCVWB,white,style_0
TSHFUHWA7E7JKKUY,pink,style_0
TSHFNUGYBGWYSMPT,brown,style_0
TSHFYZH5F2EDHEAW,gray,style_0
TSHFU7DNR2ZCR8D7,white,style_0
TSHFTDF5Y5TY5R3U,white,style_0
TSHFNUHKMSZNKXME,white,style_0
TSHFTQFHCVYCCEHE,gray,style_0
TSHFYZH5YH3X8KYC,gray,style_0
TSHFZ3RVKWNWREEX,gray,style_0
TSHFNUGWSBPPZGGZ,black,style_0
TSHFU3JPUNUDNVGX,black,style_0
TSHFYZH5HBBGCF3Y,gray,style_0
TSHFUF5SAF5QJPYW,gray,style_0
TSHFNQW3WRNRVU7Z,gray,style_0
TSHFUF5SGDFYSZ2S,white,style_0
RUGFNHZUAMJG5WX4,white,style_0
TSHFTDFVUGC8Q8FZ,white,style_0
TSHFNHEFJKBMCTFS,white,style_0
TKPFVY9JQAAGPTTW,brown,style_1
TSHFTFEDZF5MGKNP,white,style_0
TSHFTSZGGZXGZBDV,white,style_0
TSHFUTHXRYKGF7GN,black,style_0
TSHFUF3YZFFPG3FR,white,style_0
TSHFUF5SDEUQNY96,black,style_0
TSHFTKNYWMEZ9CFV,white,style_0
TSHFNUGJKZSGYCG4,gray,style_0
TSHFUHWA7E7JKKUY,pink,style_0
TSHFTKNYHHBYZZRG,black,style_0
TSHFU3JPUFVQPCBD,gray,style_0
TSHFYZH5F2EDHEAW,gray,style_0
SWSFHZP8NKFYUAFG,black,style_0
TSHFTSZGV7QGH48B,white,style_0
TSHFNUGUHPJ52KJE,white,style_0
TSHFZRGKJKZUF83S,gray,style_0
TSHFNUGHFBRADSZM,white,style_0
TSHFYZH5YH3X8KYC,gray,style_0
TSHFVYX6S76TT8BB,black,style_0
TSHFNUGZPDGBTGHK,white,style_0
TSHFNUHJE7EAF7VU,brown,style_0
TSHFYZH5HBBGCF3Y,gray,style_0
TSHFZ2VY6GSHFKXE,gray,style_0
TSHFNUHGUEZY4SRF,white,style_0
TSHFVPED2GWYA4WT,black,style_0
TSHFTSZG5HSGGQMU,white,style_0
TSHFNQW3ZZR4YMEH,black,style_0
TSHFZARMQZVSUQQU,gray,style_0
TSHFNUGDU7VSVUPV,brown,style_0
TSHFUF3YWNUKXBZH,white,style_0
TSHFZRGKXFXJZDCQ,white,style_0
TSHFZKSNBQYVAHVK,white,style_0
TSHFTKNYGXP3NGRB,white,style_0
TSHFUTHXRYKGF7GN,black,style_0
TSHFZZ4ZETKM4FZA,white,style_0
RUGFNHZSWMKCZMSY,white,style_0
TSHFMF3NPPDCEPND,white,style_0
TSHFTCYXXQE5ZRD3,white,style_0
TSHFUHWA7E7JKKUY,pink,style_0
TSHFNQW3KT9QGKFG,white,style_0
TSHFUF3Y9U6CNDHH,white,style_0
TSHFYZH5F2EDHEAW,gray,style_0
TSHFMZFD6JRKGJ3J,black,style_0
TSHFNQW3T4ZZNSMR,white,style_0
TSHFUMREHZWWZG8R,gray,style_0
TSHFUYYDQ3VSXZSF,white,style_0
TSHFYZH5YH3X8KYC,gray,style_0
TSHFTKNYEJPK5AZY,white,style_0
TSHFTFBXBWH2EUEY,brown,style_0
TSHFYZH5XPGZERGS,gray,style_0
TSHFTFBX9X8HFGRR,black,style_0
TSHFTHGYV7RNBAK4,pink,style_0
TSHFYWYPPJXNWGKG,gray,style_0
TSHFMZFDKMJZATHC,white,style_0
TSHFTKNYTGDFYWBF,white,style_0
TSHFTSZGJ579NCBH,white,style_0
TSHFTAWNK6XH8KGS,white,style_0
TSHFUG5FQNQGESNZ,white,style_0
TSHFUMREK77DHMQV,white,style_0
TSHFTAWNZRZHMTGS,white,style_0
TSHFNFF2A8DZKZSS,pink,style_0
TSHFM6FDVFD2ZPTZ,white,style_0
TSHFNQW2ZGAVBQ3P,black,style_0
TSHFUTHXRYKGF7GN,black,style_0
TKPFWFWBTMZYGHFG,gray,style_1
TSHFNQW3XYAEAAEZ,gray,style_0
TSHFNFF2EUBCUMSV,white,style_0
TSHFNETNPH6DQUSG,white,style_0
TSHFUHWA7E7JKKUY,pink,style_0
SWSFMF3AVA9FPFDJ,gray,style_0
TSHFZ2TRHSKEAVYG,gray,style_0
TSHFYZH5F2EDHEAW,gray,style_0
TSHFNQW38WP5HDUW,black,style_0
TSHFMF3N57DQUXUY,pink,style_0
TSHFUMREYSYYTGRZ,gray,style_0
TSHFTAWNSVT7VGHM,white,style_0
TSHFTFDRUYGCZ44H,white,style_0
TSHFYZH5YH3X8KYC,gray,style_0
TSHFUY2KAHSFRTZ5,black,style_0
SWSFNV7N26KC54MB,pink,style_0
TSHFYZH5HBBGCF3Y,gray,style_0
TSHFM6GMGCEPHAQC,gray,style_0
TSHFNSZS7AAHPFVZ,gray,style_0
SWSFM8B6K2QZJUFB,gray,style_0
TSHFUUTZMU2APHWT,gray,style_0
TSHFUMREMQGEGHVW,gray,style_0
TSHFNHEF7PZEK9WC,pink,style_0
TSHFUVDTMZHJKRCF,orange,style_0
TSHFNHEFP9FHHGKH,white,style_0
TSHFNFF28ZPGF7QG,white,style_0
TSHFZZ4ZC6SGXV8S,white,style_0
TSHFZ2TRYBWWUBMN,gray,style_0
TSHFU3RUGH3BEWDH,gray,style_0
TSHFM2X9YQKE5DTC,white,style_0
TSHFUTHXRYKGF7GN,black,style_0
TSHFUMREZ3GKMZMA,white,style_0
TSHFNFF2ZWRVBJGF,black,style_0
TSHFU3RSHFFQFUNY,brown,style_0
TSHFUHWA7E7JKKUY,pink,style_0
TSHFU86HJFBSSG43,white,style_0
TSHFNFF2WDHZZWBR,white,style_0
TSHFNFF2VET4HBFK,gray,style_0
TSHFYZH5F2EDHEAW,gray,style_0
TSHFU3WNKSDSHH8K,white,style_0
TKPFZKAFKMHANEDG,white,style_0
TSHFNQW3FHKDYGHN,white,style_0
TSHFNQW3HWBXY8AP,white,style_0
TSHFNQW3XYGQ4Y5S,white,style_0
TSHFYZH5YH3X8KYC,gray,style_0
TSHFUMRERRCDRJP9,black,style_0
TSHFTFEDXCFESTWH,white,style_0
TKPFWFWBR2AZZYCY,black,style_1
TSHFYZH5HBBGCF3Y,gray,style_0
TKPFZKAFFRHUH9NY,black,style_1
TSHFNQW3BJTPFQZ8,white,style_0
TSHFNFF23BJDHHG6,white,style_0
TSHFNHEFZUVTRH2Z,white,style_0
TSHFNQW3PRBACRTF,white,style_0
TSHFNQW3EZTD8HP7,white,style_0
TSHFNQW34XQDPPQF,pink,style_0
TSHFNHEFXWEFVMZZ,white,style_0
TSHFUTHXRYKGF7GN,black,style_0
TSHFNETNWZG6GGDZ,white,style_0
SWSFMYPMVPAMSTXK,black,style_0
TSHFUHWA7E7JKKUY,pink,style_0
TSHFU86GZHM3DPHY,white,style_0
SWSFHZP3BBBYPFMP,black,style_0
TSHFYZH5F2EDHEAW,gray,style_0
TSHFNUGX6PKZUEMT,white,style_0
TSHFNUGUFBJD6HXH,white,style_0
TSHFNXNJTRRPCMGF,pink,style_0
TSHFYZH5YH3X8KYC,gray,style_0
TSHFNFF2RSHFGBDY,white,style_0
TSHFNFF2GUN8VTDY,white,style_0
TSHFYZH5HBBGCF3Y,gray,style_0
TSHFUSF9YS6JJTYE,brown,style_0
TSHFNQW3ZNXU7GC3,white,style_0
SWSFNVDXSNZ8UJVE,gray,style_0
TSHFNHEFFRYQFWXC,white,style_0
SOCFKJ9FGRQFDHKE,black,style_1
SOCFKJ8FJYT3CSZ8,black,style_1
SOCFKKCYCEZFKBAG,black,style_1
SHTFPGVCBTG694MD,white,style_0
SHTFPGVCBX6H4PTG,gray,style_0
SHTFPGVCR3PN7ZME,white,style_1
SWSFVEV2R8JPZ9GH,pink,style_0
TSHFVEV3H9EMBPUJ,pink,style_0
TSHFZ3JDGVFQQZAF,pink,style_0
SWSFVEV2PUBUWDDZ,pink,style_0
SRTFVEVFMBCAMNYQ,white,style_1
TSHFZ3JD597DQKSF,pink,style_0
SWSFVEV2EC45HCYH,pink,style_0
SRTFZ3JZTJZ58KBQ,white,style_1
SWSFVEV2DRCUFYQK,pink,style_0
TSHFZ3JDTYWKGA5D,pink,style_0
TKPFK3W6NVCGUTHR,pink,style_1
SWSFVEV2KG5K7VWF,pink,style_0
SWSFVEV2JMCVXTRQ,pink,style_0
JCKFGZWZ2K7GS7CT,pink,style_0
SWSFVEV2S4YNGS55,pink,style_0
SWSFVEV2VHY7NSZ4,pink,style_0
TSHFZ3JDSJGTSFM6,gray,style_0
TSHFZ3JDRHSTD4KK,pink,style_0
TKPFK3W62HWUHJKK,pink,style_1
SWSFJY5ZJGTNSCUY,white,style_0
TSHFZ3JDFH9ZGFSP,pink,style_0
TKPFGZYSMFQGDESU,pink,style_1
TSHFZ3JDY8YUUHV4,gray,style_0
TSHFK3W7BTPN7PRQ,white,style_0
TSHFZ3JDEGHETJFN,pink,style_0
TSHFZ3JDA3YVNFZ6,pink,style_0
TSHFZ3JDNHTA3CKT,pink,style_0
TSHFZ3JDMFNNFNAP,pink,style_0
TKPFGZYRJGPWGFB2,pink,style_1
TSHF7NW7YFXXFTZZ,white,style_0
TSHFZ3JDFJHXGFXH,pink,style_0
TSHFZ3JDGRZ6JDPM,pink,style_0
TKPFK3W6YZKPMFUH,pink,style_1
SRTFZ3KE4QTYBZGU,white,style_1
TSHFZ3JDJ2QMFBJY,pink,style_0
SWSFVEV2RGM3NDRS,pink,style_0
SWSFVEV2R8JPZ9GH,pink,style_0
TSHFZ3JDHSHGRZXY,pink,style_0
TSHFZ3JDYTGMMQYH,white,style_0
TSHFZ3JDBZVDZZRP,pink,style_0
TSHFVEV3H9EMBPUJ,pink,style_0
TSHFZ3JDUGGSPDM7,pink,style_0
TSHF7NW83MJ2EWMC,pink,style_0
SRTFVEVFJU7W7ZQU,pink,style_1
SWSFVEV2KG5K7VWF,pink,style_0
TSHF7NW7EMKS4R47,pink,style_0
TSHFVEV3GUYRG8SZ,white,style_0
TKPF7NWYBMP8GARX,pink,style_1
TSHFCYP7BNQBCAJQ,pink,style_0
TSHFZ3JDSJGTSFM6,gray,style_0
TSHFZ3JDJUGYZQ8E,black,style_0
SRTFGZY9PZNCD3BM,pink,style_1
TSHF7NW8GGZNJNDM,pink,style_0
TSHFZ3JDGVFQQZAF,pink,style_0
TSHFZ3JDQHYENWGP,pink,style_0
TSHFCYP8FKC8YGW4,pink,style_0
SRTFVEVFKP78H2XH,pink,style_1
TSHFZ3JDVF4BCFHY,pink,style_0
TSHF7NW8W9RSGGYP,pink,style_0
TSHFZ3JDFH9ZGFSP,pink,style_0
TSHFZ3JDAZFVD9PW,pink,style_0
TSHFCYP7VA4YG6ZX,pink,style_0
TSHFZ3JD2MZGZSFK,pink,style_0
TSHF7NW8PJE2JZZC,pink,style_0
TSHFZ3JDHEYQUGR9,pink,style_0
TSHFXWJTX8HANHHH,pink,style_0
JCKFHGMGXRYQVSXT,pink,style_0
TSHFCYPACFBXUZWZ,pink,style_0
TSHFCYP7WGESNMSZ,gray,style_0
TSHFVEV3HFHFRZZW,pink,style_0
SWSFVEV2R8JPZ9GH,pink,style_0
SWSFVEV2R8JPZ9GH,pink,style_0
SWSFVEV2R8JPZ9GH,pink,style_0
SWSFVEV2R8JPZ9GH,pink,style_0
SWSFVEV2R8JPZ9GH,pink,style_0
SWSFVEV2R8JPZ9GH,pink,style_0
SWSFVEV2R8JPZ9GH,pink,style_0
SWSFVEV2R8JPZ9GH,pink,style_0
SWSFVEV2R8JPZ9GH,pink,style_0
SWSFVEV2R8JPZ9GH,pink,style_0
SWSFVEV2R8JPZ9GH,pink,style_0
SWSFVEV2R8JPZ9GH,pink,style_0
SWSFVEV2R8JPZ9GH,pink,style_0
SWSFVEV2R8JPZ9GH,pink,style_0
SWSFVEV2R8JPZ9GH,pink,style_0
SWSFVEV2R8JPZ9GH,pink,style_0
SWSFVEV2R8JPZ9GH,pink,style_0
SWSFVEV2R8JPZ9GH,pink,style_0
SWSFVEV2R8JPZ9GH,pink,style_0
SWSFVEV2R8JPZ9GH,pink,style_0
SWSFVEV2R8JPZ9GH,pink,style_0
SWSFVEV2R8JPZ9GH,pink,style_0
SWSFVEV2R8JPZ9GH,pink,style_0
JCKFM3Y6HPDUFJTR,white,style_0
JCKFM3Y6MJ7BCYGW,gray,style_0
JCKFM3Y6A7AYPBH9,white,style_0
JCKFM3Y6FN76Q8QE,white,style_0
JCKFM3Y6SXT448RD,white,style_0
JCKFM3Y6GPGFXNY9,white,style_0
JCKFM3Y6Y2KWRMAX,white,style_0
JCKFM3Y68Y2JVKW8,white,style_0
JCKFM3Y6D3QCUWM9,gray,style_0
JCKFM3Y6T7VYHPZC,white,style_0
JCKFM57JKHU75ESG,white,style_0
JCKFM3Y65A3MSUBN,white,style_0
JCKFM3Y6MGUTFWN3,white,style_0
JCKFM3Y6XG38YFWT,white,style_0
JCKFM3Y6XGGH53FS,white,style_0
JCKFM3Y6AQ2MUFPF,black,style_0
JCKFM3Y5NXSQ8R4A,black,style_0
JCKFM3Y6HSFYAVXY,white,style_0
JCKFM3Y6GXWVYGV5,white,style_0
JCKFM3Y6SDFZDG3E,white,style_0
JCKFM3Y6UXKW58GM,white,style_0
JCKFM3Y6S6QGYGV3,white,style_0
JCKFM3Y5Q69AE28C,white,style_0
JCKFM3Y66ZFZCYHF,white,style_0
JCKFM3Y62FZFGAPQ,white,style_0
TKPFXXSHZ9G7SURG,white,style_1
TKPFZYGGDXWJJD8K,white,style_1
TKPFY9FH3NV8YB6E,white,style_1
TKPFYTJFQSQRVRKT,white,style_1
TKPFYWCVWFVZWTG9,white,style_1
TKSFZEW5GEVTMKTH,white,style_0
TKPFZYHRPUYJHBQJ,white,style_1
TKPFZKWZXCYCDGCJ,white,style_1
TKPFYWCW6MGCSRZZ,white,style_1
TKPFYWDH3P5Y5FED,white,style_1
TKPFYTVTDYWNABYM,white,style_1
TKPFYTGXKAFFSQSR,white,style_1
TKPFY9HKZCVFYF9X,white,style_1
CRGFZKFJUZUQCY94,white,style_1
SOCENEJ7YH4XFB8Z,black,style_1
SOCFKQFHARHVQYXR,gray,style_1
SOCEHQQTAY96E66Z,black,style_1
SOCEF4F9HDZFJRG8,black,style_1
SOCEFZAYZHPJXYZQ,gray,style_1
SOCEFPJWKHRT3GUG,black,style_1
SOCEFPKY8NWVE4FG,black,style_1
SOCEFPFXY9S4D8HG,white,style_1
SOCEF4F98JXHBNHP,black,style_1
SOCFZZ2FCZP95BRY,white,style_1
SOCFVZN3W5FHEFTR,white,style_1
SOCEFZ9Z3SDQXVHA,black,style_1
TSHFXR6VVY6WFZMW,pink,style_0
TSHFYKZNX5ZCFKHU,black,style_0
TSHFYV9SC6GBJ4YS,black,style_0
TSHFXR6VRHTNKCZE,pink,style_0
TSHFXZX3QW82KAGS,black,style_0
TSHFYJR8YGMFCXKH,white,style_0
TSHFYKZNSWSJ75QS,black,style_0
TSHFYKZNH4Z5ETPS,black,style_0
TSHFXRQ6WRG8ZSXQ,black,style_0
TSHFYF5ANSGY2G3N,black,style_0
TSHFYKZNHMKZRAHT,black,style_0
TSHFYF5AYAYDDKCD,white,style_0
TSHFYF5AHQCUGQV6,white,style_0
TSHFYKZNZHPKUH4T,black,style_0
TSHFYF5AMK9BQEW2,black,style_0
TSHFYF5A3H4GCAYF,black,style_0
TSHFYV9SZCWWH5GF,black,style_0
TSHFXR6VVY6WFZMW,pink,style_0
TSHFXR6VVY6WFZMW,pink,style_0
TSHFXR6VVY6WFZMW,pink,style_0
TSHFXR6VVY6WFZMW,pink,style_0
TSHFXR6VVY6WFZMW,pink,style_0
TSHFXR6VVY6WFZMW,pink,style_0
TSHFXR6VVY6WFZMW,pink,style_0
TSHFXR6VVY6WFZMW,pink,style_0
TSHFXR6VVY6WFZMW,pink,style_0
TSHFXR6VVY6WFZMW,pink,style_0
TSHFXR6VVY6WFZMW,pink,style_0
TSHFXR6VVY6WFZMW,pink,style_0
TSHFXR6VVY6WFZMW,pink,style_0
TSHFXR6VVY6WFZMW,pink,style_0
TSHFXR6VVY6WFZMW,pink,style_0
TSHFXR6VVY6WFZMW,pink,style_0
TSHFXR6VVY6WFZMW,pink,style_0
TSHFXR6VVY6WFZMW,pink,style_0
TSHFXR6VVY6WFZMW,pink,style_0
TSHFXR6VVY6WFZMW,pink,style_0
TSHFXR6VVY6WFZMW,pink,style_0
TSHFXR6VVY6WFZMW,pink,style_0
TSHFXR6VVY6WFZMW,pink,style_0
TSHFXR6VVY6WFZMW,pink,style_0
JEAFGUGYF2JEQFFJ,white,style_1
JEAFJPCKMWFGFRR8,white,style_1
JEAFGUGYBV6KFMNV,white,style_1
JEAFGUGY49ZRBW65,white,style_1
JEAFFDT2QPZKFGZU,white,style_1
JEAFGUGYYDKUXHQK,white,style_1
JEAFGUGYHZHGZSE4,white,style_1
JEAFGUGYVCJ4UMK8,white,style_1
JEAFF2RPERZ6BTP9,white,style_1
JEAFF2RPKG2GSASU,white,style_1
JEAFJPDBGWWZFGP4,white,style_1
JEAFFDT2XGGRCZGH,white,style_1
JEAFF2RPM4STCXFT,white,style_1
JEAFF2RPUV5QPYEV,white,style_1
JEAFFDT2ZA2NRC3X,white,style_1
JEAFGCAEY4ABXZWN,white,style_1
JEAFFDT2JEZ25AYV,white,style_1
JEAFJPEH4FDM8DDU,white,style_1
JEAFF4FCFKRCFGSB,white,style_1
SRTFPFYNBGYC2ZFE,white,style_1
JEAFJPCFBGPGY3VY,white,style_1
JEAFF4FCZVKQBJMP,white,style_1
JEAFH28YZ6CHGMYY,white,style_1
JEAFF4FCRBBDNTVN,white,style_1
JEAFF4FCYYXEWU3Y,white,style_1
JEAFF4FCCHUPRY9Z,white,style_1
JEAFF4FCY9XWESCR,white,style_1
JEAFF4FC6XTTDTSV,white,style_1
SRTFPFYNKGNCUXTY,white,style_1
JEAFF4FCRJ2MRFWZ,white,style_1
JEAFF2RPGVMSZGWK,white,style_1
JEAFF4FCHNHAXDVY,white,style_1
JEAFF2RPKHBV8BNH,white,style_1
JEAFF2RPPTY52KJZ,white,style_1
JEAFFDT2MXAHQ6TM,white,style_1
JEAFFDT2ZKWWPGMT,white,style_1
JEAFFDT2VYYZMCBD,white,style_1
JEAFFDT2ZAUZMMSF,white,style_1
JEAFFDT26HFCQMU5,white,style_1
JEAFF4FCWZFZ7EBM,white,style_1
JEAFF2RPYGBGAT4F,white,style_1
TROF5M2CQUY6HYFZ,black,style_1
TROF65Z6DFFHGQUZ,white,style_1
TROF65Z6KQRP7ZHF,white,style_1
TROF7RJPWTMD5ZGU,black,style_1
JEAFHPKBY76YUHB9,white,style_1
TROF7RJQZPXBKCSQ,white,style_1
TROF7RJQZBSK3YZY,black,style_1
JEAF38HG7YQUHGP8,gray,style_1
JEAFHPKBYCK2GZR3,white,style_1
JEAFHPKAPBHWAYBG,black,style_1
TROF65Z6YPZZZYUC,white,style_1
BRFFMMTDBNJN8SHF,pink,style_1
BRFFM8J3XCQHKYYA,pink,style_1
KTAFD3HMXTZB6F7Y,white,style_0
KTAFD3HZAWJ4H8HH,white,style_0
KTAF6SZ6MVDS28YZ,white,style_0
KTAF6VA6NZV2TP4T,white,style_0
KTAF8FJCZVQ7QHH9,white,style_0
KTAF6V9WKCX8HBYZ,white,style_0
KTAF85TUHDNZCU3P,white,style_0
KTAFD3HMDSJA56QS,white,style_0
SHTF96BQ4Q3NYB23,white,style_0
KTAF8FKVGGDFBHAE,pink,style_0
SHTF7Y28YH5QDJZH,pink,style_0
SHTF96BP3XWZV6GG,white,style_0
SHTFCQ3FZHMZPK8Z,purple,style_0
SHTFEBYPPJQ5SN48,white,style_0
SHTEYZRYUPJKQZW5,black,style_0
KTAF8FJVVYE2EDWN,white,style_0
KTAFEBYPNXMAGQPS,white,style_0
KTAFCVTAWYHNGXGB,white,style_0
SHTFCVN3UKEVCMJS,white,style_0
KTAF6VBH4JB6FPVZ,white,style_0
SHTEZY5DHH3NR3SJ,white,style_0
SHTFEBYMGU47WWZG,white,style_0
KTAF7YA2GSCHGAYH,white,style_0
SHTFEBYMHVXRHZCZ,white,style_0
KTAFAJFFZYZTVNRA,white,style_0
SHTF96BQZNRRZCDE,white,style_0
SHTEYZUVGZDZR3K6,white,style_0
SHTFEBYPVFWSSEEA,white,style_0
KTAFCVUV9XKQGHV8,white,style_0
SHTFEBYMAQZADWPB,white,style_0
SHTFEBYMHXCSHHXE,white,style_0
SHTFEBYMF9RTZYKG,white,style_0
SHTFEBYME8FYYEHQ,white,style_0
KTAF6VABS2NVY6SK,white,style_0
SHTFEBYZVY5XC6NM,white,style_0
SHTEYZRXFQWFQDGH,white,style_0
SHTF96BP4KZ9KZS5,white,style_0
KTAF8FJVCUGWDHEB,white,style_0
SHTFEBYPJUXY6KHG,white,style_0
KTAFEBYZ7R8PD2S8,white,style_0
SHTFCVN3PFEYTZSZ,pink,style_0
SHTFEBYPME8WWM34,white,style_0
SHTF96BQUQG47AAM,white,style_0
SHTF7Y28GFEAWW47,white,style_0
SHTFZQJFTZZATYZY,white,style_0
SHTFZQJFTJ6YCH2P,white,style_0
SHTFZQJFRZYXXFPT,white,style_0
SHTFZQJFGZYKGSNZ,white,style_0
SHTEZY4NADWDYS9H,black,style_0
SHTFEBYZGUNWV6BN,white,style_0
SHTFEBYZNPGT2QDG,white,style_0
SHTFZQJFVHG9F3MY,white,style_0
SHTEZY7AQGCZGQ5H,black,style_0
SHTFEBYZYUZFGYYY,white,style_0
SHTF7Y28G8BGBCEY,black,style_0
SHTFCQ3CYDCGQGPZ,brown,style_0
SHTF96BSDGV28V2H,white,style_0
SHTFCQB3VPGKCJCG,white,style_0
SHTFEBYPGAGYPCHJ,white,style_0
SHTFCQB39KUFUHEN,white,style_0
KTAFAJFFHXVJHUMU,white,style_0
SHTFCQB3XRNSFCZD,white,style_0
TSHFPDNSTXQGUGT6,black,style_0
SWSFYD7VG7X5FD3X,black,style_0
SWSFSUDDNUZFYXPD,black,style_0
SWSFSUDDKGZJGSQ2,black,style_0
SWSFSUDDQFZBMQMR,black,style_0
SWSFPHFFKEGXGVHW,black,style_0
SWSFSUDD247YZBKJ,black,style_0
SWSFYD7VPRNPWSYR,black,style_0
TSHFT39TBNZB7UXC,white,style_0
SWSFYD7VSYHYVSGR,white,style_0
SWSFYD7VQUZSSDRX,white,style_0
SWSFYD7VVQVBKWCN,white,style_0
SWSFYD7VS6H4SHQS,white,style_0
TSHFXFDTTNAGSGHR,gray,style_0
SWSFYD7VNDXZEWZJ,white,style_0
TSHFX28XEAEHG5EB,white,style_0
TSHFX28XNA53YHA2,pink,style_0
TSHFX28XXZ6GCZUE,black,style_0
TSHFX28XQZRZYYSG,gray,style_0
TSHFX28XAS2YDGH4,yellow,style_0
TSHFX28XGTQFSW9E,white,style_0
TSHFX28XCNUFF3VX,white,style_0
TSHFX28XHEBBFQ2E,white,style_0
TSHFX28XEUY2MHKM,white,style_0
TSHFX28XJBVBKMJE,white,style_0
TSHFXFDTTYZF2NSG,white,style_0
TSHFXFDTYKHSYSYU,white,style_0
TSHFXFDTCD7GWGBQ,white,style_0
TSHFX3MXZPPVRKDV,white,style_0
TSHFXFDTCVVC3ZHR,brown,style_0
TSHFX3MXFHJHYPHZ,white,style_0
TSHFXFDTQZNTJ8YJ,white,style_0
TSHFX3MXYN5BX7UY,white,style_0
TSHFX3MX8GS8YZMF,black,style_0
TSHFX3MXTDNDCCAF,white,style_0
TSHFX3MXJUFGC9HY,white,style_0
TSHFX3MXN8V8FNCK,white,style_0
TSHFX3MXKZW69ZGE,white,style_0
TSHFX3MXS28RP8PK,white,style_0
TSHFX3MXTYCRWZGQ,green,style_0
TSHFX3MX6AEH2YF6,white,style_0
TSHFX3MXZPYGKYKH,pink,style_0
TSHFX3MX3WKWUVYT,white,style_0
SWSFSUDDT7YJ6ZSG,black,style_0
SWSFYD7VMR5XG8DD,black,style_0
CAPER6F9GNJZXUDH,black,style_1
CAPEK4FQBSUSN68R,brown,style_1
CAPEAZ4GBFZG5UP2,white,style_1
SHTFW46NZFZFRPR8,gray,style_0
SHTFW462V32VGUZH,gray,style_0
SHTFW5YQATFUHRHD,white,style_0
SHTFXY4MHVZSDSEQ,black,style_0
SHTFW5YQP7EGNSWD,white,style_0
SHTFW5YQZGWHZPCJ,white,style_0
SHTFWSD3GXZMDYEF,black,style_0
SHTFWSD32NYNX2PQ,gray,style_0
SHTFWSD3DJWS77XZ,gray,style_0
SHTFWSD3GPZJGEHY,pink,style_0
SHTFWR9V29MHWPUA,gray,style_0
SHTFWSD3FWKEVNUT,white,style_0
SHTFWR9VBNXUM5J2,pink,style_0
SHTFWR9VYY7RNYXT,brown,style_0
SHTFWSD3YCMRH5WP,gray,style_0
SHTFWSD3TF53W3RT,brown,style_0
SHTFWR9VG3ZMHMJE,white,style_0
SHTFWR9XH2UPGJDS,gray,style_0
SHTFWR9VVWFMJBBT,gray,style_0
SHTFWSD33VYGGGXS,black,style_0
SHTFWR9VXEZMYGPG,gray,style_0
SHTFWR9X6EG26YDH,brown,style_0
SHTFWSD3JFZQRGE5,orange,style_0
SHTFW5F2RMSUZBYY,white,style_0
SHTFW5YQCHKSFFMH,white,style_0
SHTFWR9XZKZFT3HZ,brown,style_0
SHTFW5YQHKJHXKCG,pink,style_0
SHTFW5YQBHTHZYYF,gray,style_0
SHTFW5F22V4STJVN,white,style_0
SHTFW5F25PKVGCCG,purple,style_0
SHTFW5F2ZGGJNABR,purple,style_0
SHTFWTZVDGKEFVEG,gray,style_0
SHTFW5F2GZGZUB2E,purple,style_0
SHTFW5F2GXHBKCYS,purple,style_0
SHTFW5F25ZDEHASR,white,style_0
SHTFW5F22MZZAKBQ,white,style_0
SHTFW5F2RESDYKG5,purple,style_0
SHTFW5F2SCTQWVZZ,purple,style_0
SHTFW5F2MZVM8AYT,white,style_0
SHTFXY4MHRHW6ZNA,white,style_0
SHTFW5YQFGVVKGJ2,white,style_0
SHTFXY4MPSQURE8G,white,style_0
SHTFW5YQ36P73UWH,white,style_0
SHTFW5YQT4BSPCCR,white,style_0
SHTFW5YQKEDHGBPU,purple,style_0
SHTFW5YQQSYQRQFW,purple,style_0
SHTFW5YQXZH2XWUG,purple,style_0
SHTFWTZVTZKDSDZZ,gray,style_0
SHTFWTZV8HJRDAT2,gray,style_0
SHTFW5YQ49AVZ2PC,white,style_0
SHTFXY4MHQNPFHAD,black,style_0
SHTFWTZVG9FJS8TJ,gray,style_0
SHTFWTZVGAE9SD6C,gray,style_0
SHTFWBWEQWKFBE5G,white,style_0
SHTFWAJCZAFY59DJ,gray,style_0
SHTFW5YQRFBYBYMD,white,style_0
SHTFWBWETDZ6D2N2,white,style_0
SHTFW5YQDTPECG7H,white,style_0
SHTFXY4MJAYJUNYX,white,style_0
SHTFW5YQBGSZSNHR,white,style_0
SHTFW5YQKZDPZHKM,gray,style_0
SHTFWAJB6GS4YFFG,white,style_0
SHTFWTZVZS5KARQG,gray,style_0
SHTFW5YQZKTHGNZG,gray,style_0
SHTFW5YQHCCZYBE8,gray,style_0
SHTFWTZWJVQ66ZUC,gray,style_0
SHTFWTZVQZANFVXT,gray,style_0
SHTFXY4MW5MNHK4A,white,style_0
SHTFWTZWGSN2DYPP,gray,style_0
SHTFWSFUMYMRP5UF,black,style_0
SHTFXY4MRZVYCCBU,black,style_0
SHTFXY4MQ3FHTVNT,black,style_0
SHTFXY4MZFMNGMYY,black,style_0
SHTFW5YQRV6ZM9MU,white,style_0
SHTFW5YQVR2N2MH7,white,style_0
SHTFW5YQDEWUCZYD,white,style_0
SHTFW5YQMETCRWZZ,white,style_0
SHTFW5YQ3R6X78H8,white,style_0
SHTFW5YQYMMHFGPZ,white,style_0
SHTFWTZV7CB9UXPH,gray,style_0
SHTFXY4MTPHU2V6W,black,style_0
SHTFWSFU4SG5X7SN,black,style_0
SHTFXY4M3HZURXYV,black,style_0
SHTFWSFUHYEXZUUF,black,style_0
SHTFXY4MR2CB7ZG6,black,style_0
SHTFWSFUME9WPH7D,black,style_0
SHTFW4634EMA4GYQ,gray,style_0
SHTFJ2GMHK5ZTZDB,white,style_0
SHTFW5YQDRWNGHQ8,white,style_0
SHTFGSUYMY2VRU85,white,style_0
SHTFGSGAR8ZFZQKE,white,style_0
SHTFYAXJHKXKTZWA,white,style_0
SHTFZ5G32NDYA8FY,white,style_0
SHTFW46BCEATE6AZ,pink,style_0
SHTFW462F4M4GNHG,white,style_0
SHTFW5YQ8R7DJREY,gray,style_0
HKFFS4RYGPJGGZDM,white,style_1
HKFFS4NJZQCV7PTQ,white,style_1
HKFFUREJMNBBGHFZ,white,style_1
HKFFSFEHHWHYZ6SF,white,style_1
HKFFSF8Z45FFJ2RV,pink,style_1
HKFFS4NW67TFCXYX,white,style_1
HKFFSFSEZR9UCGKQ,white,style_1
SUSEYETVDYERXFUG,white,style_1
JCKFW7ERKBA4BHY3,gray,style_0
TKPFTVVHR4F9C3ZG,gray,style_1
SWSFW6BQ74JCVHHH,gray,style_0
JCKFW7ER47RJWYZH,gray,style_0
TKPFTRHHF7HPPFRZ,gray,style_1
JCKFVMKMMYDF44GZ,gray,style_0
SWSFW7F62GJBUHUF,gray,style_0
JCKFVMKMY5FPNDBK,gray,style_0
JCKFVMKMKNJSGAY3,gray,style_0
JCKFVSZTABHHZRGE,gray,style_0
TKPFTRHHS2YF7ZMN,gray,style_1
JCKFVSZTNNDHFKMN,pink,style_0
SWSFWG9BUDKAPD55,gray,style_0
JCKFVMKMNREYZBGH,gray,style_0
SWSFWG9BHWZZFWPZ,gray,style_0
TKPFTRHHBMPBTH9G,gray,style_1
JCKFVSZ6GHBCD9KE,gray,style_0
JCKFVVHNHHYVSYQQ,gray,style_0
SWSFWG9BZENTWK4Z,gray,style_0
TKPFTVUCW8ASBZU9,gray,style_1
TKPFTVTFYTWEZZ8M,gray,style_1
TKPFTE9AP3BJVGJH,gray,style_1
TKPFTRHHDUMHYBKD,gray,style_1
TKPFTUET7RVGGXXU,gray,style_1
JCKFU9APZF6HMAGN,gray,style_0
TKPFTUETYTMHP5UR,gray,style_1
TKPFTRHHYKVUXE6N,gray,style_1
JCKFVVHNHGCQTGQ2,gray,style_0
SWSFW7F6GRN8XWCH,gray,style_0
SWSFW7F6QJHFEGWS,gray,style_0
JCKFWYNCZZUN9QYQ,gray,style_0
SWSFW6BQDDJHZEJV,gray,style_0
TKPFTUETRBJN6ET6,gray,style_1
TKPFTUETRBJN6ET6,gray,style_1
JCKFVVHN6RMUSHCH,gray,style_0
TKPFTRHH9ZRBQHD4,gray,style_1
TKPFTVVMPA4S6SHG,gray,style_1
SWSFW7F6HRYJJ6MH,gray,style_0
TKPFTE9AH2FCHRHS,gray,style_1
TKPFTRHHGUKHYF7K,gray,style_1
TKPFTVY5FQYUYHAT,gray,style_1
JCKFVSZTCFNMRE8S,gray,style_0
JCKFW7ERQCPVYHKE,gray,style_0
JCKFVVHNFANGGWNP,gray,style_0
SWSFWG9BBQRMZ52F,gray,style_0
JCKFVVHNG3ME8HYZ,gray,style_0
JCKFVVHNMFZBYGVK,gray,style_0
JCKFVVHNY7TN6AZH,gray,style_0
JCKFVMKMHHZTAA9U,gray,style_0
JCKFVMKMYJJAYVPH,gray,style_0
JCKFU9APXJ3VD5CT,gray,style_0
JCKFVVHNAG6WZHN3,gray,style_0
JCKFVSZ6N6NF9CGX,gray,style_0
TKPFTUET3QEFC4T4,gray,style_1
JCKFW7ERBFEZERRE,gray,style_0
TKPFTRHHW2DAFWQZ,gray,style_1
JCKFVVHN9PB3UNF5,gray,style_0
JCKFVVHN6NSHD8HT,pink,style_0
SWSFWG9BJ5U5BRBU,gray,style_0
TKPFTE9AHFFFMBYE,gray,style_1
SWSFWG9BWF8VBV8S,gray,style_0
SWSFWG9B4NSWN52X,gray,style_0
SWSFWG9BDTC5D2SU,gray,style_0
SWSFWG9BF3TNZ2NB,gray,style_0
SWSFWG9BXUNHH5H8,gray,style_0
SWSFWG9BBDE6GVYB,gray,style_0
SWSFWG9BBDBNUNCR,gray,style_0
SWSFWG9BEYET3BAX,gray,style_0
SWSFWG9BZAJZNKVJ,gray,style_0
SWSFWG9BFYYUCMQM,gray,style_0
SWSFWG9BFEZM5G3H,gray,style_0
SWSFWG9BXNZQP4CE,gray,style_0
SWSFWG9BGU25VFGW,gray,style_0
SWSFWG9BW66PDZHG,gray,style_0
SWSFWG9BQXZVZMSP,gray,style_0
SWSFWG9BGMPZFDVQ,gray,style_0
SWSFWG9BGAKQT4EG,gray,style_0
SWSFWG9BHPJMYSMC,gray,style_0
SWSFWG9B9RYNYQUA,gray,style_0
SWSFWG9BCXDH5FHM,gray,style_0
SWSFWG9BDHFG2M9Z,gray,style_0
SWSFWG9B4ACGX9EH,gray,style_0
SWSFWG9BHERTHGPN,gray,style_0
SWSFWG9BGNDQEUFE,gray,style_0
SWSFWG9BCJSZJDDQ,gray,style_0
SWSFWG9BHPPRGMTF,gray,style_0
SWSFWG9BPCDHDUGT,gray,style_0
SWSFWG9BHRBDNVGB,gray,style_0
SWSFWG9B3A65KHGR,gray,style_0
SWSFWG9B7F8HG2W8,gray,style_0
SWSFWG9BNJCKWJNT,gray,style_0
SWSFWG9BP3KYY3Z7,gray,style_0
SWSFWG9BFGHUQZUG,gray,style_0
SWSFWG9BZYYYFVHB,gray,style_0
SWSFWG9BRTUUHNBF,gray,style_0
SWSFWG9BSYSDRSNF,gray,style_0
TKPFTUETY6FZGZEH,gray,style_1
SWSFWG9BUKNJPJ9F,gray,style_0
JCKFVVHNUHUHMYSN,gray,style_0
SWSFWG9BFSR6TNHZ,gray,style_0
JCKFVVHNF422SYDA,gray,style_0
SWSFWG9BFZJWFKND,gray,style_0
JCKFWYNCWEHNZCTJ,pink,style_0
JCKFWYNCWHNRQ4BA,gray,style_0
JCKFVVHN72FTTT9B,gray,style_0
TKPFTRHH5PMUEHMA,gray,style_1
TKPFSMZ7JP7BDKWK,white,style_1
SWSFWG9BGJJFCHHT,gray,style_0
TKPFTRHHVVUH5499,gray,style_1
JCKFVVHNZ5ACTWJX,gray,style_0
JCKFVVHNHW89CS4E,gray,style_0
TKPFTE9AGHKSQSDV,gray,style_1
TKPFTE9AZKFZKZMC,gray,style_1
SWSFWBV6EFQRZGXF,gray,style_0
SWSFWBV6YPGFMCSM,gray,style_0
SWSFWBV6EHHRM53D,gray,style_0
SWSFW6KB32BPB4RV,gray,style_0
JCKFVSZ6WSSWZXYB,gray,style_0
TKPFSMZ7SGZTHNJW,pink,style_1
SWSFWG9BHGGMEVHX,gray,style_0
SWSFWG9BXWWDZVCA,gray,style_0
SWSFWG9BASNHCSHK,gray,style_0
SWSFWG9B4DXFXZMM,gray,style_0
SWSFWG9BRZDDPMNY,gray,style_0
SWSFWG9BWYTCHTXR,gray,style_0
SWSFW6KB8GZHEC72,gray,style_0
SWSFWG9BXHMZQTHP,gray,style_0
SWSFWG9BYMXXGX5K,gray,style_0
SWSFWG9BKZZKUDFX,gray,style_0
SWSFWG9BHKCCGYBR,gray,style_0
JCKFWYTHH3B5GKWS,gray,style_0
SWSFWG9BJH3Z44VT,gray,style_0
SWSFWG9BZHXYBBYP,gray,style_0
SWSFWG9BGZZZN2YB,gray,style_0
SWSFWG9B9HDKDWPB,gray,style_0
SWSFWG9BGWNPA34U,gray,style_0
SWSFWG9B7CCYYVZZ,gray,style_0
SWSFWG9BGJ876RMA,gray,style_0
SWSFWG9BZQBSH7AX,gray,style_0
SWSFWG9BTGZR7NUE,gray,style_0
SWSFWG9BQPUTWSFN,gray,style_0
SWSFWG9BMJUCQZEZ,gray,style_0
SWSFWG9BAMUV6XYG,gray,style_0
SWSFWG9BEFNQF9W9,gray,style_0
SWSFWG9BZGHZP4ZQ,gray,style_0
SWSFWG9BTRDCWR2S,gray,style_0
SWSFWG9BSRJ22CSW,gray,style_0
SWSFWG9BMF3XD5DT,gray,style_0
SWSFWG9BYMGSDGXM,gray,style_0
SWSFWG9BZAZDHHDQ,black,style_0
SWSFWG9BCZASGKVF,gray,style_0
SWSFWG9BHYUMNSPG,gray,style_0
SWSFWG9BHVE9BKSB,gray,style_0
TKPFTE9AYVPEZ7HK,gray,style_1
SWSFWG9BMATZ4G9E,gray,style_0
TKPFTE9AGW7Q6U4H,gray,style_1
SWSFWG9B5HGHWSXJ,gray,style_0
SWSFWG9BGSBBFRY5,gray,style_0
SWSFWG9BKXVCWJGT,gray,style_0
SWSFWG9BZMUHEFHS,gray,style_0
JCKFW6B2XSFGFXHH,gray,style_0
SWSFWG9BAP5FGWG4,gray,style_0
SWSFWBV6PYE7VHEY,gray,style_0
SWSFWG9BECWUNF8G,gray,style_0
SWSFWG9BFBJZ3KCH,gray,style_0
SWSFWG9BDBJXMSAC,gray,style_0
TKPFTE9A28XCDHXY,gray,style_1
SWSFWBV6CN2KX8XP,gray,style_0
JCKFU9APAQJBN23B,gray,style_0
SWSFWG9B8HFE6SGK,gray,style_0
SWSFWG9BFXDNSEHT,gray,style_0
TKPFTRWD3U3H3U36,gray,style_1
SWSFWG9BX4ZUVNHU,gray,style_0
SWSFWG9BDB5VDT7W,gray,style_0
SWSFWG9BKWPB9U2D,gray,style_0
SWSFWG9BFGVGHPUH,brown,style_0
SWSFWG9BXMPKGAGK,gray,style_0
SWSFWG9BCFA5GGMT,black,style_0
SWSFWG9BZZUYCYHC,gray,style_0
JCKFVVHNHJGGQBQR,gray,style_0
TKPFTE9A4RNC7HUV,gray,style_1
SWSFWG9BDZ7ZGSZB,gray,style_0
SWSFW6KBNA7JZYDN,gray,style_0
SWSFWBV6DB7B5GW2,gray,style_0
SWSFWG9BGCPANYBJ,black,style_0
SWSFWG9BCZG4GZVP,gray,style_0
SWSFWG9BUHR3CPWM,gray,style_0
JCKFVVHNJRZNFZ9C,gray,style_0
JCKFVVHNFQYBYNGH,gray,style_0
JCKFT8PUKJTQEQJF,gray,style_0
JCKFT8PUDNZWNTZJ,gray,style_0
JCKFT9ZFBHEFVXFE,gray,style_0
TKPFSMZ7FYJUG77X,pink,style_1
TKPFTRWDVEPYN78E,gray,style_1
TKPFTRWDG55TWJDB,gray,style_1
TKPFTRWDVXGZSAFX,gray,style_1
TKPFTE9AWGYQFAHV,gray,style_1
JCKFVVHNRGWDGNQG,gray,style_0
TKPFTRWDGTGPTGFF,gray,style_1
BXRFVVEPSBKZCPYU,white,style_1
BXRFVWJAMXCMGBGH,white,style_1
TSHFV5XHG6HJCYZ4,white,style_0
TSHFW2YBSX6PQNWT,pink,style_0
TSHFV5VBXJAPDRRC,black,style_0
TSHFWFZHZ9QTDWBA,black,style_0
TSHFW2Y4UZBVFJEG,white,style_0
TSHFV5WME6HHSH9S,black,style_0
TSHFWFZGAFKFMJRZ,gray,style_0
TSHFV5XHHJJJ6YYP,black,style_0
TSHFW2YMQGSHUYV7,white,style_0
TSHFV5YJDKSYFFA8,black,style_0
TSHFWFYDYPKBAYRE,white,style_0
BXRFVWJANDMSXNUT,gray,style_1
TSHFW2YBHHFP7TJW,white,style_0
TSHFXZSHHJWFGWNU,white,style_0
TSHFXZSHDJ6TQU4B,white,style_0
TSHFXZSHHG9MRFFG,orange,style_0
TSHFXZSHYWFBU2HM,purple,style_0
PYJFWFVGKADBJHHZ,brown,style_1
PYJFWUSMTJBBJKYH,gray,style_1
PYJFWFVGGBHWW8RP,black,style_1
BXRFVWJAB5T3XDAA,white,style_1
PYJFWFVGUHEYDXUU,black,style_1
PYJFWFVGQDXFBZZS,gray,style_1
PYJFWUSZDFRUYPNY,white,style_1
PYJFW9DDVHVECUDY,white,style_1
BXRFVVEPRBRXP9QT,white,style_1
PYJFWFVGHYUMZQNB,white,style_1
BXRFVVEPEMTYGB8N,white,style_1
PYJFW9DDV9WFFFGC,white,style_1
TSHFV5WX3HYFAHKG,white,style_0
PYJFWFVSMNGXJT4E,white,style_1
PYJFW9DDFZNSRZ2M,white,style_1
BXRFVVEPFMMS63WZ,white,style_1
PYJFWR8PTAFHUMTV,gray,style_1
PYJFWFVGRZAPRWKB,gray,style_1
BXRFZ9CYH4ZV6UEF,white,style_1
TKPFZMVYJE9QHUW7,white,style_1
TKPFZMVFYHF7AH5Y,white,style_1
TKPFZMVY2ZVU3DME,white,style_1
TKPFZNYQ7ZZZFGTS,white,style_1
TKPFZMVF5B2GKFNT,white,style_1
TKPFZNYQFG95PNCZ,white,style_1
TKPFZMUZKHJ6PFCJ,white,style_1
TKPFZMUZBHC9BZR2,white,style_1
TKPFZMVYHVKZMGHQ,white,style_1
TKPFZMUZ9WWBHZDU,white,style_1
TKPFZMUZYNYG4ASH,white,style_1
TKPFZMVYMQJPC8GV,white,style_1
TKPFZMUZRZFGZMKK,white,style_1
TKPFZMVYVKFPEHZV,white,style_1
TKPFZMVYUZX94SDV,white,style_1
TKPFZMVYSH4VBDNV,white,style_1
TKPFZMVYWHNTN6HY,white,style_1
TKPFZMVYURNTZGVQ,white,style_1
TKPFZMVYSHHPWFG5,white,style_1
TMLFZMNBNDAH5NVV,pink,style_0
TMLFZNYFXAJHARBT,white,style_0
SWSFXF5QPZZ9YZ8M,white,style_0
SWSFXF5652UZKYHK,white,style_0
SWSFXF567NHZBUPS,white,style_1
SWSFXF56FZPSZZ4Z,white,style_0
SWSFXF56KYWBGQMD,white,style_0
SWSFXF5QJZESKHZ4,white,style_0
SWSFXF5QAVYMGPFZ,white,style_0
SWSFXF5QBYSZSJQV,white,style_0
SWSFXF5QHUHDZPHC,white,style_0
SWSFXF5QJZESKHZ4,white,style_0
SWSFXF5QJZESKHZ4,white,style_0
SWSFXF5QJZESKHZ4,white,style_0
SWSFXF5QJZESKHZ4,white,style_0
SWSFXF5QJZESKHZ4,white,style_0
SWSFXF5QJZESKHZ4,white,style_0
SWSFXF5QJZESKHZ4,white,style_0
SWSFXF5QJZESKHZ4,white,style_0
SWSFXF5QJZESKHZ4,white,style_0
SHTFZTRSN4HXHMHH,white,style_0
SHTFZKBSX3SZZ9CZ,white,style_0
SHTFZKBTXNRRDYCH,gray,style_0
SHTFZKBSJG2FQM5G,white,style_0
SHTFZKBRPSWUWEQG,white,style_0
SHTFZKBVYHF969WH,white,style_0
SHTFZTRR5F3JUMGM,pink,style_0
SHTFZKBSGRUYF8BG,pink,style_0
SHTFZKBTBG5MYGZG,white,style_0
SHTFZKBTRGZP2AXM,white,style_0
SHTFZTRSNFVHHHQU,black,style_0
SHTFZU7NDDGTA5NE,pink,style_0
SHTFZTRS4FDSYR8G,black,style_0
SHTFZSZWYGGCSRZG,gray,style_0
SHTFZU7NF6GUC9NQ,pink,style_0
SHTFZKBXFHZ3UYYN,pink,style_0
SHTFZU7MHUUXY8NY,black,style_0
SHTFZTRSAAVUY3FE,white,style_0
SHTFZTRR5GHGQQ9Y,pink,style_0
SHTFZTRRMYSXTV74,pink,style_0
SHTFZU7NGUVNV6HE,pink,style_0
SHTFZTRSESVRQTJ9,black,style_0
SHTFZTRRV8WUFNFQ,pink,style_0
SHTFZTRSPEK26PYJ,white,style_0
SHTFZTRRWRHFYTHK,pink,style_0
SHTFZU7MPHYJFCPS,black,style_0
SHTFZTRS5FWA98ZH,pink,style_0
SHTFYB4D63YFFDQ9,white,style_0
SHTFYB4DJN9FXFJR,white,style_0
SHTFYB4D5VSYADEM,black,style_0
SHTFYY4ZNGS5H5J6,white,style_0
SHTFYB4DMDHVPYUY,gray,style_0
SHTFYY4ZNUW7XQHK,white,style_0
SHTFYB4DMHRYPKVG,pink,style_0
SHTFYB4DZWCCEZAD,white,style_0
SHTFYB4DJ3QQMDPQ,white,style_0
SHTFZYJUUG87CYHD,gray,style_0
SHTFYY4ZGEF8GW8Z,white,style_0
SHTFYV4MCUQEVMKH,white,style_0
SHTFZA6HJ5SCZDB9,gray,style_0
SHTFYB4DDFPQPGAA,white,style_0
CAPFN8VGFCHC5KNN,white,style_1
TKPFYPSZTAYRBSFZ,white,style_1
SWSFWEFYGFHMKW2T,black,style_0
TSHFHYRVYFWRSQKX,white,style_0
CAPFW42XGEFWVMCZ,gray,style_1
TKPFQ3DKDSPMRQQV,white,style_1
SWSFWCXMEVR6HVKV,pink,style_0
SWSFWEFY63M83HZK,black,style_0
TSHFQ3D3DZUJNYGD,white,style_0
SWSFWEFYQTZBF4FH,black,style_0
SWSFXNFSEY9HJZFA,white,style_0
TSHFUJ8BAR8QESHF,white,style_0
CAPFW42XCFBU8HQW,black,style_1
SWSFVW6UHHGYXBQ2,white,style_0
SWSFWCTDUB8SFGXH,black,style_0
TSHFQ3D3GYWADWBG,white,style_0
TSHFU6FRAGGZ6WRK,white,style_0
TSHFTHRW9TCFJZDR,white,style_0
TSHFTHXGGYBSAWA2,white,style_0
SWSFWCSYKRWBGC43,white,style_0
TSHFUF3YG9RNRMGA,white,style_0
TSHFYGKUFSZQKTG4,white,style_0
TSHFPWKTVEHR8ZGX,white,style_0
TSHFU683JYYMNQXB,white,style_0
TKPFQ3DKF9AZWUSX,white,style_1
SWSFSG3F82FVH4FY,white,style_0
TSHFUYUFHBHUHDYQ,white,style_0
TSHFZYYSZ8UKTZFW,white,style_0
CAPESRK4ABWBQRAY,gray,style_1
CAPETCFNTHXXJ2MT,white,style_1
TSHFQ3D3YGPQQGSC,white,style_0
TSHFUMHHUHMFQQHX,white,style_0
SWSFVU9FKKU6YMSF,white,style_0
SWSFWE3G6PDSWG4A,white,style_0
TSHFU67RPYRGHVBB,white,style_0
TSHFS4HVEJAHFHZF,white,style_0
TSHFSFRKSBHWHJCS,white,style_0
SWSFWE3GFZMZUZR2,black,style_0
TSHFHYRVAYFBNYJB,white,style_0
TSHFUF3FASGCQXKG,white,style_0
SWSFVW6XZTH9YZEH,white,style_0
TSHFHG9ZGGZUSHVR,white,style_0
SWTFWG9VFC2YKSHR,white,style_0
TSHFU3KGXAZJHEBW,white,style_0
TSHFQ3D37YGZJFDU,white,style_0
TSHFUH7GDVFJEXUP,gray,style_0
TSHFPG3XPNVFPWEW,white,style_0
TSHFVY6JBVTYXPHH,white,style_0
TSHFPG3YNYABFPVG,white,style_0
TSHFU3KHAUUADV8P,white,style_0
SWSFWCSPEGMDH8FV,white,style_0
SRTFY9HZUDFV5UPJ,white,style_1
TSHFVY6HABFDHUDZ,white,style_0
SWSFRF5K4ES3ZUGR,white,style_0
SRTFSSADEMN7GFQN,white,style_1
SWSFZDN8UPTXEVJG,white,style_0
CAPFW42XUTZ2YYUE,pink,style_1
SWSFWEFYPVKCNSG8,black,style_0
SWSFWEFFG8A5DGZA,black,style_0
CAPFP754RGUBNETQ,white,style_1
SWSFSFEFS5PYTYBF,white,style_0
SWSFWEYZMHY35EHK,black,style_0
SWSFWE3HGMPHQDZV,white,style_0
SWSFXB888XVD9QFV,white,style_0
SWSFWEYZ6ZGNZJEC,black,style_0
SWSFWEF3XGHFBCJC,black,style_0
CAPFW42XYYNKPXE7,black,style_1
TKPFQ3DKMG5DBVGT,white,style_1
TKPFQ3DKMG5DBVGT,white,style_1
TSHFPG3Y62GCADGY,white,style_0
TSHFSG3KPGTVGDEQ,white,style_0
TKPFQ3DKE2EPS2ZF,white,style_1
SWSFWCS6CGCQGTSN,black,style_0
TKPFY8VHETZZSH9G,white,style_1
TSHFU67TWUZPVZ5N,white,style_0
SWSFXB8AXNMJWFYP,black,style_0
SWSFWCXMJRZDWKVU,white,style_0
TSHFVY6KSVYNDBPG,white,style_0
TSHFVY4RASZMJMW7,white,style_0
TSHFTHS9FEDUYMUB,white,style_0
SWSFWEF2PMTP2AFM,white,style_0
SWSFWCTAFTWRDBHE,black,style_0
TSHFTB6YART8FAFA,white,style_0
TSHFTHSCVCCX76YH,white,style_0
TSHFU689TYCGQWAY,white,style_0
CAPFW42XJXRFFGZH,purple,style_1
TSHFUH9ZFFUYDM9Z,white,style_0
SWSFWCSNPEDVPS7Z,white,style_0
TSHFRYT3KDHJFZ3M,white,style_0
SWSFSG3FJ5X6YYPZ,white,style_0
TSHFKGRHYXXGF6TY,white,style_0
SWSFXNFS7CY3GSXE,white,style_0
SWSFWEF2NMHRHDUB,black,style_0
SWSFWEFYTANC5XSS,black,style_0
SWSFXB8A7Y3NG2G2,white,style_0
TSHFTHSBSWWTCYBG,white,style_0
CAPFYDZNTHGGU3ZK,black,style_1
TSHFTHXG3WGKZR2E,white,style_0
TSHFPG3YQFDSGPG9,white,style_0
TSHFQ3D3TQZFMXNB,white,style_0
SWSFXB8AFCYVJ8JF,white,style_0
CAPFWP8YDVGWWCVB,black,style_1
SWSFWCT9PPPXGZ8Q,black,style_0
SWSFWHFERFXZVMUH,white,style_0
TSHFKGQ5BABKJZBX,white,style_0
TSHFU3KGC5YDWUNZ,white,style_0
TKPFY8VKRYZPUNF7,white,style_1
TSHFPG3YHMVAPZVM,white,style_0
TSHFPWKTUFW3WQKY,white,style_0
TSHFQ37HTJRN4CY5,white,style_0
VESFX3ZFZFUJBJVV,white,style_0
VESFX3ZFJEKDYZPW,white,style_0
TSHFU68FYPWK7ZE4,white,style_0
SWSFU664DNZZFFJJ,white,style_0
SWSFXB8AWY83MZHZ,pink,style_0
TSHFQ3D3NNZQNZGZ,white,style_0
SWSFWEFYHZRGZ8FF,black,style_0
TSHFKGPWAQZQNMZY,white,style_0
SWSFWCSNDT9ENUHF,pink,style_0
VESFX3ZFXTNQXDFN,white,style_0
SWSFXB8AWYY2GNM9,black,style_0
SWSFWHFGX4XQM3YY,white,style_0
TSHFUG75GNHD9RZT,white,style_0
TSHFRYRHAXE6A35G,white,style_0
SWSFWCXMYN2FM6TR,black,style_0
TSHFU68FMAAMMBZ3,white,style_0
TSHFV2GG9JU3CHGG,gray,style_0
TSHFUF2ZYAPZCP7D,white,style_0
TSHFU3KGUKPQKM5H,white,style_0
TSHFRYRHU7TXWTRZ,gray,style_0
SWSFWCSZZCB3FQH5,pink,style_0
TSHF5HGG2GF3MKKB,white,style_1
TSHFUF32DZCFFVQY,white,style_0
TSHFTHSGY3WHF3HG,white,style_0
TSHFSFRKBGKN2F9H,white,style_0
TSHFSS9VJG3NKYZ7,white,style_0
TSHFU67BFKW6YJF6,white,style_0
TSHFU3KHWSH2DFKG,white,style_0
TSHFY24T4KGF2NYU,black,style_0
VESFX3ZFC7XXJ5CR,white,style_0
TSHFU3KHUBBHAXCW,white,style_0
TSHFUF3YQG89MYAZ,white,style_0
TSHFPG3YQGHHHZYY,white,style_0
TSHFUBZTRFYA2ZZE,white,style_0
TSHFUMQFZGA2MXDY,white,style_0
TSHFTHZMHQYHRFZ2,white,style_0
SWSFWEFYPBFDQFR7,white,style_0
TSHFVY4TGTRZB6ZH,white,style_0
SWSFPYREPZVY9GG7,white,style_0
SWSFWHE5VJHRYPYV,white,style_0
SWSFWFW7JZBEZART,black,style_0
TSHFPG3YYGCPGAKQ,white,style_0
SWSFXNFSXNGX2UTV,white,style_0
SWSFWHEG9GT2G9PC,white,style_0
SWSFWEF2XSZWXZHZ,white,style_0
SWSFXNFSBGHUTFSG,white,style_0
TSHFZYYSTY3HDJSP,white,style_0
SWSFXNFS6XGCDXB6,white,style_0
SWSFWHE5FAZXVMQC,white,style_0
SWSFWHEPSKFVHCUZ,white,style_0
TSHFTB6FYZHAGTVU,white,style_0
SWSFWEF2QMNBEFZ5,white,style_0
TSHFSFRKV5FDVUWA,white,style_0
SWSFXNFSBWAC3YZH,white,style_0
SWSFWHE5BW6MSTWB,white,style_0
SWSFZVYVKBDU4SF5,white,style_0
SWSFXNFSANEJNYF5,white,style_0
TSHFKGRVQY4PRGWA,white,style_0
CAPESRK5ASHJFYEP,black,style_1
SWSFXNFSTFHBSSKZ,white,style_0
SWSFWCSQUSXBHGCD,white,style_0
SWSFXNFSSJVJA9HU,white,style_0
SWSFSFEFZ9H4CZGB,white,style_0
SWSFSFEF6PVZVUC6,white,style_0
SWSFWEF2CCTUPSYA,white,style_0
SWSFWF5D9HNFF9UG,white,style_0
SWSFWHFDGRVHDMX2,white,style_0
SWSFXNFSHFZKXEZE,white,style_0
SWSFWHE5HWGYC2AE,white,style_0
TSHFJREGQHHVQBNR,white,style_0
SWSFWHE5EXRUZXZY,white,style_0
TSHFUH9ZNB3Y3GFS,white,style_0
SWSFWHFERPQEHM5F,white,style_0
TSHFQ3D3B7H8FG58,white,style_0
SWSFWEFYAZFZXWJH,black,style_0
TSHFSFRKVT8ZE5SY,white,style_0
TSHFU683YS2T4C9F,white,style_0
SWSFWHE5CWH8DUTH,white,style_0
TSHFU686FXUHCUAM,white,style_0
TSHFPG3YSY8HDZWE,white,style_0
SWSFWCXH2WF6ZYRB,pink,style_0
TSHFVY6GCCCJPFDE,white,style_0
SWSFZDN8NNBXDDJZ,white,style_0
SWSFWHFCBF7DSFAS,white,style_0
SWSFWHFEKQGH4CU8,white,style_0
SWSFXB875MJBGPPF,white,style_0
SWSFWHFHGSZGNFH8,black,style_0
SWSFWEFYGQNTSAJZ,black,style_0
SWSFSG3FGHZZZDEA,white,style_0
TSHFV2GGAZVCY8D3,green,style_0
SWSFWCTF2HAHUUMM,black,style_0
SWSFWCSQMHKQGHYY,white,style_0
TSHFUF5PXJMVGG4M,white,style_0
SWSFU664CTGGY8KX,white,style_0
SRTFWG9SPHZFPGCN,white,style_1
TSHFZDP7PHDKFFDC,white,style_0
SWSFXQ5YRFYYCSXV,black,style_0
SWSFXQ5YBRBUFWYZ,white,style_0
TSHFRYT3PWZNASCS,brown,style_0
TSHFZDP8NTXGZS5M,white,style_0
TSHFZDP8YRQMRXDZ,white,style_0
TSHFU684VUPV3BH8,white,style_0
TSHFQ37HSHVXDKF7,white,style_0
TSHFQ37H6XHKKEHR,white,style_0
SWSF5R7F38FNMWXG,brown,style_0
TSHFQ37HHHGHHHBJ,white,style_0
TSHFPG3YFEFZAAR8,white,style_0
TSHFY24UPGM9MMTM,pink,style_0
TSHFQ3D3WGB3KC3G,white,style_0
TSHFQ37HJUBGBCH7,white,style_0
TSHFTHXFYG6QGFHD,white,style_0
SWSFWHFCUEHE7YUY,white,style_0
SWSFWEYZZZEJEEJW,white,style_0
TSHFY24Q875XUHDZ,white,style_0
TSHFY24UAAHDGSBZ,gray,style_0
TSHFTQVWDRMCMBPH,white,style_0
SWSFWEF36Z3RKTJ7,white,style_0
TSHFRYRGQECHW2YY,white,style_0
TSHFQTXS9MMZCUDH,white,style_0
TSHFVGBVFWNVQPYA,white,style_0
SWSFWCXHFRX2DBSG,white,style_0
TSHFPWKTKCEMUJ5T,white,style_0
TSHF3DH3ZADUNNT9,pink,style_0
TSHFPWKTZB25GQGA,white,style_0
TSHFVY4RZ2KXWZTA,white,style_0
TSHFTB6YTHCWGEPD,white,style_0
TSHFY24T7PBC7PZR,gray,style_0
TSHFY24TUZHT3FMN,black,style_0
TSHFVGBUY6DEZGEZ,white,style_0
TSHFTB6FK4HZWEXU,white,style_0
TSHFPWKT4TPVYYS7,white,style_0
TSHFYNDG6KQKSGNZ,white,style_0
TSHFTB6YCAZ5CNPP,white,style_0
TSHFPG3YTFADZUAC,white,style_0
TSHFTHZG8RFGMZVW,white,style_0
TSHFTB6FHSPJUEHA,white,style_0
TSHFTB5Z2A6GS4QQ,white,style_0
TSHFVGBTCECCMPF6,pink,style_0
TSHFTB6Y7CGF3MVC,white,style_0
TSHFPWKTGF9UMRRS,white,style_0
TSHFVY6JAXYZEDCW,white,style_0
TSHFSFRKANFTHXHX,white,style_0
TSHFTB6YSQUYFRED,white,style_0
TSHFRYRHKHXX8YTC,purple,style_0
TSHFPWKTQMXJBJWH,white,style_0
TSHFRYRG6ZWACYRF,gray,style_0
TSHFZYYSRVYBXGBU,white,style_0
TSHFHYRVH3Z84AU6,white,style_0
TSHFVGBUWMMSXMUZ,pink,style_0
TSHFTB6YFHDKQWZE,white,style_0
TSHFTQWYTEZJVGGY,white,style_0
TSHFSS9VZ3Y5RDNE,white,style_0
TSHFVY4XFTNFGPYT,white,style_0
TSHFQ3D3XNZY9DWQ,white,style_0
TSHFPG3YHDVUAREM,white,style_0
TSHFY9QYXGUNZMDS,white,style_0
TSHFY24PHEDGDNRR,white,style_0
TSHFTB6FHM7YX3QE,white,style_0
TSHFY9QY32TRSANM,white,style_0
TSHFPWKTUGV7Z7VB,white,style_0
TSHFUBZSBYWPZZZQ,white,style_0
TSHFPWKTGKTGZHQG,white,style_0
TSHFPWKTXRZUEWZY,white,style_0
TSHFS4HVNEYPRYAV,white,style_0
TSHFTB6FWSDZCTHR,white,style_0
TSHFTQVVZZR64FJ5,white,style_0
TSHFVGBV8CPDDAWK,white,style_0
TSHFTB6YENHUNW5Z,white,style_0
TSHFVY6GQU7MS6WB,white,style_0
TSHFKGRGPCTUQYBJ,white,style_0
TSHFQ3D3SGKHFBN6,white,style_0
TSHFRYRHCURADXJW,white,style_0
TSHFQ3D2JQXSUF9X,white,style_0
SWSFWEF3ANNMMBJC,black,style_0
TSHFTQVYZ8XNMYWJ,white,style_0
TSHFYGTGVKW9GPFH,white,style_0
TSHFQ37HQHRQYNMT,white,style_0
TSHFTB6FXZCJ7HMW,white,style_0
TSHFYNNX8EWBAFQF,white,style_0
TSHFTB6FECHXMFAM,white,style_0
TSHFTHRYKGZ2ENRG,white,style_0
TSHFTB6FSGH4T3UU,white,style_0
TSHF6MBZWUBZKPDZ,gray,style_0
TSHFY24QJGMFV5QP,white,style_0
TSHFTB6FZRVG7NZV,white,style_0
TSHFTB6FJYQGGPR4,white,style_0
TSHFTB6FR8TFCZGK,white,style_0
TSHFSS9VZHNFUPGE,white,style_0
TSHFTQVPYWWT9AKP,white,style_0
TSHFPWKT9MKBBFWP,white,style_0
TSHFPG3YYPKJY3ZA,white,style_0
TSHFVGBUGYUHMWGR,pink,style_0
TSHFY9QYFJ9UUCWT,white,style_0
TSHFUG6CRFC55YFD,white,style_0
TSHFTB6FAGZBB4KP,white,style_0
TSHFTB6YHVH92SB2,white,style_0
TSHFY24T3HFRB2VF,white,style_0
TSHFPG3YJEA9V7WY,white,style_0
TSHFTB6YZTC2RV6Z,white,style_0
TSHFTHSRDNVMZ3NH,white,style_0
TSHFTB6YF7JUGEJM,white,style_0
TSHFTB6YXYGTFPQB,white,style_0
TSHFQTXSPE43HTRY,white,style_0
TSHFTB6YGPZKN8YG,white,style_0
TSHFTB6FNMBG2MXA,white,style_0
TSHFTB5Z6KHMZHJ4,white,style_0
SWSFZDN8ZQZZH9FJ,white,style_0
TSHFY9QYNH2N4HYB,white,style_0
TSHFTHSCY3WQZMYZ,white,style_0
TSHFTB5ZFYBFVB2V,white,style_0
TSHFYGTHBHA8HV64,white,style_0
TSHFG3MZXBY2HFSC,white,style_0
TSHFTB6FPEFNPHTZ,white,style_0
TSHFTB6FHAJGYXGH,white,style_0
TSHFTB6FGZKESNTH,white,style_0
TSHFQ3D3GZUE9H3H,white,style_0
TSHFTB6FB38YZSAZ,white,style_0
TSHFTB6FZBCGVBB9,white,style_0
SWSFWEFYBTCSP4VE,white,style_0
TSHFSFRKGPMYPHUE,white,style_0
TSHFY24P2NUSRAZN,gray,style_0
TSHFYNDNWMATSJQC,white,style_0
TSHFHCW8PWGRGSQP,white,style_0
TSHFU3KHGGUVHKYX,white,style_0
TSHFY24SPCRJHGKN,gray,style_0
TSHFUYZ7EHXVAXRR,white,style_0
TSHFTB6FZ4DUJ5DS,white,style_0
TSHFUMFC7CTTFP9A,gray,style_0
TSHFKGQGDXTZA7YG,white,style_0
TSHFY9QYVJBSQJXH,white,style_0
TSHFTB6YYZDNRUYM,white,style_0
TSHFTB6YKH3JDMDU,white,style_0
TSHFPG3XTQC742J5,white,style_0
SWSFWE3HHZZVP4ZX,black,style_0
TSHFTB6FUWYBHHGD,white,style_0
TSHFTB6FHP5U3PTM,white,style_0
TSHFTHSKS8GUCG4Z,white,style_0
TSHFU685FSTXPFYF,white,style_0
TSHFU3KGGZDGX9EE,white,style_0
SWSFXQ5YJWXYDSHW,black,style_0
TSHFUH9JC29WWDWW,white,style_0
TSHFHCWBZ2WRFADH,white,style_0
SWSFU667SWHJX6ZW,white,style_0
TSHFY24T8AYYGZ65,black,style_0
TSHFHCX3YRVCZSGG,white,style_0
TSHFZYYTZHXXDADY,white,style_0
TSHFU3KHVJTH8PHR,white,style_0
TSHFKGPVJTVJQU3W,white,style_0
TSHFTB6F7E7TFY39,white,style_0
TSHFTB6Y9G56BEHV,white,style_0
TSHFTB6YGGZHCPNE,white,style_0
TSHFYGTB9XCHFSTN,white,style_0
TSHFHCXCAKY2E94G,white,style_0
TSHFUH9HYRFE7MPG,white,style_0
TSHFPWKTT2Q9D94B,white,style_0
TSHFY9QYYQ6M2HGA,white,style_0
TSHF6NDTABE8HSFW,white,style_0
SWSFXQ5YWEFQPYY9,white,style_0
TSHFU6826TQFCGUG,white,style_0
SWSFWEYZN5CY2DWE,black,style_0
TSHFY9QYGJQF8TAH,white,style_0
TSHFUF2YA6PHBQKG,white,style_0
TSHFUMQ4YTGJCGXY,white,style_0
TSHFUF5PHTQJ7WHQ,white,style_0
TSHFRYRHGDGCYZSG,white,style_0
TSHFU3KG6XPB84WF,white,style_0
SWSFWEFYSHBBXW9U,white,style_0
TSHFKGPJ5ZMFYQH5,white,style_0
TSHFUYZ9KMUHAADH,white,style_0
TSHFTHSGQBZZ3TZ4,white,style_0
TSHFQ3D3ZPHAUPHS,white,style_0
TSHFUF2ZYHVM2GWT,white,style_0
TSHFPG3X5YFTQYSW,white,style_0
TSHFUF3FZAN5FMUM,white,style_0
TSHF6ZZWYYPYGHUZ,white,style_0
TSHFUF3FC74KU3BK,white,style_0
TSHFPG3YYKCP5CKN,white,style_0
TSHFTXTVHRCZCPQ7,white,style_0
TSHFU3KGGGKRTDJZ,white,style_0
TSHFQ3D3SR6PHFS9,white,style_0
TSHFJPH7H9AXVTH3,white,style_0
TSHFU3KG599GRX5U,white,style_0
TSHFJZ6TZUSXPHF3,white,style_0
TSHFY9PZKPPKTSRB,white,style_0
TSHFU3KGQB7GSPV4,white,style_0
TSHFU3KGZNGZSCAJ,white,style_0
TSHFUH9QXR9YJSFD,white,style_0
TSHFTJSEFUZHZGDF,white,style_0
TSHFTHZKN8UCJFZZ,white,style_0
SWSFWCTDHRABJFCR,white,style_0
TSHFJPH6ABATERZD,white,style_0
TSHFU6FPY7HJZDXH,white,style_0
TSHFUH9QH6JVFQRM,white,style_0
SWSFWEFYNYYFBRMH,black,style_0
SWSFWEYZPVNJQQYV,white,style_0
CAPESRK5H5CFKZYA,white,style_1
TSHFU3KG7ZGGXSY7,white,style_0
TSHFUH72RQYRG9N4,gray,style_0
TSHFUF3X8MG96CCR,white,style_0
TSHF6MBNHDHHVGZ9,white,style_0
TSHFUF4UC5HHGSCZ,white,style_0
TSHFV2G5PVZHKGZK,gray,style_0
SWSF5R7FFZPUHDU5,black,style_0
TSHFU3KGM7HWZF9C,white,style_0
TSHFU3KGYKBH2FNR,white,style_0
TSHFPG3YZ4TRY3AW,white,style_0
TSHFY24S5K9DBUQU,gray,style_0
TSHFV2GFFGUH7DY4,pink,style_0
TSHFPWKTWDQSGDY3,white,style_0
SWSFWCSKZYZZVJFZ,black,style_0
TSHFU6FQVPG4MZRF,white,style_0
TSHFTB6FHJMVHCJJ,white,style_0
TSHFUF35JC3YDHTB,white,style_0
TSHFUF4SN5UTAYEZ,white,style_0
TSHFU3KGCQ8P2ZMF,white,style_0
SWSFWEFYHWUES5GK,black,style_0
SWSFWEFYEAHGDWKR,black,style_0
SWSFWEFYYTUBWZXA,black,style_0
TSHFTHXNQUZPABHT,white,style_0
SWSFWEF3JKANDYP7,black,style_0
SWSFWCSNPENAZRZM,white,style_0
TSHFS4HVUB3ZCB2T,white,style_0
TSHFY24S9HNJEUTD,brown,style_0
SWSF5R7FUDKZW8SN,gray,style_0
TSHFUF5PEU4XRMA5,white,style_0
TSHFY24TBGUGBDET,white,style_0
TSHFTHSARG4ND4MG,white,style_0
TSHFJZ6TEVDKSYDG,white,style_0
TSHFTHSJ4CGDE7VN,white,style_0
TSHFUF3FXDGBHKGD,pink,style_0
TSHFU64FAS4FNVFV,white,style_0
TSHFY24QGFNEZZX7,gray,style_0
TSHFUF5PJFJJ8FFZ,white,style_0
TSHFY24TTPYATYJ8,pink,style_0
SWSFU664DMNG3NRT,white,style_0
TSHFY24TTMHKNG2V,white,style_0
TSHFTB6FCDUTZYV5,white,style_0
TSHFFYJZZHAYTJAD,black,style_0
TSHFFYJZZHAYTJAD,black,style_0
TSHFUF2YBGGM69AH,white,style_0
TSHFTHZMDUTCQF5E,white,style_0
TSHFHYRVFZZGFFNY,white,style_0
TSHFTHXFYVNHHAB5,white,style_0
TSHFY24TAHAES56R,black,style_0
TSHFY24T7RXJQ72E,gray,style_0
TSHFTB5ZPPGTNPEH,white,style_0
TSHFUF2ZJ3HGYBEV,pink,style_0
TSHFUH9PGS3DYZZR,gray,style_0
TSHFUF353AR8TN5S,white,style_0
TSHFJPH95HGVNHBN,white,style_0
SWSFWCSPHDFH5YKT,white,style_0
TSHFTHSEVH65BWNY,white,style_0
TSHFZYYSGWPNHQ4D,white,style_0
TSHFY24TKA3PHWQW,pink,style_0
TSHFUF35GBRJGZHG,white,style_0
TSHFTHRMZARBDNH5,white,style_0
TSHFPG3YNYVRDRBH,white,style_0
TSHFZYYSQYPVJAQ2,white,style_0
TSHFHFSZB2PY5CWA,white,style_0
SWSFWCSZGNU7N4F6,white,style_0
TSHFPWKTGGPH7GYX,white,style_0
TSHFTB6YNE3ZX4SZ,white,style_0
TSHFU3KHYYPJNGCF,white,style_0
TSHFU9KF6JFHC2KN,white,style_0
TSHFTHRXHAUVNGZE,white,style_0
TSHFU3KGGMJGHX76,white,style_0
CAPET5K3YFYQFWMZ,brown,style_1
TSHFU3KGPSZRD7ZM,white,style_0
TSHFTB6FYZ8SFAGG,white,style_0
TSHFTHXFD3CBUEYK,white,style_0
TSHFTXT9R4SHHSKF,white,style_0
TSHFQ3D3FNZ4MYDH,white,style_0
TSHFY24U3U3RGWXV,black,style_0
TSHFU684YFWES5FZ,white,style_0
TSHFTHZGZDNZNBHQ,white,style_0
TSHFQ3D3UFQDFSHD,white,style_0
TSHFUMGA85EQ6CSF,white,style_0
TSHFY24TZTM4S9Z4,black,style_0
TSHFUMFCK4BMCFZQ,black,style_0
TSHFPWKTUZVPHHNQ,white,style_0
TSHFUMZYENB7YCNE,gray,style_0
TSHFU3KGZCM8WZBF,white,style_0
TSHFJZ6TYMMJ4BFQ,white,style_0
TSHFPWKTQHRS6VWP,white,style_0
TSHFUF3FPP8AV8SH,white,style_0
TSHF5HGGBGRAN4K3,white,style_0
SWSFWCSKGHYZBTJW,black,style_0
TSHFYGJSGZ9MGSDC,white,style_0
TSHFU683YYJSFDYZ,white,style_0
TSHFZYYTFVJ35ZM2,white,style_0
TSHFU67XZWZP9VAY,white,style_0
TSHFVY6J9VTPSZAH,white,style_0
TSHFTHZAK87GFQNN,white,style_0
CAPESP3QGYYQT9ZC,black,style_1
TSHFSS9V9J8FTYEF,white,style_0
CAPET5K3GVHDRZYC,white,style_1
TSHFSFRKG7MQESQY,white,style_0
TSHFU3KGRR2UWZ2Q,white,style_0
SWSFWCT6TTRMZGMU,black,style_0
TSHFSFRKTN7YHHGX,white,style_0
SWSFWCSNXA6U57G5,white,style_0
TSHFU3KGXHTB8QYQ,white,style_0
TSHFUYVP6TAYDAGJ,white,style_0
CAPET5K3S5RJZBBZ,gray,style_1
TSHFU3KHSMQCCXCR,white,style_0
SWSFWE3GR9Z2BHEB,black,style_0
TSHFYQNJE456HK9Z,white,style_0
TSHFU3KGJPSXVBMD,white,style_0
SWSFWEFYG8JGGXWN,black,style_0
TSHFHYRVB3PHCVF7,white,style_0
TSHFU3KGSNGAUG6Z,white,style_0
TSHFSFRKB9GVRKBU,white,style_0
TSHFPWKTFHPNZHZD,white,style_0
TSHFKGR2VHAYWADH,white,style_0
TSHFVY4RWHNRWPJR,white,style_0
SWSFWEFYEW4AZYTZ,black,style_0
TSHFU67GZHSUSRZY,white,style_0
TSHFKGRHWVE3DREH,white,style_0
CAPET5K3Q9BFK8VH,gray,style_1
TSHFY24S7ZPDPZHU,gray,style_0
TSHFV2GGCMYAHH8P,gray,style_0
TSHFHYRVW3RH8R8S,white,style_0
TSHFHYRVPJMCCTC7,white,style_0
TSHFTB5ZNGKM5ZRZ,white,style_0
TSHFTHSGHQ5XHVBT,white,style_0
TSHFPG3YT6PZ2DJH,white,style_0
TSHFUGH48CFJDMGD,white,style_0
TSHFHFSZUYEKHC76,white,style_0
TSHFUMGA8M87JHYS,white,style_0
TSHFY24SGTAYCQEJ,gray,style_0
TSHFV2GCG9JFW36H,pink,style_0
TSHFJREGDGBR3W7X,white,style_0
TSHFU3KGFRPWEGTY,white,style_0
TSHFJREHR9TAHUWZ,white,style_0
TSHFUF46N8HY95TE,white,style_0
TSHFV2GGWGS7XY8M,white,style_0
SWSFWCXH59QSGW6Y,pink,style_0
VESFX3ZFMVZDRS4E,white,style_0
TSHFUF2ZCVE8GVGX,white,style_0
TSHFU6848FZCHSND,white,style_0
TSHEZ9RDDH2N6HQ3,black,style_0
TSHFU9MFKPZDZYUA,white,style_0
TSHFUMHFZYCWD3WA,white,style_0
TSHFQ3D35FZC4DZQ,white,style_0
SWSFXQ5YMG73M5YN,white,style_0
TSHFUF49KGVY9VXY,white,style_0
TSHFUMFCP6RMJZKA,white,style_0
SWSFWCSPDEGMNXZC,black,style_0
TSHFFU6A2ESRTJSW,black,style_0
TSHFQ3D3WDFV4R47,white,style_0
TSHFKGPUMMJQAEFZ,white,style_0
SWSFXQ5ZVMKH9XW8,white,style_0
TSHFTHXGPK7EKZ3Y,white,style_0
TSHFKGQNYPHSEWKY,white,style_0
TSHFU3KHXGDUDGYW,white,style_0
TSHFVY6J8UYHQEZY,white,style_0
SRTFSSAD4ZGZHDGY,white,style_1
TSHFHFSZGB69RYFH,white,style_0
SRTFYQZ6QG6QWHGG,white,style_1
TSHFZYYSH5YFMHTZ,white,style_0
TSHFKGPGMWFBGZVW,white,style_0
TSHFUF8GGSCRYW9H,white,style_0
SWSFWEF2T9VGRUXA,white,style_0
TSHFUMFCKHRCZ6WG,white,style_0
TSHFGFGPJWGBQPGC,white,style_0
TSHFTHXENXU3KJQC,white,style_0
TSHFYNDZFEHGJZH4,white,style_0
TSHFKGPWECYHKWK5,white,style_0
TSHFGFGPYJHZYAZZ,white,style_0
TSHFUF4SDCVHAVJ3,white,style_0
SWSFWEF3CJQQPXMB,white,style_0
TSHFPWKTWGV4PRTS,white,style_0
TSHFGFGPTD8SQXGH,white,style_0
SWSFWCT9UNHKHHFY,black,style_0
TSHFTHS27NCYUGGA,white,style_0
TSHFHG9ZX3P38GRQ,white,style_0
TSHFYNDSQNARK8NB,white,style_0
SRTFYPRUBXTGG6WA,white,style_1
SRTFYPHFNUP2DYSF,white,style_1
SWSFWCSNGD59H8EQ,white,style_0
TSHFQ3D2ZKPKTWYC,white,style_0
TSHFPWKTYCZYTSXF,white,style_0
TSHFTHZBHZHZFRGB,white,style_0
SWSFWCSQZYXDDWQA,pink,style_0
TSHFGFGPUHUYDEGR,white,style_0
TSHFGFGPUHUYDEGR,white,style_0
TSHFTHS87YQVTR63,white,style_0
TSHFGFGPHGXUS5BZ,white,style_0
TSHFU3KGXH9TNUA2,white,style_0
SWSFXNFSHASENS4A,white,style_0
TSHFQ3D3MFGB33RG,white,style_0
SWSFWCSKCGTHPBMP,pink,style_0
SWSFWCT8GHTVVMHM,black,style_0
TSHFSFRKYRPWZPAY,white,style_0
TSHFHG9ZNFYZFDQQ,white,style_0
TSHFYGKZZDCKR5RK,white,style_0
SWSFWE3HMYHSWAVG,pink,style_0
TSHFU3KGMT8FHSFC,white,style_0
TSHFSFRKVCKE8GHW,white,style_0
TSHFUH9GHDVSQ2PZ,gray,style_0
TSHFKGR369KMGGHU,white,style_0
TSHFGFGPTTKHFXSA,white,style_0
SWSFWCSNZZJFWWRH,black,style_0
TSHFVYX6VQDQ3GT7,white,style_0
TSHF5HGGRFJGKBPM,white,style_1
TSHFU689BMAZH9HU,white,style_0
SWSFVU9FQTZFYMFB,white,style_0
SWSFWCSNYUMA9NAY,black,style_0
TSHFUH9FABXHSDPJ,white,style_0
SWSFWE3GFTYKGHJZ,white,style_0
SWSFWE3HKPEGT3N2,pink,style_0
SWSFVU9FEEMTJ36U,white,style_0
TSHFHYRVQQTSPVTY,white,style_0
TSHFYGKRKWDSWDWU,white,style_0
SWSF5R7FY4A6AYHB,black,style_0
TSHFJPH7VSRHKWDY,white,style_0
TSHFQ3D3GQZZZZZX,white,style_0
TSHFTHXFVSVGHZHT,white,style_0
TSHFU67G4NTNVDFH,white,style_0
TSHFHGAYGNPFSYSE,white,style_0
SWSFWE3G8ZPCBUKG,white,style_0
TSHFKGQZ2XNBCMU4,white,style_0
TSHF5HGJACY6BWNY,white,style_0
SWSFVW6WHZTZPGFZ,white,style_0
TSHFKGFGWZYJWH9Y,white,style_0
TSHFHG9ZPBZJKX2M,white,style_0
TSHFYNCUYWBNXTYE,white,style_0
TSHFF5YCPRXYQWW7,white,style_0
SRTFYPHHKCUDJ9VD,white,style_1
TSHFHGAYRRTDXT8G,white,style_0
TSHFUTGMXD3QVMGV,white,style_0
TSHF5HGGF86ZPZWS,white,style_0
SWSFWCSNNMAHG5JS,pink,style_0
TSHFQ3D3EGSBDNYP,white,style_0
TSHF5HGGHFQDASHZ,white,style_0
TSHF5HGGUKVBZDGH,white,style_0
TKPFWG9MFE9ZTACN,white,style_1
TSHFQ3D3SR4C3BCJ,white,style_0
CAPFWP8Y5BN28AXE,black,style_1
TSHFHGAYTYSGSBWF,white,style_0
TSHFU67KD3JAQ7AC,white,style_0
TSHFKGPYZGJSQEZJ,white,style_0
TSHFUH64HXGHFAAH,white,style_0
TSHFHYRVXHA2PXPT,white,style_0
TSHFZDP6K3NNWNJM,white,style_0
CAPFP8C9GZHGPTRG,white,style_1
TSHFY24TBA9UUHEH,pink,style_0
SWSFWEFYX2RZFTVC,black,style_0
TSHFU682SEMX8KRW,white,style_0
TSHFTB6YZJ3UZMMK,white,style_0
TSHFK88DUKGHCSPE,white,style_0
TSHFTB6YFHYGGUPD,white,style_0
SWSFWEF3EGZHEQTG,black,style_0
TSHFTB6YK9FC4D5H,white,style_0
TSHFY24TU5ZGZNRZ,black,style_0
TSHFZYYS8YKPGHSK,white,style_0
SWSFVW6TYKUTGHC2,white,style_0
SWSFWEYZVYXHPGQJ,white,style_0
SWSFVU9F4UXKUFJF,white,style_0
TSHFHYRVBR2CYDHZ,white,style_0
SWSFVU9FBFZ9ZVJZ,white,style_0
SWSFVW6WDUUGZ5KQ,white,style_0
TSHFKGPRWMMSNDHA,white,style_0
TSHFK88EWJ6AYHSJ,white,style_0
TSHFQ37HKAJEAEYG,white,style_0
TSHFK88F5A4ZVWQM,white,style_0
SWSFVW6WQE6E44BK,white,style_0
TSHFQ37H5UJPMPAQ,white,style_0
SWSFVW6UC4M9YMWT,white,style_0
TSHFS4HVBEFVSZMX,white,style_0
TSHFU683HQ7N9FN8,white,style_0
TSHFU69FCVVAHT4B,white,style_0
TSHFS4HVDEVXUF2R,white,style_0
TSHFUH69CGQAEHZX,white,style_0
TSHFKGQ5DXGZWXPH,white,style_0
CAPFW42XNJVGFZMR,black,style_1
SWTFWG9QZCZZQBZH,white,style_0
TSHF5HGHUGCCGPF4,white,style_0
TSHFQ3D3FHRXGRGZ,white,style_0
TSHFK88FJ7N8Y24C,white,style_0
SWSFWE3HMWXZVKXW,white,style_0
TSHFUH9HG5ZHC6FS,pink,style_0
TSHF5HGGCWY6XENZ,white,style_1
TSHFS4HVQM6TFGWV,white,style_0
TSHFU683ZMQGH6NT,white,style_0
SWSFXQ5YX6RZKHP4,pink,style_0
CAPETCFNQH2DJRHM,gray,style_1
TSHFS4HV6HWJ7YSG,white,style_0
TSHFK88E4F5KE2CK,white,style_0
TSHFUH9PKWETBZZB,pink,style_0
TSHFY24URRHMHFFR,purple,style_0
CAPESRK4W4XEN2KA,white,style_1
SWSFVW6WQUVAQPQS,white,style_0
TSHFUBZMZWVNCZY5,white,style_0
TSHFSFRKFGN4HRYS,white,style_0
SWSFXQ5YWFDMATKE,white,style_0
TSHFUH9GPSY8GHSN,white,style_0
TSHF5HGHUR2UNFP3,white,style_1
TSHFKGPHKNKDBBVD,white,style_0
TSHFUBZRGDQZ2GHZ,white,style_0
SWSFVW6UJKZGCFBR,white,style_0
TSHFRYRGUJZF3TCG,gray,style_0
TSHFUH78DKDCSPEQ,gray,style_0
SWSFWEYZC9EEYB6E,white,style_0
TKPFWG9MKQ5H4X8N,white,style_1
TSHFKGQHD7NJU6DW,white,style_0
SWSF5R7F2ZYCZYKH,white,style_0
TSHFU68FEHDRHVSH,white,style_0
CAPESRK5FJS3QA6W,white,style_1
KTAFP76SDRMHYDRM,white,style_0
KTAFZPA5G69FHUVB,pink,style_0
KTAFZFFPFWZHT6UB,pink,style_0
KTAFZEFW7TFSTFVC,white,style_0
KTAFT5M4FWXZHSE6,gray,style_0
KTAFT5M4T9FJAPTB,gray,style_0
KTAFZFFPGPC5EQZS,white,style_0
KTAFZFFP54CXBCHY,pink,style_0
KTAFZFFPZVKCYV5T,white,style_0
KTAFZEFW5VYJYU5W,white,style_0
KTAFZFFP9HSJQJPT,white,style_0
KTAFZYBCVRUPJC7P,pink,style_0
KTAFZPA5RPWGUHHT,white,style_0
KTAFZFFPW5ZFEQQJ,pink,style_0
KTAFZPMDN5S58NW3,white,style_0
KTAFT5M46DBFHG63,gray,style_0
KTAFT5M4YGDQK4H3,orange,style_0
KTAFT5M4QD8RZYZF,pink,style_0
KTAFT5M4DKWTSPQR,white,style_0
KTAFZJX6ACH2QQ2S,pink,style_0
KTAFZDZHDU7HYS2K,white,style_0
KTAFZDZHRWBZVSSH,white,style_0
KTAFZPA5GRMYWAJ9,pink,style_0
KTAFZPA5Z4YZMTZZ,pink,style_0
ETHFZJMYFRRHGYQM,white,style_0
KTAFZPMDTGFHZM7F,gray,style_0
ETHFZJRZQCFVCAFW,white,style_1
KTAFT5M4ASTCZ7HQ,gray,style_0
KTAFZDZHHG7X5YKK,pink,style_0
SOCFTJRYBKHZ4DFD,white,style_1
TROE3N2GXGYWPZ3H,white,style_1
TFHE473PBHZAW4BZ,gray,style_1
JEAE92Z37UYPWPVB,white,style_1
TROE6N7BZ357QNXR,white,style_1
TROECJ9TTHBFUFYQ,white,style_1
TROE7KJ46HCGPU9H,white,style_1
TRODZZMJYWAGHTZU,white,style_1
TROE6N7BF6VPDYJF,white,style_1
TROE6GFX4PSY4SAH,white,style_1
TFHEFWV8H95JA5YD,black,style_1
TROE5UZHGPXTFRKK,white,style_1
JEAE6GBVY8SQQSUK,white,style_1
TRODYPCYP4GSG2RH,brown,style_1
TROEC9FGZTTAHD9E,white,style_1
TRODZZMJYWQTEGRY,white,style_1
JEAE6GBVWBWFBHMJ,white,style_1
TFHEFWV8GSPZRPWV,white,style_1
JEAFF87GRGZHK7TT,white,style_1
TROE6N7AJ8KGDWWH,white,style_1
JEAEM5P9XJXG5R69,white,style_1
TRODZS7YB4HGNFYG,white,style_1
TROE3N2FYUQWF8DX,white,style_1
TFHE9EW7BRTAVXUX,white,style_1
TROE6N7AEWT7DJHX,white,style_1
SRTECG6JDFFZVCVV,white,style_1
TROECJ9T4FHKB2DF,white,style_1
JEAFFAC6HRR6FNWF,white,style_1
JEAEAFZKT8GHSGNA,white,style_1
TROE3RJYZWQAEHGY,gray,style_1
TRODYPCYT5FT6BJT,white,style_1
JEAEM5P9JKUBAPE2,white,style_1
TROE7KJ4MHRYK3YJ,gray,style_1
TROF4PBHM7AFNHES,white,style_1
JEAFF87GNGZXFZGG,white,style_1
JEAFF9KRGCHDPK4Q,white,style_1
TROE3N2FAAGV3HSG,white,style_1
TRODYPCYQNWMZ7G2,gray,style_1
JEAEAFZKGFYW9ZUF,white,style_1
SRTE6GJDQNMU6JAP,white,style_1
TROE6N7A5ZFHPUKT,white,style_1
JEAE7KJ46AHYEXFH,white,style_1
TROE9B6H74FVVVEC,black,style_1
TRODYPCYVYUZH3MZ,gray,style_1
TROE6N7ADNPDDZM2,white,style_1
TROE3N2HXTQE9HVK,black,style_1
TROE3N2FVPSTJG7N,black,style_1
TROEC8WK4RTVGGVP,white,style_1
TROECJ9TXFHF5WSY,white,style_1
TROE9B6HRHMFTREG,black,style_1
TROE7KJ4DEU32EGV,gray,style_1
TROE3N2GYRB8XCXJ,black,style_1
TROEC8RBHA7HGYYG,white,style_1
TROE9B6H5HGRAMSF,black,style_1
TROEC998N5EUYEZZ,white,style_1
TROEC8ZBXRY6ZJMY,white,style_1
TROEC8ZBY7VRH8WB,white,style_1
TROEC9FGJDNTYREE,white,style_1
TROE9B6K34CKNAUW,black,style_1
TROEC8RAYBZ4DPGN,gray,style_1
TROEC8RBPSSFRMG7,white,style_1
TROE7KJ5DEBNXKGQ,gray,style_1
TROE6GFXGGGHFAYF,white,style_1
TROE3N2FTPPTVSGC,black,style_1
TRODYPCYB2AJQMVM,black,style_1
TFHEFWV8T85EVTDS,white,style_1
TROEC8RBZSV4YUMY,white,style_1
TROE6GFXVFG34AZZ,white,style_1
TROE7KJ5N4HFBTJY,gray,style_1
TROE7KJ5MUZTHZQP,gray,style_1
TROE7KJ6EEPAYYTT,gray,style_1
TROE7KJ5HDNJYTEW,black,style_1
SRTECG6KMZ4J8VUG,white,style_1
TROE26VM9YHH9A5Y,brown,style_1
TROE3N2FMJXHMTYU,white,style_1
TROEC8RB6GZ4S3ZP,white,style_1
TROEC98SGKM7F4SW,white,style_1
TROEC8V5CHCFYA2B,white,style_1
TROEC8RB2TXC754G,white,style_1
TROEC98X8MNEVQN5,white,style_1
TROEC8RBEZHJMUSP,white,style_1
TROEC8RBG695ADFN,white,style_1
TROEC8RBBWU8FFZQ,white,style_1
TROEC92SQBH3UN2R,pink,style_1
TROEC8Z3BQBMWHZS,white,style_1
TROEC9AYFTA6EFVZ,white,style_1
TROEC8RBA3ZHRSKG,white,style_1
TROEC8VBZ54R2ZHY,white,style_1
TROEC9AYD3MEGRAQ,white,style_1
TROEC8RBAYPTZDEW,white,style_1
TROEC8RBB4F4GFNN,white,style_1
TROEC8RBRFFNEYFY,gray,style_1
TROEC8RBYHPUT2ZA,white,style_1
TROEC8RBPCZH45BM,white,style_1
TROEC8RBXXWHSXCU,white,style_1
TROEC9FT3DC6NGED,white,style_1
TROEC9FPXZ2CKDAH,pink,style_1
TROEC98TSKB33YT9,white,style_1
TROEC8WF4D8SHDR5,white,style_1
TROEC8RBSZYFXG24,white,style_1
TROEC8RPSKHP8NPZ,black,style_1
TROEC9FPGWSFWZUT,white,style_1
TROEC9FSDKPHHKEN,white,style_1
TROEC98VZJ7BWWRM,white,style_1
TROEC98ZFMCYKTZA,white,style_1
TROEC98V89PUEKGA,white,style_1
TROEC98VNB8YW69Q,white,style_1
TROEC98WCJAU8QGC,white,style_1
TROEC9AYZYHQXRQK,gray,style_1
TROEC8UFRWV9BAHW,white,style_1
TROEC9955TTF9YRR,white,style_1
TROEC9FRDG8PYYTM,white,style_1
TROE7KJ5JEHJ7QKY,gray,style_1
TROE7KJ5DYH5QHZF,black,style_1
TFHE9EW7UEEEUZST,white,style_1
TROEC8RBGSAMENZY,white,style_1
TROEC9FQ7HZWFKRT,white,style_1
TROEC9FSDKPHHKEN,white,style_1
TROEC9AYZYHQXRQK,gray,style_1
TROE3RJY7ZMUGEJN,gray,style_1
TROE7KJ47QDDSJR3,gray,style_1
TROEC8RBB4F4GFNN,white,style_1
TROE7KJ5HJMHVRKT,gray,style_1
TROE7KJ4SZQEH3KA,gray,style_1
TROE7KJ44BANVKQU,gray,style_1
TROE3RJYRBDVJHHG,black,style_1
JEAFFAC5JTGRGRED,white,style_1
JEAEM5PAZBWUVN99,white,style_1
JEAEHGRJSGGYEYYX,gray,style_1
TRODYPCYGDUBZEVP,gray,style_1
JEAFFAC8KYHG2ZBF,white,style_1
TROEC98RXRCMHVXY,white,style_1
TROEC8RAXSRGGHZX,white,style_1
TROEC8RPUZYGFDZF,black,style_1
TROEC98UVFHBKDQV,white,style_1
TROEC93EZFQSAZ5F,white,style_1
TROEC9FG24T2HFMN,white,style_1
TROEC8RBDZJJAXB2,white,style_1
TROEC8VT5BYGYZH3,white,style_1
TROEC8ZFTZWTEH96,gray,style_1
TROE9B6MPTHDJ8ZS,black,style_1
TROEC995ZEUSURGN,pink,style_1
TROEC8RBCGNSEB9B,white,style_1
TROEC8RBZ7DFFRGJ,pink,style_1
TROEC98UVVBGVZMW,white,style_1
TROEC8RBJKHPRUU3,white,style_1
TROEC8RAYSSPX3VG,white,style_1
TROE9B6Z8HUSPXXY,black,style_1
TROEC8VTCEGZCUPX,white,style_1
TROEC92JWYBFTJDG,white,style_1
TROEC99YQSQSRSZB,white,style_1
TROEC8RBBZRQ4U7G,white,style_1
TROE9B6MVJFCM9NJ,white,style_1
TROEC8RAQYS7QAFU,gray,style_1
TROEC8RBWZWSAZGS,gray,style_1
TROE9B6NFGPZ3CBV,black,style_1
TROEC8VKUWAGFQRH,black,style_1
JEAFF87GVUTFGSDE,black,style_1
JEAFFAC5FQ3DNP7Q,white,style_1
TROE3N2GPUXDN4KR,black,style_1
TROEC9FSNDQEWFJM,gray,style_1
TROE6FTZKWGSXHDG,white,style_1
TROE3RJYYG4PQHAZ,gray,style_1
TROE6NX6H3UK3YAE,black,style_1
JEAFFAC6NFCVG2WB,gray,style_1
JEAE7KJ4GGPHRBYE,white,style_1
TROE3N2HE5YNAMP3,pink,style_1
TROEFUFUBX7VVXFA,white,style_1
JEAFFAC6B7ZQCYGF,white,style_1
TROEFZ4TQ7UQUYWH,black,style_1
JEAFFAC9ZZ6YSGDZ,white,style_1
TROE9B6GEHCE4YFP,white,style_1
TROE9B6JVKFH8WTM,white,style_1
TRODZZMJCG9AZPPJ,white,style_1
TROE9B6JRGZGQ7ZV,black,style_1
TROE6NX63G5TK7WD,black,style_1
TROE3N2FPURUG9JY,white,style_1
TROF4X4D4SPG9DWW,white,style_1
TROE3SMHNH5N5MVY,white,style_1
TROE3N2GJFFMTUFA,white,style_1
TROE3SMHSUGMRGFH,white,style_1
JEAEEVEQUPC3MHYK,white,style_1
TROEFUFU3DCZFBHG,black,style_1
TROE7KJ4ZXWMNCVA,black,style_1
TFHE2PPVF4JKGNTE,white,style_1
TROEFUFUGZFWNRGC,black,style_1
JEAF6FGAHRQDGEHJ,white,style_1
TROE3SMMBT2VGBHS,white,style_1
TROEFZ4PGRHEASYB,black,style_1
JEAFFAC8NDFRH35D,white,style_1
JEAFF87GFTNXY4CH,white,style_1
SOCFZ7GFAZGYZGR7,white,style_1
TSHFD2UKFS54W39Z,white,style_0
TSHF8C9ZBKPDSDHE,gray,style_0
TSHFD2UKAGR5DS4V,brown,style_0
SHTFWAPA6WVNRVTB,white,style_1
SHTFTK76NMTN7HRP,gray,style_0
SHTFTMXNCGUJ9ZQR,gray,style_0
SHTFTKWNCSAWZAA3,gray,style_0
SHTFTKWPKG48VVFK,gray,style_0
SHTFWAPE7JBHMCSH,pink,style_1
SHTFWAPEJH38CHUB,pink,style_1
SHTFWAP7QQ3URQXY,white,style_0
SHTFTMXZ3HAEBZJJ,gray,style_0
SHTFWBWERPFHWCQ9,pink,style_1
SHTFTGV4VSEVRQ9H,gray,style_0
SHTFTJW9BUDMGUGV,gray,style_0
SHTFTJWAV7JGQHCB,gray,style_0
SHTFTJWB5PUSRMAC,gray,style_0
SHTFTJWCPVTWGBYW,gray,style_0
SHTFWAP7ZH9WTBQH,pink,style_1
SHTFWAPEPJTCWTBZ,pink,style_0
SHTFWAQCKZYEZ8ZZ,white,style_0
SHTFTJW9N7HR4Z5R,gray,style_0
SHTFWASRM3HZVZYC,pink,style_1
SHTFWAP7GH6TUU7F,white,style_1
SHTFTGV4HRGGY4Z7,gray,style_0
SHTFTGV4UGTG5HZH,gray,style_0
SHTFWAPAHHJ8QJNY,white,style_0
SHTFW9RHEZUFRMZP,white,style_1
SHTFTK76FUYYGKXK,gray,style_0
SHTFW9RHNFZYYETA,white,style_0
SHTFW9RHGPJ9QWD6,pink,style_0
SHTFW9RHB8TG3BXY,white,style_0
SHTFTK76BEPJKDZ7,gray,style_0
SHTFTGV4ATUQYVWY,gray,style_0
JEAF8HYN5B9ZU6FP,white,style_1
JEAF2QF69NDUMPEK,white,style_1
JEAF2QF6HNZHDXVX,white,style_1
JEAF8HYNUMGZMQU5,white,style_1
JEAFJM2P2FQQJF3C,white,style_1
JEAFJM2PHHPFTAH8,white,style_1
JEAFJA4M7SMZN2XJ,white,style_1
JEAEVJGUSXRNSHRY,white,style_1
DHTFH6XZRZNVT268,white,style_1
DHTFM6KCTEHF767Z,pink,style_1
DHTFH6Y8UG4WWTWJ,pink,style_1
DHTFNFMQSYMEVGXU,white,style_1
DHTFKBZCQ5GH9GUG,pink,style_1
DHTFM6KFTGQFYXNP,pink,style_1
DHTFM5BCFK3NPHK2,pink,style_1
DHTFJND2GDEBFHZH,white,style_1
DHTFJNFEJBARS7ZK,white,style_1
DHTFNAHHQ4ACUZPW,pink,style_1
DHTFKCPUXCFYQMFZ,white,style_1
DHTFK3WZGRQYUAAS,pink,style_1
DHTFGJ64GYGVMJ7V,yellow,style_1
DHTFKFCFD68RYGKU,white,style_1
DHTFKFDEMEZYF3GY,pink,style_1
DHTFKGX2GEZCX4FH,orange,style_1
DHTFM6KBJYRAPKZY,pink,style_1
DHTFH5RY79GKY63Z,pink,style_1
DHTFKFGAPEGFH5AQ,orange,style_1
DHTFH5PNHK7NSARQ,gray,style_1
DHTFKEX3Y3ST7WGC,white,style_1
DHTFKKCMFYMZZKDU,white,style_1
DHTFH5RYVSFZXPJU,brown,style_1
DHTFKGQGSHFDSERZ,pink,style_1
DHTFKFFSQJDVGEXZ,orange,style_1
DHTFGJ6QHBZXSNHC,orange,style_1
DHTFKGX7CJ5AFXFG,gray,style_1
DHTFKKGGCMNWZZ8Y,brown,style_1
DHTFKGW83YEW9BKD,brown,style_1
DHTFKFBSVKDFPSZ4,brown,style_1
DHTFHA8BPNPY4ZSB,white,style_1
DHTFNCANPD6ZYCGD,brown,style_1
DHTFNCEGNBS9GJDJ,brown,style_1
DHTFKFF2TNPMC6KV,white,style_1
DHTFKKZYR2DNQ7JG,green,style_1
DHTFHC4ZXRFVSMTG,green,style_1
DHTFKGW9WNASNXDP,green,style_1
DHTFNCEEKFHA8VPZ,pink,style_1
DHTFNAHC4BK8YTT3,pink,style_1
DHTFKGEYZWET2MHV,pink,style_1
DHTFH5R3VNKHWCJW,gray,style_1
DHTFKEYW84PCFZHN,brown,style_1
DHTFJNDQVK69ZZGS,white,style_1
DHTFH5PFVKQUMVYS,gray,style_1
DHTFN3SXH9ZFRMWG,pink,style_1
DHTFH5PXHNPE3CQ3,brown,style_1
DHTFHC4ZB728NSZG,brown,style_1
DHTFHFH3QRVEGMTK,pink,style_1
DHTFKHEZT7CNUSPQ,orange,style_1
DHTFKEV6MRFX7UBR,orange,style_1
DHTFN3S8CRDSGKGH,pink,style_1
DHTFKEZXWUXY94N2,gray,style_1
DHTFN3STBN6SGXBX,pink,style_1
DHTFKHEMZWNXHGEJ,orange,style_1
DHTFNCEGDFUZESG5,pink,style_1
VESFERNJG4ZBV7Z4,gray,style_0
VESFJVVHHH3ZZAWH,gray,style_0
VESFF4SV6PAPEGM7,gray,style_0
SWSFX6YFVPVXUFVX,black,style_0
VESFK4V4ZWB8GWQG,gray,style_0
VESFF4SWHKW5VBQQ,black,style_0
TKSFX6R6HZHFVJM4,black,style_0
TKPFHZH53TZHKGCQ,white,style_1
SWSFX6YYWB2GNVGG,orange,style_0
TSHFHSNHYGHNUWCB,gray,style_0
TKPFHZH7CYDMURHX,white,style_1
TSHFHSNHMNTY8J5Y,gray,style_0
VESFVMBPBTGJZFJW,white,style_0
SWSFX6YFGFYBYURX,black,style_0
TSHFMAGH9ZSCNDYN,white,style_0
TSHFJVAUPG9QNRYG,black,style_0
SWSFX6YF2JZK28GD,black,style_0
SWSFX6YF5W8BGWZA,black,style_0
SWSFX6YYKSUKMFYC,gray,style_0
SWSFX6YF7FHMYVDX,black,style_0
SWSFX6YYZEWHAQJU,orange,style_0
TSHFWYWDECAQXVM5,white,style_0
VESFF4SERHZEZG4U,brown,style_0
SWSFX6YFPKWAQKVE,black,style_0
TSHFWZY5KMZHVGBH,white,style_0
TSHFWYWMKVRXU9H3,black,style_0
TGTFDWGEJCUYTHUN,white,style_1
SWSFX6YYCCNRQKMK,gray,style_0
SWSFX6YYZVHTFNZ9,brown,style_0
SWSFX6YYNS7YVAFH,orange,style_0
TSHFWYWMZGD55G6P,black,style_0
SWSFX6YFFSZZANHX,black,style_0
TKPFVMDHJK6VUYRW,white,style_1
TSHFWYWDZSUC2U7Z,white,style_0
SWSFX6YYXWGEVDZW,brown,style_0
TSHFWYWEKFSNHFFF,black,style_0
TSHFWYWDHRHKYZHC,black,style_0
SWSFX7UFQXV4BFTF,brown,style_0
TSHFWYWDKRXQX5RF,black,style_0
TKPFVMDKFKNQRZGG,white,style_1
TSHFJVVEDZKWSEHG,black,style_0
TSHFWYWGEDBM2KEE,black,style_0
TSHFWYWEACYX248Q,black,style_0
TSHFWZY3JHNBDWVM,black,style_0
TSHFWZY3GQUDBFD3,black,style_0
SWSFX7UFTDHVRAGA,brown,style_0
TSHFGQQY3GMUGNXE,white,style_0
TSHFJVWEYKVAZBRN,white,style_0
TKPFVMDE2RGGATZT,white,style_1
SWSFX7UFC2JA42KS,brown,style_0
TSHFDVE6GN2R3JST,brown,style_0
SWSFX6YYPCV87HUA,brown,style_0
TSHFJVWEFZTCY4SJ,white,style_0
TKPFVMDKBZXARFGH,white,style_1
SWSFX6YYJXXZJPHM,gray,style_0
VESFJVAUSUSWFFVY,gray,style_0
SWSFX6YFF8ECFS3Z,purple,style_0
SWSFX6YFFYEKZDKE,black,style_0
SWSFX6YYFZCYYTNC,gray,style_0
SWSFX6YFWMAFYQ6Z,brown,style_0
SWSFX6YF6DQHREKH,black,style_0
SWSFX6YFCGQ2ZF3B,purple,style_0
SWSFX7UFS8UC8JBW,brown,style_0
SWSFX6YF6QNZHESC,white,style_1
SWSFX6YYNUYNFEYP,brown,style_0
SWSFX6YYCCBX2YKQ,gray,style_0
SWSFX6YYRH4GEZKP,orange,style_0
TSHFDVEAWY7FKXJQ,black,style_0
SWSFX6YFHAR3BYXS,purple,style_0
VESFJVVHWZPDSRUF,gray,style_0
SWSFX7UFSEWDD6RG,brown,style_0
TKPFVMDK4GZBDGH3,white,style_1
TKPFVMDHR7FQZSEC,white,style_1
SWSFX6YY6HXGVJBG,gray,style_0
TSHFHTGWAZUSMYHF,white,style_0
TSHFHTGWHHFHGCBJ,white,style_0
TSHFHTGW34QUWHWR,white,style_0
SWSFX6YFDGEJEN9G,brown,style_0
SWSFX6YFQYPP3JEB,brown,style_0
SWSFX6YFEAFMKV3T,white,style_0
SWSFX6YFYCXKBWBG,white,style_0
TSHFWYWEKUSZ6YKY,white,style_0
TSHFWYWDH4V9SRPE,black,style_0
SWSFX6YFK2M3WVGG,brown,style_0
TSHFWYWMPEWFAGPJ,brown,style_0
TSHFWYWGC9PBSSGG,brown,style_0
VESFJVVHKWZT6ZA2,gray,style_0
TSHFWYWDYEZPFGPB,white,style_0
TSHFWYWEZCF9WHTF,black,style_0
TSHFWYWDM2DJXHEV,gray,style_0
SWSFX6YFZBG9DT9Z,purple,style_0
TSHFWYWE3EXFZRAW,black,style_0
TSHFWYWMXMYVV7FG,black,style_0
TSHFHTGWX3BKCWQS,white,style_0
SWSFX6YFYFMBG84C,white,style_0
TSHFWYWDXVV28MUA,white,style_0
TSHFWZYFCPJ9MFZX,black,style_0
TSHFWYWDXGVAFWGG,brown,style_0
TSHFWYWDMBRQSXH3,orange,style_0
TSHFWYWE9JTNWFHX,black,style_0
TSHFHTGWHGBQPY76,white,style_0
TSHFWYWZGGHVEGAM,white,style_0
TSHFWYWGBYRNEMTH,pink,style_0
TSHFWYWGVF5GZ2AM,black,style_0
TSHFWYWEYBKDVWZJ,black,style_0
TSHFWYWE7XDHHNMB,brown,style_0
TSHFWYWMCYMJKHXV,black,style_0
TSHFWYWMV2YSXCVR,white,style_0
TSHFWZY4TTXBHEMF,black,style_0
TSHFWZY2QY4HNP9E,black,style_0
TSHFWYWD3PWYVA8Y,black,style_0
TSHFWYWDKTJFXTMR,pink,style_0
TSHFWZY4W9HBAGJE,pink,style_0
TSHFWYWMC9MSXZFZ,black,style_0
TSHFWYWDDTGKNSNJ,black,style_0
TSHFWYWGHUUPQNFC,white,style_0
TSHFWZY4WN2JYFY2,orange,style_0
TSHFWYWE5XCF5ZQE,gray,style_0
TSHFWYWE7TUFGHEW,brown,style_0
TSHFWYWDSPJFVDXS,white,style_0
TSHFWZY3HSGVEGTG,pink,style_0
TSHFWYWMTBRSNTS5,pink,style_0
TSHFWZY5WPYQPHWB,black,style_0
TSHFWZY2JF8HXVGW,gray,style_0
SWSFX6YFHH8GYK3Z,white,style_0
TSHFWYWDBA92WH5V,white,style_0
TSHFWZY3Y6DTMRHU,brown,style_0
SWSFX6YFCRZXKWZS,purple,style_0
TSHFWZYYYRRDNJFJ,white,style_0
TSHFWYWDJHAZEQFZ,black,style_0
TSHFWZY5QHQEBG6P,gray,style_0
TSHFWZY4KMS7B6UV,white,style_0
TSHFWYWEHEYWP4HT,pink,style_0
TSHFWYWGZUZYAXN8,white,style_0
TSHFWZY3HGGFTHE2,brown,style_0
TSHFWZY53HZZJP9W,pink,style_0
TSHFWYWM9WHETZ3F,black,style_0
TSHFWZY3ZRKBGBFH,black,style_0
TSHFUYYGB2SFVDW3,black,style_0
TSHFWYWM7QFZZYHX,brown,style_0
TSHFWYWEKKGBEPB9,brown,style_0
TSHFWYWED4TGCUW2,gray,style_0
TSHFWYWGGYHE9KSZ,gray,style_0
TSHFWYWEHK2WZHXF,gray,style_0
TSHFWYWESVYPYVYR,black,style_0
TSHFWYWEDZVGGKFH,orange,style_0
TSHFWZY3ENYE97GC,black,style_0
TSHFWYWDZBDGHFQG,brown,style_0
TSHFWYWDVYDPV4FG,white,style_0
TSHFWZY4YXXBTFH9,black,style_0
TSHFWYWDG8GYZPWG,brown,style_0
TSHFWYWFT7FSTHYH,gray,style_0
TSHFWYWDZDVHKNX7,black,style_0
TSHFWYWDG8CFUGA5,gray,style_0
TSHFWYWES9PCPSWJ,white,style_0
TSHFWYWGGVFFUUXB,black,style_0
TSHFWYWDVFJZNVRN,gray,style_0
TSHFWZY38DYN972H,brown,style_0
TSHFWYWMBZGMCHPZ,brown,style_0
TSHFWYWEDWZGR2HW,gray,style_0
TSHFWYWM3YYZEBQE,brown,style_0
TSHFWYWDXDAZF7JQ,pink,style_0
TSHFWZY2QZHJBPZZ,white,style_0
TSHFWYWHDWQFNRX2,gray,style_0
TSHFWYWDW7QVNDDP,black,style_0
TSHFWYWG4HCKAQQ2,black,style_0
TSHFWYWME5GEQJXF,pink,style_0
TSHFWZY49VSN6AUA,white,style_0
TSHFWYWDZFH9EFUK,pink,style_0
TSHFWYWETYEK3GAT,white,style_0
TSHFWYWDRCGTJPHP,gray,style_0
TSHFWYWG6RAKR7BW,gray,style_0
TSHFWZYFNT4JU3AX,black,style_0
TSHFWZY2NGK6YYGA,gray,style_0
TSHFWYWMHGHTAUZE,pink,style_0
TSHFWYWD3P3ZRGHZ,brown,style_0
TSHFWYWDM7PCZGVQ,gray,style_0
SWSFX6YYSCH35QWA,gray,style_0
TSHFJY9WGNMZKYKT,white,style_0
TSHFDVE7TCYGZMM4,white,style_0
SWSFX6YFNQBDJBVZ,white,style_0
SWSFX6YY2CTQG2ZR,gray,style_0
TSHFWYWMZRH6PF8Y,white,style_0
SWSFX6YF6JKKVNBP,black,style_0
SWSFX6YYNKSJWGTJ,gray,style_0
TSHFHTGBHE7HGXKT,white,style_0
TSHFHTGBXB3ENHWH,white,style_0
TSHFHTGGPM7CZMZU,white,style_0
TSHFHTGGHEHSW2VX,white,style_0
TSHFHTGGYAZKDG6G,white,style_0
TSHFHTGGUAHXZQEU,white,style_0
TSHFHTGGKMW9CUBC,white,style_0
SWSFX6YYDZAVZ5JA,gray,style_0
TSHFGDHHYF7X7GQB,gray,style_0
VESFF4S9MG88UTNH,white,style_0
TSHFHSRCFYRC3YS2,gray,style_0
TSHFHSRC2MYYJNCD,gray,style_0
TSHFDVRZSAPRDSEW,white,style_0
TSHFJVARGGTJTUYV,black,style_0
TSHFDVE88Q6YJRXT,black,style_0
TSHFGQQYWJJGTBGD,white,style_0
TSHFJVWEFZTCY4SJ,white,style_0
TSHFDVE7EJG8AYY9,white,style_0
TSHFHTGU23ZYCJ84,white,style_0
TSHFJVWFNSR28NZM,black,style_0
TSHFHTGGNH2HE6AA,white,style_0
TSHFHTGKHFUHK85E,white,style_0
SWSFX6YFRQWPVG7P,white,style_1
TSHFHTGKR6WZPYK2,white,style_0
TSHFHTGGGNAYNTGM,white,style_0
TSHFHTGKXCZFQV6C,white,style_0
TSHFHSRCUBRZTRKH,gray,style_0
TSHFHTGUWGNGGSRC,white,style_0
TSHFHTGGQFHJQHHC,white,style_0
TSHFHTGB7UY3UQYH,white,style_0
TSHFHTGUH8NH7XFJ,white,style_0
TSHFHTGGKMW9CUBC,white,style_0
TSHFGDHHYF7X7GQB,gray,style_0
VESFF4S9MG88UTNH,white,style_0
TSHFHSRCFYRC3YS2,gray,style_0
TSHFHSRC2MYYJNCD,gray,style_0
TSHFDVRZSAPRDSEW,white,style_0
TSHFJVARGGTJTUYV,black,style_0
TSHFDVE88Q6YJRXT,black,style_0
TSHFGQQYWJJGTBGD,white,style_0
TGTFDWGEJCUYTHUN,white,style_1
TSHFDVE7EJG8AYY9,white,style_0
TSHFHTGU23ZYCJ84,white,style_0
TSHFJVWFNSR28NZM,black,style_0
TSHFHTGGNH2HE6AA,white,style_0
TSHFHTGKDZHGH9K9,white,style_0
TSHFHTGKHFUHK85E,white,style_0
SWSFX6YFRQWPVG7P,white,style_1
TSHFHTGKR6WZPYK2,white,style_0
TSHFHTGGGNAYNTGM,white,style_0
TSHFHTGGNPH5GGFD,white,style_0
TSHFHTGKXCZFQV6C,white,style_0
TSHFHSRCUBRZTRKH,gray,style_0
TSHFHTGUWGNGGSRC,white,style_0
TSHFHTGGQFHJQHHC,white,style_0
TSHFHTGUH8NH7XFJ,white,style_0
TSHFHTGBACJZTSDT,white,style_0
TSHFHTGBDQFXJGSR,white,style_0
TSHFHTGKJ4R5YZ5H,white,style_0
TKSFX6R63XJPVFM6,white,style_0
TSHFHTGUFUSJENQS,white,style_0
TSHFGRPUCCHHXQGZ,gray,style_0
TSHFDVE7KSGUJHWY,white,style_0
TSHFDVE6NYHWHMHK,pink,style_0
TSHFGDHHBJFQTAQA,orange,style_0
TSHFDVE8XCKVY8FH,black,style_0
TSHFJVAXBDTDZXJZ,gray,style_0
TSHFGRPUSZENU43E,gray,style_0
SWSFX6YFTYVGZTYH,white,style_1
TSHFHSNHTVWUGW2Y,gray,style_0
TSHFGQQYCNYKBGEH,white,style_0
TSHFDVEANFH3PZW7,white,style_0
SWSFX6YFKZYXGUKW,white,style_1
TSHFJVAZ2SSMFJX4,black,style_0
TSHFHSNAWYBWNTQQ,white,style_0
TGTFDXFVCT5KUHH4,white,style_1
TSHFGQR3DFJCADZX,pink,style_0
TSHFDVE6SFMZTHHF,brown,style_0
TSHFHSNHKMJGR2YW,gray,style_0
TSHFHSNAHGCYZYYF,white,style_0
TSHFDVE7CYXJGFEB,white,style_0
TSHFDVE75ACHFCNP,gray,style_0
SWSFX6YYUVBYMRZQ,brown,style_0
TSHFGRPUFSQH3CSQ,gray,style_0
TSHFJVATSKB6M3V9,pink,style_0
TSHFGQREHPCMP6VJ,pink,style_0
TSHFDVE6JNWBGJ2W,white,style_0
TSHFGDHMEVFWNNBZ,orange,style_0
SWSFX6YFGKSGHBKJ,black,style_0
TSHFGQR3EBHRFHS4,pink,style_0
SWSFX6YFHHWMSHYN,black,style_0
TSHFGQQYHJAW6BTK,white,style_0
SWSFX6YF9MTCYHGM,black,style_0
SWSFX6YFMYFGGHZ4,black,style_0
TSHFGRPU3FZJFPWZ,gray,style_0
TSHFHSRCSY3VFWTV,gray,style_0
TSHFGQR3HNMNM9HE,pink,style_0
TGTFDXFVM6999GPH,white,style_1
TSHFHSSNAKVBTZJG,pink,style_0
TSHFHTGUQBXMZR6W,white,style_0
TSHFGQREFGZGXFPY,pink,style_0
SWSFX6YFJXM9THGY,black,style_0
TSHFDVE67DZXVDGJ,gray,style_0
TSHFGQREYHXENFDM,pink,style_0
TSHFGQREVW9HHAU3,pink,style_0
SRTFSVY5NUGQYJFV,white,style_1
SRTFGEJYP9WFRKZT,black,style_1
TRKFEYQ4ZJC4ZCPY,white,style_1
SRTFSVY599GCJN5A,white,style_1
BRFFR6T5GNS8VHHR,pink,style_1
TRKFEYQ4PYVVZUBQ,pink,style_1
BRFFDY7HQ9WDFVT2,white,style_1
BRFFDY7HW9QBXGUW,pink,style_1
TKPFVFXWYSGTGBHV,white,style_1
TSHFRCDKBJFJ9PRY,white,style_0
SRTFGEG6EXEZXQYX,pink,style_1
BRFFDY7H9H76F7EU,pink,style_1
SRTFSVY59NGZMZDU,white,style_1
SRTFSVY5XQFGWRZ7,white,style_1
BRFFR6T5YFZBN58U,pink,style_1
TRKFEYQ4SFDYRSTG,pink,style_1
SRTFSVY5JMB7GPZ8,black,style_1
BRFFDY7HFQCSEV4G,pink,style_1
BRFFDY7H5BYHJXEF,pink,style_1
BRFFDY7HYUMCJCKD,pink,style_1
SRTFSVY5Q2GZGFSD,black,style_1
TSHFRCDKSEZWYQ2C,gray,style_0
TKPFWGMHHWY6WZFD,white,style_1
BRFFDY7HCFZ5HBYB,pink,style_1
TKPFWGMHZKUBSPG9,white,style_1
TRKFEYQ4WSFVYQY2,white,style_1
BRFFR6T5RKNKDZZT,pink,style_1
BRFFR6T5GS8WUGDN,pink,style_1
TSHFR9ZP34QGHGAX,black,style_0
TSHFRJ4JMCY8ZHZD,black,style_0
SRTFWDDYPZAJPJ9F,gray,style_1
BRFFDY7HVM6QBTSR,pink,style_1
BRFFDY7H7HFQQGNH,pink,style_1
SRTFSVY5AMQPHNMA,white,style_1
BRFFR6T5FBX6QBDF,pink,style_1
TSHFRJ56RKE7QY4Z,gray,style_0
BRFFSWHHYXVZQ5BP,pink,style_1
TSHFR9ZRAGTY3HMA,white,style_0
TSHFRJ56RUGFRGCA,orange,style_0
TKPFBEXWCWG4FDBC,white,style_1
SRTFVXWH44WVYC3E,pink,style_1
BRFFDY7HGYZXSHY9,white,style_1
TSHFRJ4JHZZXNZP3,black,style_0
TKPFC2CQGEVBW6WM,white,style_1
TRKFSWG52XPHQJZ5,white,style_1
TKPFBEXXK53UPWGE,white,style_1
TKPFBEXWMNPYSMYZ,white,style_1
BRFFR6T58GHPZRHV,pink,style_1
TRKFEYQ9DGGZ8DXQ,pink,style_1
BRFFR6T5XYYDHCBS,pink,style_1
BRFFDY7HZHTNHGH9,pink,style_1
BRFFR6T5FHREZKRG,pink,style_1
SRTFSVY5XFZRATU8,white,style_1
TSHFR9ZRCAQU6GEN,pink,style_0
BRFFR6T5QWGWYQPV,pink,style_1
BXRFVFNGJUHZ6QFK,pink,style_1
SRTFVBMMAQQPGNQN,white,style_1
TSHFRCDKD9W8WJR7,blue,style_0
SWSFBCZBYMGFCKHA,gray,style_0
TSHFGJB5NYGGUXR5,white,style_0
BRFFR7WNF5BEWZDV,pink,style_1
TSHFT3NCMHHAZTVC,pink,style_0
TSHFGJB5NZKTEU4H,brown,style_0
TSHFR9ZPER4GUBVH,white,style_0
TKPFWGMH448EGQTF,white,style_1
TKPFVFXWZKXWARFU,white,style_1
BRFFDY7GBGX8WXJE,pink,style_1
TSHFT3NCYUKYTBGP,pink,style_0
TSHFSP8KCNAVMUZA,white,style_0
TRKFEYQ495KMYVVG,pink,style_1
SRTFSVY5ZAQ5UAQV,black,style_1
SRTFVXWHUUQKY74E,white,style_1
TRKFEYQ9NDQHV7HM,white,style_1
TSHFGJB5CJM9GFSK,white,style_0
TSHFWFRDVHWKG9GP,white,style_0
TSHFR9ZZBGXUHH4H,white,style_0
BRFFR7WNGUDDQJUP,pink,style_1
TSHFGJBYHV8BCUMA,white,style_0
TSHFGJB5BMWGRXXC,gray,style_0
TSHFGZP2FUQMY8G2,white,style_0
SRTFGEG6ZSCUWGJB,gray,style_1
TSHFGZP2MW4HZHYJ,white,style_0
TSHFTUEFZKDPVAAK,pink,style_0
SRTFSVY5NRSVVMTS,black,style_1
BRFFR7WN5XFHPGQY,pink,style_1
TSHFT3NCGGJ2ABCD,black,style_0
TSHFR9ZZDGRFZYDZ,black,style_0
TSHFWFRDTK6ZFAPY,white,style_0
TSHFWFRDXZGACG6T,gray,style_0
TSHFR9ZRPHNEVPBY,black,style_0
SRTFSVY5HZKVMDH9,white,style_1
TSHFGJBYPSHDH7ZK,white,style_0
TSHFGJBYZQWDEARH,gray,style_0
TSHFGJBYR8ZJGXY8,gray,style_0
TSHFGJBYXHYNPYRP,gray,style_0
SRTFVBMMZXZZU9CU,white,style_1
TSHFGJBY6YFK79XW,white,style_0
TSHFSP8KHF5HU4VA,white,style_0
TSHFSP8KKQHEUX7Z,white,style_0
TSHFGJBYQWQAA5ZN,gray,style_0
TRKFSWG5DHHCCBNZ,white,style_1
TSHFGJBYY45SHBAG,gray,style_0
TSHFGJBYKFNZFBYS,gray,style_0
TRKFSWG5HAWH3XPG,pink,style_1
SRTFGEG6FNGRUE4C,gray,style_1
SRTFGEG6NBHH7NWX,gray,style_1
SRTFSVY5AAPS6DNS,white,style_1
TSHFR9ZRQ6HYHKGF,white,style_0
TSHFRJ5FSG5XPHAS,pink,style_0
TSHFGJB5ZGGPZHGM,gray,style_0
TSHFGJBY2RRZZJQG,white,style_0
TSHFGZP2FYXFEGP9,gray,style_0
TSHFGJB5PTCK6UEU,black,style_0
BXRFWEARJN26VJYH,pink,style_1
TSHFGJB5PFXWRTRH,gray,style_0
TSHFGJB565CDRP2A,pink,style_0
SRTFVBMM6ZJU6DSS,white,style_1
SRTFVBMMSHFZSH68,white,style_1
TSHFGZP2Q8ZTZCGN,gray,style_0
TSHFGJB5ZN5RGHZZ,black,style_0
TSHFRJ4JPGQVMK8R,pink,style_0
SRTFVBMMPZWTJ7EZ,white,style_1
BRFFR7WNHFZZYGGW,pink,style_1
TSHFT3NCRZGH8QZ2,black,style_0
SRTFVBMMA7TARPHB,white,style_1
TSHFWFRD2EFUXSDJ,gray,style_0
BRFFR7WNNWECSE8Z,pink,style_1
TSHFWFRDGYDEFDYJ,white,style_0
TSHFWFRDKGQDHYAH,gray,style_0
TKPFWGMH6R4XJSYC,gray,style_1
TSHFT3NCX83HC8CW,black,style_0
TSHFR9ZPDPGUEGP3,pink,style_0
TSHFWFRDCQG4SGJF,gray,style_0
TSHFWFRDQBHTHPGU,gray,style_0
SWSFAQFYAFMGYHDH,pink,style_0
TSHFR9ZRBMGNHFGA,white,style_0
TKPFC2CQHFWHRPWW,white,style_1
TSHFWFRDHUFMSRQT,white,style_0
TSHFT3NCBQC9QWNZ,gray,style_0
TSHFR9ZRBGTZXXXZ,purple,style_0
TSHFRJ5FMKPHNHK6,gray,style_0
SRTFVBMMKHR6TZGG,white,style_1
TSHFGZP2GSMRWEZW,white,style_0
TSHFGJBYQQD6DCSE,gray,style_0
TSHFGJB5QYGBQ8FA,brown,style_0
TSHFRJ4JQQYBGMSA,black,style_0
TSHFGJB5VTCBZXJD,pink,style_0
TSHFGZP2NA2NTZP3,white,style_0
TSHFGZP25GPEY3DK,gray,style_0
TSHFGZP28A3DTWUA,gray,style_0
TSHFGZP28Z6YUHQ8,gray,style_0
SRTFGEJTH98NUNQC,black,style_1
TSHFGZP2H2MAYRGW,gray,style_0
TSHFGJBYWW425HFP,gray,style_0
TSHFGZP2UMURJVDW,gray,style_0
TSHFGJB5HHAVHZRZ,pink,style_0
TSHFGJB5MMMQHGMU,brown,style_0
TSHFGJB5S4ZYHGUC,white,style_0
TSHFGJB5QCTWYZED,gray,style_0
TSHFGZP2TYMGZRAT,gray,style_0
TSHFGZP2NMGJ5PG8,gray,style_0
TSHFGJB5B5CTHDBC,pink,style_0
TSHFGZP28GVBGSMG,gray,style_0
TSHFGZP22PHZMR2Z,gray,style_0
TSHFGZP2CZTC7SFZ,gray,style_0
BRFFR7WNMMJQZZQQ,pink,style_1
TSHFR9ZRAARZVVKU,white,style_0
TSHFGJB5B9VQ7ZCW,brown,style_0
TSHFR9ZPM97EYKH3,white,style_0
SRTFWDH4NU4V3QTY,white,style_1
TKPFVFXWBYEYSZW5,white,style_1
TSHFGJB5HGT3SUKG,black,style_0
BRFFR7WNBHUVZ4NY,pink,style_1
TSHFWFRDE9ZFVFM4,white,style_0
TSHFT3NCPHHEHR6Z,gray,style_0
SWSFATS4WGGZHSBT,gray,style_0
TSHFRJ4JSZTXWGDJ,white,style_0
TKPFVFXWRGUGBNY9,gray,style_1
BRFFDY7HBGH9FG7G,white,style_1
SWSFBCZAJEFJZGFV,purple,style_0
SRTFSVY5YRCHFUVU,black,style_1
SWSFATS4Y9ZKZKRY,pink,style_0
TSHFWFRDPJG59AHY,white,style_0
SRTFSVY5NP74KWXT,white,style_1
BXRFVFNGHKN8MRPZ,white,style_1
TSHFR9ZRFXGATYUG,black,style_0
BXRFTRYP5BZG5B44,white,style_1
SRTFGEJTZYTBVXCQ,black,style_1
TSHFT3NC6MHGA8J2,white,style_0
SRTFGEGYTJGRP9QC,gray,style_1
BRFFDY7HXGSJNJYD,pink,style_1
SRTFGEJTBJCECRFH,black,style_1
TSHFRJ4JKKBDKXVR,black,style_0
BXRFTRYPJXTGGZQU,pink,style_1
TSHFRJ4JPMFERYDQ,white,style_0
TSHFR9ZRJCBRZZHH,black,style_0
BRFFR6T5MZKQYBFG,pink,style_1
TSHFRCDK3AM4XKDY,white,style_0
BXRFVFNGDVN5WZMX,pink,style_1
TSHFGZP2V95SWMUW,gray,style_0
BRFFDY7HFYCYCQJR,pink,style_1
SRTFGEG6MPZHQZHW,gray,style_1
TSHFGZP2QHZPKG9X,gray,style_0
TSHFRJ4JDCXQWHNC,white,style_0
TSHFGZP2PPMHHEDJ,gray,style_0
BRFFDY7GGWEEEDB4,pink,style_1
SRTFGEJ36WWAHYYD,blue,style_1
SRTFSVY5RFEYHPVK,pink,style_1
BXRFVFNGXFFUVDZD,pink,style_1
TSHFSP8KEVJRPERJ,black,style_0
SRTFSVY5YEFVDZPZ,pink,style_1
SRTFSVY58UZXCGHM,pink,style_1
TSHFRJ4JEPNPN9FH,white,style_0
SRTFSVY5WDMJZHJR,pink,style_1
BXRFVFNGYRW47GMX,black,style_1
CRGFVWSGSEAKVUM5,white,style_1
SRTFSVY5BRRYKCAR,white,style_1
CRGFVWSGM829HHGJ,white,style_1
BXRFWEAR9PZGP8VT,pink,style_1
BXRFVFNGAHVJGDXC,white,style_1
TKPFVFXWCUUEMMRP,white,style_1
BXRFWEARENQHHS8E,pink,style_1
TSHFWFRDP9EAD8ZR,gray,style_0
SRTFGEJ8AEC9JZCZ,pink,style_1
SRTFVXWHPX8FJPNK,white,style_1
TSHFWFRDUCAYH9YK,brown,style_0
TKPFC2CQ45EGZFCZ,white,style_1
SRTFRFN648DHXEHY,gray,style_1
TSHFRJ56CGXFUGCN,brown,style_0
TSHFRJ5F6MGZ2ZZR,white,style_0
TSHFRJ56Y7ARGSMZ,gray,style_0
TSHFRJ5FPMGDUDYR,white,style_0
TRKFEYQ9EKZ4SE5A,pink,style_1
TSHFSP8KZSA9HN5T,white,style_0
TSHFT3NCS3HXN9YW,brown,style_0
SRTFRFN6T2RRBHUP,gray,style_1
TRKFSWG5VFM6FZZH,white,style_1
VESFR8HZXYGGMCFE,white,style_0
TSHFRJ56NZY2JKHP,brown,style_0
TSHFRJ4JFQ56SF8H,black,style_0
TKPFBDKTFSPCQCZ8,white,style_1
SRTFRFN6FWDBP6H5,gray,style_1
TKPFC2CQ7KF5YMMT,white,style_1
VESFR8HYDSUEVFTZ,white,style_0
BXRFVFNHZYHWXKGP,white,style_1
TSHFSP8KHWJXGRBS,brown,style_0
TRKFSWG5A9WVXADJ,white,style_1
JCKFWDEVAFNTB4MP,white,style_0
TKPFC2CQ7DWTPCM5,white,style_1
BRFFDY7G6S4WZFHF,pink,style_1
TSHFRJ4JRCGDTZQJ,gray,style_0
TSHFRJ56V69WTDJF,white,style_0
TSHFR9ZRMYQ88MC8,white,style_0
JCKFWDEVC62FKYPM,white,style_0
TRKFEYQ9WNUMDMCN,pink,style_1
SRTFGEHYJFAW2HKZ,white,style_1
TRKFEYQ9BUH8HGAZ,pink,style_1
TSHFGJB52TQ8SUKM,white,style_0
BRFFDY7HAHFYGEX9,pink,style_1
BXRFVFNHHPGAAYZQ,pink,style_1
TSHFGJB5P8GGPGZG,black,style_0
TSHFGZP2E4ESFZ9Z,gray,style_0
BXRFVFNHSFQPUMWB,white,style_1
SRTFSVY5ATWYMX8C,pink,style_1
SWSFN2XZM5KFN6EG,white,style_0
TSHFMF2W23YHZYDW,white,style_0
TSHFMB6CDQ2UB8X3,black,style_0
TSHFMWQFUWKKZEGB,pink,style_0
TSHFMF4JCNF7AUSZ,white,style_0
TSHFMF8FZYEJQF7C,white,style_0
TSHFMB6CRCHGYZWK,white,style_0
TSHFVR8FKDZK4HGK,brown,style_0
TSHFVR8F4QDGJAP4,black,style_0
TSHFN3F2HBNBWFVT,gray,style_0
TSHFN3F2ASBHMPGW,white,style_0
TSHFY6VAUGZFRHDY,black,style_0
TSHFXBTHRSAFFFZP,gray,style_0
TSHFY6VA5TE84GVS,green,style_0
TSHFY6VAJT97F8EA,black,style_0
TSHFQJ5FTMZ5AGSU,white,style_0
TSHFMYWJHGGHT2PF,white,style_0
TSHFWZEN8NFN3GNV,gray,style_0
TSHFWZENUWZBPYKK,pink,style_0
TSHFWZDNNXTAD9HP,gray,style_0
TSHFMV7F4GWJ9VMA,white,style_0
TSHFWZEN5TJGTE7C,pink,style_0
TSHFWZENXMKWTAGJ,white,style_0
TSHFQJ5F9AEE7ZMH,gray,style_0
TSHFWZDNJQ6SB2GU,pink,style_0
TSHFWZDNKXYZYHZ4,white,style_0
TSHFN3F2FGGAZYVD,pink,style_0
TSHFQJ5FFH7CHHWR,white,style_0
TSHFQJ5F4EFPCZNU,white,style_0
TSHFQJ5FCV6EHQX3,pink,style_0
TSHFX8CRNHK5KDZQ,white,style_0
TSHFX8CRPGAGXA5N,white,style_0
TSHFX8CRKRNSGYBU,gray,style_0
TSHFYK9XHYRF5WTT,white,style_0
TSHFMB6CBPDF32R8,brown,style_0
TSHFQNF4ACWAYCDB,white,style_0
TSHFWH6WTNTDFN88,white,style_0
TSHFWH6WUA7QTZTY,gray,style_0
TSHFVR8FDGPHPZUA,black,style_0
TSHFYK9XKEHZPJN7,green,style_0
TSHFWH6WFG4GU4EK,pink,style_0
TSHFYK9XYZSAKDZK,gray,style_0
TSHFYK9XG2GMZSKJ,black,style_0
TSHFYK9XSVA2SAUY,black,style_0
TSHFX8CRGXXA2RMP,pink,style_0
TSHFYK9XAYKYJBJ5,pink,style_0
TSHFYK9XYZHWPR8W,brown,style_0
TSHFWQM96UHR6A4Q,brown,style_0
TSHFUZCDJWUMMMHF,gray,style_0
TSHFQNF4UHD8HFGH,pink,style_0
TSHFYK9XHH7MAUSF,gray,style_0
TSHFQNF4E2ADH9TN,gray,style_0
TSHFQNF4GJGP4HJE,white,style_0
TSHFQNF42NMAQXUT,white,style_0
TSHFVR8FXVCTYFYW,gray,style_0
TSHFWH6WBFGZTR9B,pink,style_0
TSHFQNF4DEUJKQ7Z,white,style_0
SWSFN2XZYZMGHD9A,white,style_0
TSHFMV7FGH6AZVUN,gray,style_0
TSHFVR8F5BGXEZMK,pink,style_0
TSHFN3V5FXM2GGBS,white,style_0
TSHFMF7PDKBHWY9F,white,style_0
TSHFN3V5BH32EZQF,pink,style_0
TSHFMWQFCEQUZSYT,gray,style_0
TSHFN3V5FBWMFE2J,white,style_0
TSHFMV7FYRQF6YYB,pink,style_0
TSHFN3V59WS2G8U4,gray,style_0
TSHFVR8FSSFYWQH3,brown,style_0
TSHFN3F24TRD9QQV,white,style_0
TSHFQJ5FWUPKFVCN,white,style_0
TSHFMWQFMYKHGZFU,white,style_0
TSHFHWHFFXTVFSUD,white,style_0
TSHFVR8FDY7NHVZK,white,style_0
SOCFK68BXGMDB2PP,white,style_1
SOCFK667VSHYDSFX,white,style_1
TSHFZRF3EHAWMZM9,white,style_0
SOCF9GGDHSRJUGAD,white,style_1
TSHFZBYXPWQXNFC8,white,style_0
TSHFUY8HPBTKPEFM,black,style_0
TKPFVGH2AXMFVZF7,white,style_1
TKSF36TP7ZVG8XKU,black,style_1
TSHFUY8JERHKMDBB,black,style_0
TSHFZZ2WHKH4EGKZ,white,style_0
TKSFPT7EH7WJKNSB,white,style_1
TSHFPYXA4NBTSZUM,black,style_0
TSHFVNG7HUF3FQEP,pink,style_0
SWSFUY89NDWGYNNH,gray,style_0
TKPFDGYPWKJAQYYT,white,style_1
TSHFDCH4JX5XJZKS,white,style_0
TSHFUY8H5HKDK66B,pink,style_0
JCKFTZBCY9VXRNVG,gray,style_0
TSHFZRF3EHAWMZM9,white,style_0
JCKFBTASD8HCGPZX,black,style_0
SRTF9FCRBFV27UGK,white,style_1
JCKFCFNUVPJCWFJ6,black,style_0
JCKFPMGU43VZYBGC,black,style_0
TKPFYG7THT4SKNEA,white,style_1
TKPFVGH2AXMFVZF7,white,style_1
TSHFZZ2WHKH4EGKZ,white,style_0
SOCDZAN8JNTHSTQG,pink,style_1
TSHFVNG7HUF3FQEP,pink,style_0
TSHFZBYXDTF4ZTVE,white,style_0
TSHFPT7G3XADUZXZ,white,style_0
TSHFUY8GDJGUGVD5,brown,style_0
TSHFZRF3EHAWMZM9,white,style_0
TSHFUY8GGR6R8MFH,black,style_0
SOCDKY7E9AC7VCKQ,pink,style_1
JCKFHHJYGUG8JQBG,black,style_0
SWSFVGKENHBSVUWJ,white,style_0
TKPFVGH2AXMFVZF7,white,style_1
TSHFZZ2WHKH4EGKZ,white,style_0
TSHFVNG7HUF3FQEP,pink,style_0
SRTFRAK5R5RVRXNY,white,style_1
SWSFUY89MHRA6QWZ,white,style_0
JCKFTZBBWWQAT4HF,pink,style_0
JCKFQF5K72AT2JDC,black,style_0
TSHFF9AUFPZ4FX3D,white,style_0
SWSFUY89GNJAYMBR,black,style_0
TSHFGQGSXAVHS4ZN,white,style_0
JCKFPCJUZZDKGNGN,white,style_0
TSHFUY8GDUYS5H35,purple,style_0
TSHFZRF3EHAWMZM9,white,style_0
TSHFPT7GWGNJWW7S,brown,style_0
TSHFZP3YYBXHC5VV,white,style_0
TSHFDCH3HMAUSN2U,white,style_0
TSHFGQGQTYPJEQAN,white,style_0
TKPFVGH2AXMFVZF7,white,style_1
TSHFZBYXRF9CYBFM,black,style_0
TSHFZZ2WHKH4EGKZ,white,style_0
TSHFGRPG5PJZZZMS,white,style_0
TSHFVNG7HUF3FQEP,pink,style_0
TSHFGB62MZRGCBZA,pink,style_0
JCKFQF5K72AT2JDC,black,style_0
TSHFGQGSSFGH7XYE,white,style_0
SWSFVYYKPVTVZ8PC,gray,style_1
TKPFRAHGFDFBHZ3J,white,style_1
JCKFMYFZHXZH4FGE,black,style_0
TSHFUY8HQDFVXEUE,pink,style_0
TSHFZRF3EHAWMZM9,white,style_0
SWSFUY89EWQFGFTF,pink,style_0
JCKFPMGUHTHUV9ZF,black,style_0
TKPFPT6HJMNYFPYH,white,style_1
TKPFGRPHW5SGHY5Q,pink,style_1
TSHFUY8HMZ677QEA,black,style_0
TKPFVGH2AXMFVZF7,white,style_1
SWSFUY89R775UFAD,black,style_0
JCKFZBWHNHABSPHD,white,style_0
TSHFZZ2WHKH4EGKZ,white,style_0
SWSFPT4ZGECYFMSD,black,style_0
TSHFPMKG2HDAM6HD,white,style_0
TSHFVNG7HUF3FQEP,pink,style_0
SWSFUY895KGPFREH,pink,style_0
TSHFHB3M8AXHZVYH,white,style_0
TSHFZRF3EHAWMZM9,white,style_0
TSHFGQJJ6SD6FHAV,gray,style_0
TSHFUY8H8G82HTRX,brown,style_0
TKPFZBZEBKNHYJ5F,white,style_1
TSHFPMJ2KWZZYXBA,gray,style_0
SOCFGZQ2ETUP3RX8,black,style_1
TKPFVGH2AXMFVZF7,white,style_1
TSHFUY8G2FWYSBK3,pink,style_0
TSHFUY8GZF7QUVPZ,gray,style_0
TSHFUY8GXEGSTQSD,pink,style_0
SWSFUY89Z356SHTG,white,style_0
TSHFZZ2WHKH4EGKZ,white,style_0
TSHFDADBMX3HXCSE,brown,style_0
JCKFTZBC3MYDG6GY,black,style_0
TKPFDGYPNYMYH4KH,black,style_1
TSHFVNG7HUF3FQEP,pink,style_0
JCKFTZBC3MYDG6GY,black,style_0
TKPFDGYPNYMYH4KH,black,style_1
TSHFZRF3EHAWMZM9,white,style_0
SWSFUY89YHZCRZU6,black,style_0
SWSFUY89NHMZHZPX,brown,style_0
SWSFUY89ZKCAJV3H,pink,style_0
TSHFUY8GVBQMGQSY,pink,style_0
TSHFUY8HEGZEFGMB,pink,style_0
TKPFVGH2AXMFVZF7,white,style_1
TSHFUY8GQWBCYZTX,pink,style_0
TSHFGQKMVMZPGC9C,white,style_0
TSHFZZ2WHKH4EGKZ,white,style_0
TSHFVNG7HUF3FQEP,pink,style_0
TKPFDGYPRHDEMQAV,white,style_1
TKSFUY92PTYADYEG,white,style_0
TSHFUY8GD6MBZPYK,pink,style_0
SWSFVYYKA9GT4Y3F,pink,style_0
SRTFTZBGMDUGYYTD,white,style_1
TSHFZRF3EHAWMZM9,white,style_0
TSHFDFSYSHZ6ZYWB,brown,style_0
JCKFTZBCW7JH6UGA,pink,style_0
SWSFUY898SYWEMGH,black,style_0
TKPFRAHGFYR9TQBP,white,style_1
SWSFUY893HSJRXGM,pink,style_0
TSHFNEUVYZYRYYCD,pink,style_0
SWSFUY89SY4ZBFDC,gray,style_0
TKPFDGYPWUQBKCSR,white,style_1
TKPFVGH2AXMFVZF7,white,style_1
TSHFZZ2WHKH4EGKZ,white,style_0
SOCDZAN8X52NZTZN,white,style_1
TSHFDZK2WXRHFEDY,white,style_0
TSHFVNG7HUF3FQEP,pink,style_0
TSHFW8F9PZH9RRQK,gray,style_0
SWSFUY89EUGAHD7F,pink,style_0
TSHFGQKMBVYEWEF5,white,style_0
TSHFZRF3EHAWMZM9,white,style_0
TKPFHUZ25CKBZBBE,white,style_1
TSHFUYDB6SY3VGZU,pink,style_0
JCKFPRBPHZW6WZCQ,black,style_0
TKPFC7B9HBZTWVFV,white,style_1
TKPFVGH2AXMFVZF7,white,style_1
TKPFCYKE4VZGZ6V2,purple,style_1
TSHFZZ2WHKH4EGKZ,white,style_0
TKPFUY8XUNY3QT4M,pink,style_1
TSHFVNG7HUF3FQEP,pink,style_0
TKPFDGYPGHBSJWTC,white,style_1
TSHFUMN6PSQMRRMY,black,style_0
SWSFUY897TUH6K4C,pink,style_0
TSHFUY8GQWBCYZTX,pink,style_0
SWSFW8EXBUGCKGED,black,style_0
TSHFZRF3EHAWMZM9,white,style_0
TKPFJUQUHUGQ23XM,white,style_1
TSHFEZCRGUZQ2ZFG,black,style_0
SWSFUY89CJ9WZYQC,black,style_0
TKPFVGH2AXMFVZF7,white,style_1
TSHFGQGS5XGT4GWJ,pink,style_0
TSHFZZ2WHKH4EGKZ,white,style_0
TKPFUY98MWHVV2W5,pink,style_1
TKPFUY8XKESG9JG4,pink,style_1
TSHFVNG7HUF3FQEP,pink,style_0
TKPFUY8XUNRHPNDZ,white,style_1
JCKFQF5K72AT2JDC,black,style_0
SWSFUY89VZ6ZTCEH,pink,style_0
SWSFUY89Q8ZS2YUG,pink,style_0
TSHFPYXAN32H5JBZ,pink,style_0
TKPFN5S8QKWKFHCM,white,style_1
TKPFCYKECS4YFGYH,pink,style_1
TSHFZRF3EHAWMZM9,white,style_0
TKPF36TNQD6NHH3R,white,style_1
TSHFUMHXSZ2W7K7M,brown,style_0
TSHFUY8HYJHMABUQ,white,style_0
TSHFUY8G9UJK8JZF,pink,style_0
SWSFJV9XUUEFZVED,black,style_0
TKPFVGH2AXMFVZF7,white,style_1
TSHFUY8HGS6GCGWA,pink,style_0
TSHFZZ2WHKH4EGKZ,white,style_0
TKPFZBZEHKKGFHVA,white,style_1
TSHFVNG7HUF3FQEP,pink,style_0
TSHFUY8HY7ZVYRZZ,black,style_0
TKPFDGYPJ7PVZWGG,white,style_1
TKPFUY8XHPRTKEGV,gray,style_1
TKPFUY9ARWUHHACN,pink,style_1
TSHFG27PNYBU6CAA,gray,style_0
TKPFUY8XHQMTHGNW,pink,style_1
TSHFZRF3EHAWMZM9,white,style_0
SRTFNEWBZZQJYZZA,white,style_1
SWSFUY89TXHN4GXT,pink,style_0
SWSFUY89ZUGD6UH3,pink,style_0
JCKFTZBCW487XMXV,pink,style_0
TKPFUYDJWEHSGPPX,white,style_1
TKPFUY8XHZVHTFXQ,gray,style_1
TKPFPCVP4TKFH8RR,white,style_1
TKPFVGH2AXMFVZF7,white,style_1
TSHFZZ2WHKH4EGKZ,white,style_0
TSHFUY8GNVRNBZQM,pink,style_0
TSHFVNG7HUF3FQEP,pink,style_0
TSHFUY8HJRYPVNGW,gray,style_0
TSHFUMMSQWRU8YTM,black,style_0
TKPFPMGZGPU3ZGMH,white,style_1
SWSFUY8936QMGPFV,pink,style_0
TKPFUY8XKHMJG3GX,white,style_1
TSHFZRF3EHAWMZM9,white,style_0
TSHFP5Y6URJJZHXZ,white,style_0
TSHFUMHHPUKZ2GWK,white,style_0
TKPFVGH2AXMFVZF7,white,style_1
TSHFPYXAVTBGNG8N,pink,style_0
TSHFZZ2WHKH4EGKZ,white,style_0
TSHFVRS6Q4FCD3RR,pink,style_0
TSHFVNG7HUF3FQEP,pink,style_0
SWSFJV9XVQ2RRJQE,white,style_0
TSHFUY8HGBKMGZHS,pink,style_0
SWSFDGRHJGME7UWY,black,style_0
TKPFUY8XZVMPENMB,pink,style_1
JCKFTZBCHZJZQM3F,pink,style_0
TSHFDEZ7VXZVN3TB,black,style_0
TSHFZRF3EHAWMZM9,white,style_0
TSHFUY8GZXMN49MA,brown,style_0
TKPFUY96W7HKHRVZ,white,style_1
TKPFUY8XSV6VDDKU,white,style_1
SWSFUY89GFYZJS5Y,pink,style_0
TSHFKYH9CQNUSHYW,gray,style_0
TKPFVGH2AXMFVZF7,white,style_1
TKPFUY98J9QQR85C,white,style_1
TSHFZZ2WHKH4EGKZ,white,style_0
TSHFG27PH8MHYQNH,gray,style_0
TKPFPCVZQGUJBHDS,white,style_1
TSHFVNG7HUF3FQEP,pink,style_0
TSHFNEUUYB3TZGGT,pink,style_0
TKPFB4A6WQVRWQCH,white,style_1
TSHFZRF3EHAWMZM9,white,style_0
SWSFUY893N9DKFZ8,white,style_0
TKPFPMGZ9ZGZT35D,white,style_1
JCKFZP3YNCBGRKY4,white,style_0
SWSFZBYGZ2HZ5DWE,black,style_0
TSHFDCH4UQAFGTUZ,white,style_0
SWSFUY89Z7T9DVGU,pink,style_0
TSHFB4C7PVTBNGE4,black,style_0
TKPFVGH2AXMFVZF7,white,style_1
JCKFTZBCMFG3AJBJ,pink,style_0
TSHFZZ2WHKH4EGKZ,white,style_0
TSHFGQKMAPDWGJBT,pink,style_0
JCKFHHJYGGJHDUCP,gray,style_0
TSHFVNG7HUF3FQEP,pink,style_0
TSHFGQGRHFU7YJTJ,white,style_0
TKPFMTM8S3G3PCUY,white,style_1
TSHFEB6FN7XQ6SFF,black,style_0
TSHFSBCYMKH9AZ6T,purple,style_0
TSHFZRF3EHAWMZM9,white,style_0
JCKFTZBC5J6ZVTCV,pink,style_0
JCKFZ8SGCTXRYYU9,brown,style_0
TSHFDADDWFHDEM7S,black,style_0
JCKFQF5KMJJ349H8,black,style_0
TSHFGQJQF2QYHU6Q,white,style_0
SWSFUY89DXWXDHUG,pink,style_0
TKPFVGH2AXMFVZF7,white,style_1
SWSFVYYKNU6FVZZQ,gray,style_0
TSHFPYXAYEHK4NYW,pink,style_0
TSHFZZ2WHKH4EGKZ,white,style_0
TSHFUY8HPHXMGMK3,pink,style_0
SWSFUY89PBRSHQYK,pink,style_0
TSHFUY8J5ZPZZZYH,pink,style_0
TSHFVNG7HUF3FQEP,pink,style_0
TSHFUY8JZKHFTYTC,pink,style_0
TSHFDAD7WFHBBDZJ,black,style_0
TSHFP5Y5ZMQXXF99,pink,style_0
TSHFZP3Y3MEVFTWJ,white,style_0
TSHFZRF3EHAWMZM9,white,style_0
TSHFGQGQZPVZHD2S,white,style_0
TSHFDCJZXYKX3GZE,white,style_0
SWSFUY89549U8ECR,pink,style_0
SWSFUY89SZUZQGFF,black,style_0
SRTFPCWKYF7UU3VW,white,style_1
TKPFVGH2AXMFVZF7,white,style_1
TSHFGQKHKWGJZM2N,pink,style_0
TSHFZZ2WHKH4EGKZ,white,style_0
TSHFP5Y8YTXYXAFA,pink,style_0
TSHFVNG7HUF3FQEP,pink,style_0
TKPFUY8XYBYD3SDA,white,style_1
SWSFVYF2WVNDZYHC,black,style_0
TKPFN2AXZZJWYY52,white,style_1
TSHFZRF3EHAWMZM9,white,style_0
TKPFUYDJWSGJYXMC,white,style_1
TSHFHB3MMCFZNJQT,white,style_0
TKPFVGH2AXMFVZF7,white,style_1
TKPFCYKET8CXMGBS,brown,style_1
TSHFZZ2WHKH4EGKZ,white,style_0
TSHFZBYXQAWWCFFF,black,style_0
TSHFVNG7HUF3FQEP,pink,style_0
TSHFGQGQFXPZFDGW,pink,style_0
TSHFP5F5YM2PHWYP,pink,style_0
SWSFVYYKYXMHUUSZ,brown,style_0
TSHFZRF3EHAWMZM9,white,style_0
JCKFVYYE524TQFEB,pink,style_0
TSHFDCJZE9TGTZHH,gray,style_0
TKPFVGH2AXMFVZF7,white,style_1
TSHFZZ2WHKH4EGKZ,white,style_0
TKPFPMGZAK58UFQY,white,style_1
TKPFZBZEZQAYBFQV,white,style_1
TSHFVNG7HUF3FQEP,pink,style_0
TSHFG27PN7MZAGY8,white,style_0
TSHFDNMWDG6NF5Z3,white,style_0
TSHFUYDBCBY24GGH,black,style_0
TSHFKYH9HVGW6AK4,gray,style_0
SRTFSBGWZZQSYKHG,white,style_1
TSHFHB3MHUHP6PZR,white,style_0
JCKFZBWHFUHAFHAR,black,style_0
JCKFTZBCQVTPFDF3,pink,style_0
TSHFZRF3EHAWMZM9,white,style_0
SWSFVYYYDCA7VYXH,white,style_0
TSHFUY8GCPZZ2QHM,gray,style_0
SWSFZBYGX96QTZAD,black,style_0
TKPFVGH2AXMFVZF7,white,style_1
TSHFGQKHTYSS8YWE,white,style_0
TSHFZZ2WHKH4EGKZ,white,style_0
TSHFHKZYU5MMS4YU,pink,style_0
TSHFVNG7HUF3FQEP,pink,style_0
TSHFUR5YCV5PN2DE,black,style_0
JCKFTZBBQQHXAFGH,white,style_0
JCKFTZBCJCBC9KDT,pink,style_0
JCKFQF5K72AT2JDC,black,style_0
TSHFGQKHG5Q2ZRM8,white,style_0
TKPFDGYPX8UTURZB,gray,style_1
SWSFP4V9B6MGRMFB,pink,style_0
JCKFTZBC3YN3EFBV,pink,style_0
TSHFZRF3EHAWMZM9,white,style_0
BRFFDZYF9BHWNGYY,pink,style_1
TSHFHKZYHGQWPYHH,pink,style_0
SRTFPMHDTB9PKC6T,white,style_1
SWSFZZ3WFMPGX9RF,black,style_0
TSHFM63XQRMBVYAC,white,style_0
TKPFVGH2AXMFVZF7,white,style_1
TSHFEZGJAGEBZBSF,white,style_0
JCKFTZBC9FZT5QFG,pink,style_0
TSHFZZ2WHKH4EGKZ,white,style_0
TSHFUY8GFJTJXZYD,black,style_0
TSHFPT7GAFYDYJNG,white,style_0
TSHFVNG7HUF3FQEP,pink,style_0
SHTFNEVGVYGGQEPR,black,style_0
JCKFTZBC3DMCVYXH,pink,style_0
TSHFZBYXA7EGBZBD,white,style_0
TSHFDCJNDCGBWG4C,white,style_0
TSHFGQKMZWCMZHHA,white,style_0
TSHFZRF3EHAWMZM9,white,style_0
SWSFPT4ZRZDCRZH9,gray,style_0
TKPFVGH2AXMFVZF7,white,style_1
TKPFDGYQ2TCZDBVT,black,style_1
TKSFUY98UAURGMQV,black,style_0
TSHFZZ2WHKH4EGKZ,white,style_0
TKPFZPCEFGZXM4H5,white,style_1
TSHFVNG7HUF3FQEP,pink,style_0
TSHFUY8HYWXEUPSN,pink,style_0
TSHFGQJJPA98GCR7,white,style_0
TKPFDGYPBYPAZNXH,white,style_1
TKPFDGYPHEZZR569,white,style_1
TSHFZBYYCW9U7ZDN,black,style_0
TSHFUY8JCGWK9HGJ,gray,style_0
TSHFZRF3EHAWMZM9,white,style_0
SWSFQF5EGDVS74GQ,black,style_0
TSHFGNHMYVWZT9VR,black,style_0
JCKFTZBCJGVAXRFD,pink,style_0
SWSFPU8ZQYG8YZRY,black,style_0
JCKFCYH5NCQ9SWDN,black,style_0
TKPFVGH2AXMFVZF7,white,style_1
TSHFZKXBYQFQJK3C,white,style_0
SRTFZBY98GHGYDFG,white,style_1
TSHFZZ2WHKH4EGKZ,white,style_0
TSHFDGXHH6PZAVBT,white,style_0
TSHFVNG7HUF3FQEP,pink,style_0
TSHFDCH4YMRPZXNU,white,style_0
JCKFZBWHXKJDZKHQ,black,style_0
SWSFZBYGASCZ8VTB,black,style_0
TSHFGQKH9J8GEGRG,white,style_0
TKPFUY8XNRURHD6K,pink,style_1
TSHFDCKVHRCQ2GJY,white,style_0
TSHFZRF3EHAWMZM9,white,style_0
TSHFPYXA3PEYR8FY,white,style_0
TKPFUY958SBPHAA3,pink,style_1
TKPFVGH2AXMFVZF7,white,style_1
SWSFVYYKRGUMUZRP,black,style_0
JCKFTZBCDGAXK9HH,pink,style_0
TSHFPMJ25WXGGJH5,black,style_0
JCKFZBWHZANMVFMS,black,style_0
TSHFZZ2WHKH4EGKZ,white,style_0
SWSFDGYCV8VZZCD9,white,style_0
JCKFNEWRVDRUJPPK,black,style_0
SWSFPT4Z6HGRK4CA,black,style_0
JCKFTZBB5ARJUZYZ,pink,style_0
TSHFVNG7HUF3FQEP,pink,style_0
JCKFZBWN6FKFB2KC,black,style_0
JCKFTZBCXHGP5NGX,black,style_0
TSHFZVT7YJZF7GYY,white,style_0
SWSFDGRHZKMJ6YGY,gray,style_0
TSHFUY8GEGGSKG3E,white,style_0
TSHFZRF3EHAWMZM9,white,style_0
SWSFZKX9BFYNUSEH,white,style_0
SWSF9FDX3GV9CHZU,gray,style_0
JCKFTZBCYAPGGYQF,white,style_0
TSHFUY8GAZRJUANG,black,style_0
TKPFVGH2AXMFVZF7,white,style_1
JCKFPRBPGQUDEGKU,black,style_0
TKSFUY92Z6GNWKRZ,white,style_1
TSHFZZ2WHKH4EGKZ,white,style_0
TSHFVNG7HUF3FQEP,pink,style_0
TSHFUY8JDQDVKYWY,pink,style_0
SOCDKY7EVZ2UGZZ5,white,style_1
TSHFBJ48TZ2WYGZG,black,style_0
TSHFY3ERHYUKHXZV,brown,style_0
TSHFY3ERJYPGS9CS,gray,style_0
SWSFZ9T49MJKBZTE,black,style_0
SWSFZ9T6HS28VCKD,gray,style_0
TSHFY3ERSZMNRDGV,brown,style_0
TSHFY3ER4KRHA4PB,gray,style_0
TSHFY3ERRRQFSFFR,pink,style_0
TSHFY3ERRNDYXJ5M,brown,style_0
TSHFY3ERUYYXS9TD,gray,style_0
TSHFY3ERP7CVU3JA,gray,style_0
TSHFY3ERR4JBQNSG,gray,style_0
TSHFY3ERCJCTJXHQ,pink,style_0
SWSFZ9RNDEXUEAHR,black,style_0
TSHFY3ERX6ZCZ2Y3,white,style_0
TSHFY3ERH3SAHFRE,gray,style_0
TSHFY3ERFBVMFA7F,white,style_0
TSHFY3EUMZFUCTTR,white,style_0
SWSFZ9RHBW46HSJC,gray,style_0
TSHFY3F4FGFVGQM9,white,style_0
TSHFY3EXUCZ2GGPF,white,style_0
TSHFY3EUCDPBYYFX,white,style_0
TSHFY3F2GVECAMVV,pink,style_0
TSHFY3F2URKV7RVW,brown,style_0
TSHFY3EXKASQ47TM,gray,style_0
TSHFY3EUEM2GVD86,gray,style_0
TSHFY3EUDQ7MND82,pink,style_0
TSHFY3EU9Z6KDMNJ,gray,style_0
TSHFY3EUCAUE3GZ4,white,style_0
TSHFY3ERHYUKHXZV,brown,style_0
TSHFY3EURU5JD6ZF,gray,style_0
TSHFY67GEK7PYH6Y,pink,style_0
TSHFY3EUU75GJ3P9,gray,style_0
TSHFY3ERJYPGS9CS,gray,style_0
TSHFY3ERHYUKHXZV,brown,style_0
TSHFY3ERHYUKHXZV,brown,style_0
TSHFY3ERHYUKHXZV,brown,style_0
TSHFY3ERHYUKHXZV,brown,style_0
TSHFY3ERHYUKHXZV,brown,style_0
TSHFY3ERHYUKHXZV,brown,style_0
JEAFWH29EX3BQHXJ,pink,style_1
JEAFWZXCTTYZXHPA,pink,style_1
JEAFWZXCPCR3X6JM,pink,style_1
JEAFWH29AAGEZANB,pink,style_1
JEAFWH29GZ8MYGGY,pink,style_1
JEAFWH29ZSDRZCZ8,pink,style_1
JEAFWH29FHYPZFSE,pink,style_1
CAPFY2GYF4A9QRAD,black,style_1
SWSFZH6TZYFB8SJZ,brown,style_0
SWSFZH6TFEHRDHWK,black,style_0
SWSFZH6T9DR8ZGXZ,black,style_0
SWSFZG6FEA4HYQVF,pink,style_0
VESFZS8RHKUSP2C2,black,style_0
TSHFZS934NFNANHT,black,style_0
CAPFYAMNKRPAERNX,black,style_1
CAPFYAMTEHQXVF4Y,white,style_1
CAPFYCGVJT8U3PQX,black,style_1
CAPECM8SWFAMMZ5K,brown,style_1
CAPFY4Z6GSGPKZFU,white,style_1
CAPFYAHNUHXRRGHN,gray,style_1
CAPE3MVWGTGMCXEP,white,style_1
TSHFFFYUDGGFBHZS,black,style_0
TSHFFFYUY2PWGTNA,black,style_0
TSHEHU3QX3HWMMQM,black,style_0
TSHFFFFXF6ZJVFZT,brown,style_0
TSHFXBBKBH9WG2FM,gray,style_0
TSHFFF9FGSPKKFAU,black,style_0
TSHEPVMPGTFXEP8G,black,style_0
TSHFXBBKNSGU8ZND,gray,style_0
TSHF4HJV8DSRYG6S,brown,style_0
TSHFFF28EKZB3DXP,black,style_0
TSHF4PB2VDUJ2GQD,black,style_0
TSHEHU3Q9VSQNU6B,black,style_0
TSHF4PB2HGBVFK2Y,black,style_0
TSHFX5XPZTUQBFUV,gray,style_0
TSHEPZ55GTRGMY92,white,style_0
TSHFFE47FNKZFEWG,black,style_0
TSHFURYV8SF3VPGX,gray,style_0
TSHFXBBKSMXCCN3D,gray,style_0
TSHFURYVBTYQCEVZ,gray,style_0
TSHFURYVJD9NZJ4D,gray,style_0
TSHFFDZN99SUXQYZ,black,style_0
TSHFURYVTPVHNZHF,gray,style_0
TSHFFF2RMYCHG6XH,gray,style_0
TSHFFEY9NDRDDNYB,black,style_0
TSHF4PFQZXFGHZ8E,black,style_0
TSHF4HJVCJ6E3HFC,white,style_0
TSHF4HFV7DEHTQAH,black,style_0
TSHF4PB2HWDGZMZF,black,style_0
TSHF4PB2DCRAJHGP,brown,style_0
TSHF4PFQTVPQFJKU,black,style_0
TSHF4PB2D8ZCSGYG,black,style_0
TSHFFEYUVWHWGWSM,gray,style_0
TSHEPZ5A6XPJ6PRS,black,style_0
TSHFFEYKGGGBYCGN,black,style_0
TSHFURYVFWBF7ZVK,gray,style_0
TSHFURYVH7BHFW4Q,gray,style_0
TSHFFFYUDGGFBHZS,black,style_0
TSHFFEZHY2GZH6VY,black,style_0
TSHFFEZ2XHH4T2AH,black,style_0
TSHEHU3Q9VSQNU6B,black,style_0
TSHF4HJVHPEGJGYN,brown,style_0
TSHFFFY9UMRSGGFZ,gray,style_0
TSHFFEZBWUGRH9UH,gray,style_0
TSHFURYVXBGF89DF,gray,style_0
TSHF4PFQK67YGUY7,white,style_0
TSHFURYV6H58FF6Q,gray,style_0
TSHFXBBKEEQDCGGC,gray,style_0
TSHFURYVVBPZXFGF,gray,style_0
TSHFURYVMZKX5DGA,gray,style_0
TSHFURYVTXWACCYK,gray,style_0
TSHEPZ54W3UB6KXC,pink,style_0
TSHF4PB2TJ3HHMEB,gray,style_0
TSHFURYVPNGZSFBV,gray,style_0
TSHFURYVASGTUMHC,gray,style_0
TSHFURYVN7EDHGG7,gray,style_0
TSHFURYVZHTNEDFE,gray,style_0
TSHF4PB2NSZ6ZA2Y,brown,style_0
TSHF4PFQARYVCESQ,white,style_0
TSHF4HJV7NVZGVCS,black,style_0
TSHFFE4Y5Z959NTB,brown,style_0
TSHFFFYK4GMVDHSJ,black,style_0
TSHFFFYUDGGFBHZS,black,style_0
TSHEHU3Q9VSQNU6B,black,style_0
TSHFFFY25W7GGYQN,black,style_0
TSHFFEY2GCFDYX6F,brown,style_0
TSHFURYVVZWQQAQX,gray,style_0
TSHFFFF5GHYYZ9A9,white,style_0
TSHETZHVYXJRVQNG,white,style_0
TSHETMQPRVAFUVMD,brown,style_0
TSHFMF6CWGUZKY7J,black,style_0
TSHFUGD9PTTZESFP,white,style_0
TSHFUHMGZGWAS8X4,brown,style_0
TSHFUHSHKWYX8CRZ,white,style_0
TSHFUJGKAEFZKSQK,white,style_0
TSHFUHW5CQZKGYNE,orange,style_0
TSHFUJGJYWPFVFZF,gray,style_0
TSHFUJGGJHNFYYHS,black,style_0
TSHFUJGFMGQHDKWK,gray,style_0
TSHFUGD5QHVQWYVM,gray,style_0
TSHFUHSXPAQFQPS2,white,style_0
TSHFUJGJ7WQZADGF,black,style_0
TSHFUJGKGAF7HMGT,pink,style_0
TSHFUHMGCBBFQTDD,pink,style_0
TSHFUGHFZHJHSJ4K,white,style_0
TSHFUHMF9X84MWSC,black,style_0
TSHFUHMGHPHHGKHW,black,style_0
TSHFUNH77BAKBJMP,orange,style_0
TSHFUGD7ZJCEZHA4,white,style_0
FABFZ2VGCWSKV7YZ,white,style_1
FABFZ9ECF6EQZC3F,black,style_1
FABFZ2VDUA6QEYHH,gray,style_1
FABFZ9ECC8VHA9GG,gray,style_0
FABFZ9ECUZBC7G85,pink,style_1
FABFZ9ECG75GYYQZ,pink,style_1
TSHFXDT5YT9ZWGX5,pink,style_0
TSHFGDDWRPG9NBRT,pink,style_0
TSHFGZJATKS3G2HK,gray,style_0
TSHFGHVFYDNVWKGB,gray,style_0
TSHFGHWUC9YF3G3V,gray,style_0
TSHFGHV8ZYHMC5GF,gray,style_0
TSHFGDDVHH3FTRHF,pink,style_0
TSHFGBYKTPWZFHSD,purple,style_0
TSHFGDDXJGF5GEJW,gray,style_0
TSHFGBY8FZZPXGH7,gray,style_0
TSHFGBYKUQKCREZJ,purple,style_0
TSHFPZY75CWAQPFV,white,style_0
TSHFGBY83GKPWJYY,purple,style_0
TSHFGBY8SXU6UWR4,gray,style_0
TSHFGBYK3R9GN9CK,gray,style_0
TSHFGHVFDSMYBMYK,gray,style_0
TSHFGHV2XJWHXJKX,gray,style_0
TSHFGDDWXYRS5AHU,gray,style_0
TSHFGDDVBZ3FHYV5,gray,style_0
TSHFGHWUBHG4H2U6,gray,style_0
TSHFGHVFKKAGAEEH,gray,style_0
TSHFGHVFDZYXDXVM,gray,style_0
TSHFGHV4RQFGKVPU,gray,style_0
TSHFGHV5GQHATUYF,gray,style_0
TSHFHBNTG3FJEZVY,pink,style_0
TSHFGHV4VHAVFEYY,gray,style_0
TSHFGHVGUUMKHNDD,gray,style_0
TSHFGDDXFM6YCFYG,gray,style_0
TSHFHHRK9J4E65VB,white,style_0
TSHFHBNTNU6SRY3B,pink,style_0
TSHFGHV3H3VWC5GM,white,style_0
TSHFGHVFGBCFXHFH,gray,style_0
TSHFHBNTHHCUNUHG,pink,style_0
TSHFGDEYFEY63WQA,gray,style_0
TSHFHBNTZUF4YSQZ,pink,style_0
TSHFGZJAKGYN2GN7,pink,style_0
TSHFHBNTS6H94M33,pink,style_0
TSHFHBNT5DVSQSVY,gray,style_0
TSHFGZJAYSZEY9FF,pink,style_0
TSHFGHV2ZCZHCSCE,gray,style_0
TSHFGHVFGBNT9RPS,pink,style_0
TSHFGDDWKEVFZU9S,gray,style_0
TSHFGHVFCGDXVCXH,gray,style_0
TSHFGDEYZ9X7JXFN,pink,style_0
TSHFHBNTFZ589XYW,pink,style_0
TSHFUDQZ2YHK3AZS,white,style_0
TSHFFNRDKXHP6ETU,brown,style_0
TSHFGBY86EZ8MGFC,purple,style_0
TSHFGHVFZCGKFBPG,gray,style_0
TSHFGBY8A3FHZPME,purple,style_0
TSHFGBY8FXU4YGHX,pink,style_0
TSHFHHRKNRDN2BJC,pink,style_0
TSHFGDDWF3UYPSJR,gray,style_0
TSHFGHV3FX9KEPMV,white,style_0
TSHFGDDWWDPHSECG,pink,style_0
TSHFGBY87HYFYVGZ,purple,style_0
TSHFGDDWWRXA3ESX,pink,style_0
TSHFGHV2AH8WCE28,gray,style_0
TSHFGHV2VJVSCJBT,gray,style_0
TSHFHBNTSMYPXFGZ,pink,style_0
TSHFGZJAHN8CRXYK,gray,style_0
TSHFGHV23CFFQAKU,gray,style_0
TSHFGDDXPJHJCRPH,gray,style_0
TSHFHHRKQHBDDUWQ,white,style_0
TSHFGDDVJF6VSJBG,gray,style_0
TSHFHBNTNGCX5ZZ5,white,style_0
TSHFGBY8CEWZGAVH,gray,style_0
TSHFHBNTU4YCFH4E,pink,style_0
TSHFHBNTAZD28YCW,pink,style_0
TSHFHHRKEPUSJMC8,white,style_0
TSHFHBNTQJSMPUZW,pink,style_0
TSHFHBNTGUXGGDMY,pink,style_0
TSHFHHRKTGVPEZYT,white,style_0
TSHFHBNTSG3UQWTV,pink,style_0
TSHFHBNTRYYFZYYY,pink,style_0
TSHFGHV5UAHVZDGF,gray,style_0
TSHFHBNUYR87ZX8A,pink,style_0
TSHFHBNTTGFHQQWB,white,style_0
TSHFHBNTG8D4E3XN,pink,style_0
TSHFHHRKTFJFBPZG,pink,style_0
TSHFHBNTWAZT8TCU,pink,style_0
TSHFFNRDHGG89KXG,pink,style_0
TSHFHBNT82GDFEV8,gray,style_0
TSHFHBNT9KUPGYQY,pink,style_0
TSHFHHRKZ5CYHUXZ,white,style_0
TSHFHHRKNTCZ9QEW,pink,style_0
TSHFHBNTJ2PVJ7FR,pink,style_0
TSHFPZY7XKPENDTC,white,style_0
TSHFPZY7DDVGUAFY,white,style_0
TSHFHBNTBDDNHHYJ,pink,style_0
TSHFGHWUEXNEFSHR,gray,style_0
TSHFGHVFCZFKZZA7,gray,style_0
TSHFHBNT248XX2GX,pink,style_0
TSHFSA79CV3KPR4Z,yellow,style_0
TSHFSA79YFZZBGMY,yellow,style_0
TSHFSA79FTJYBV69,white,style_0
TSHFSA7966PGQHDY,orange,style_0
TSHFUDQPYZHRKZYN,white,style_0
TSHFUDQTKDTZGZ6U,white,style_0
TSHFSA79FHGQNNH6,orange,style_0
TSHFUDQSHDPRDEXJ,white,style_0
TSHFSA79RERFZGUV,yellow,style_0
TSHFSA79FSYMRSY6,orange,style_0
TSHFSA79PMHCDQCH,yellow,style_0
TSHFSA79GHHHQGYP,yellow,style_0
TSHFQ3E6FZPPHSSW,white,style_0
TSHFU7CMNPDSWJ8H,white,style_0
TSHFSA79NR9ZAGCE,orange,style_0
TSHFSA79XQTH8ZQG,yellow,style_0
TSHFU7CGPFWCNC8W,white,style_0
TSHFU7DEF7GFXHSU,white,style_0
TSHFUDQQKHEZCQ46,white,style_0
TSHFUDQZVDREYNUH,white,style_0
TSHFUDQPSP49HQFP,white,style_0
TSHFUDQUKGG2YPJR,white,style_0
TSHFU7D6DVD4KKUG,white,style_0
TSHFUDQQ8PJJBZ92,white,style_0
TSHFUDQNFZU7HPQE,white,style_0
TSHFUDQNJKUZN8KA,white,style_0
TSHFSA79FDWGTMCQ,white,style_0
TSHFPVNPRYUNYHPM,white,style_0
TSHFPVNZGFFSMHFG,white,style_0
TSHFUDQQ9HBPAQDY,white,style_0
TSHFPVNQMC38WSET,white,style_0
TSHFPVNZZ54SZW6Z,white,style_0
TSHFPVNRSHZEBHD3,white,style_0
TSHFSA79BKTPGGHC,white,style_0
TSHFU7CUJETR5HSD,white,style_0
TSHFU7CZTBW5MM4Y,white,style_0
TSHFU7CZTBW5MM4Y,white,style_0
TSHFQ3E6GW6GRF9X,white,style_0
TSHFUDQMW7TCYMZS,white,style_0
TSHFSA799C8DM6TB,orange,style_0
TSHFPVNQWNCHGVAV,white,style_0
TSHFSGZJ3FDRFPKC,white,style_0
TSHFSA79ZPVSARHF,white,style_0
TSHFPVNSRN6FC6PK,white,style_0
TSHFPVNN5UURE5CZ,white,style_0
TSHFSA79WZCGMHHT,orange,style_0
TSHFSA79XHF9HJGN,orange,style_0
TSHFSA79JJU2CJDV,white,style_0
TSHFPVNS9CHCFYSH,white,style_0
TSHFSA79PWQDDURS,orange,style_0
TSHFSA79NAP2DRWJ,orange,style_0
TSHFS2GDXTHGZVPD,white,style_0
TSHFSA79R8K3Z3BX,white,style_0
TSHFU7DGTQZAVDCR,white,style_0
TSHFS2GCEHJGUHJT,white,style_0
TSHFU7DNZ5VHFYG5,white,style_0
TSHFS2GDZ4PCENWV,orange,style_0
TSHFU7EYPFZKFTCW,white,style_0
TSHFHHRKARCRFR79,pink,style_0
TSHFU7EGC9ZRFZYK,white,style_0
TSHFS97YDJQQEZH7,white,style_0
TSHFSA79JA8RUBUJ,orange,style_0
TSHFQ3E6YQAK7TKZ,white,style_0
TSHFSA79TG2NZUGF,orange,style_0
TSHFS2GDFNJMPFMA,white,style_0
TSHFS2GD4HHFXUCN,white,style_0
TSHFS2GDGEUXWAYD,white,style_0
TSHFSA79D8AGQXMT,yellow,style_0
TSHFQ3E6TK3ZAGDV,white,style_0
TSHFSA79YC6GAMFT,orange,style_0
TSHFPVNTRUYZZHTG,white,style_0
TSHFSA79FHDGHNNQ,orange,style_0
TSHFSA79GJZHRZZC,yellow,style_0
TSHFSA79E6KXFZYW,yellow,style_0
TSHFSA79EZCF7GRD,yellow,style_0
TSHFPVNS3HFFYGBM,white,style_0
TSHFSA79GHCYFK82,orange,style_0
TSHFSA79ZFPHFTYB,yellow,style_0
TSHFSA79BB3DH82R,white,style_0
TSHFSA792BVJZNY7,yellow,style_0
TSHFQ3E6KUMX2HHK,white,style_0
TSHFSA79ZFPHFTYB,yellow,style_0
TSHFS2GDU8JZWKAZ,orange,style_0
TSHFUDQQ9PN5ACQA,white,style_0
TSHFUDQHFVEFAAPK,white,style_0
TSHFPVNSNZKCXMVZ,white,style_0
TSHFSGZJGXQYQWGB,white,style_0
TSHFUDQRXM59FVXE,white,style_0
TSHFPVNZAFZ8JZ7M,white,style_0
TSHFPVNNJ5N4M2U8,white,style_0
TSHFSA79HWDSRF8F,yellow,style_0
TSHFSA79TQ6WYKEG,yellow,style_0
TSHFUDQNFA6XHYZD,white,style_0
TSHFUDQUTHREPSQ5,white,style_0
TSHFU7D5KZEYPYAQ,white,style_0
TSHFU7D2S2BSQHWX,white,style_0
TSHFSGZJW7XZEKUW,white,style_0
TSHFPVNZ6KYH48YQ,white,style_0
TSHFQ3E67VMTYP7W,white,style_0
TSHFS2GDDACCDG8K,orange,style_0
TSHFUDQVFVFUGVXS,white,style_0
TSHFPVNQRU9R8UBF,white,style_0
TSHFSGZJERHGRYFY,white,style_0
TSHFPVNQZ5FHER5A,white,style_0
TSHFS2GD8ZW3DENZ,orange,style_0
TSHFPVNRKBTWFUPR,white,style_0
TSHFGBY7C72E7NRW,gray,style_0
TSHFSA79YX6UFYGJ,white,style_0
TSHFSGZJDPGPZERW,white,style_0
TSHFUDQUV4AE4KGN,white,style_0
TSHFPVNMFFHNTPMU,white,style_0
TSHFSA79BCF3NYCF,white,style_0
TSHFSA79GGEJJHYH,white,style_0
TSHFGBY7QSCNZGNJ,gray,style_0
TSHFSGZJYHF7ZPTV,white,style_0
TSHFSA79BHPBYWGT,white,style_0
TSHFPVNNGTWHPADQ,white,style_0
TSHFUDQQ6TZZTBDT,white,style_0
TSHFPVNN3HPYUA7A,white,style_0
TSHFSA79JS8HPTUX,orange,style_0
TSHFSA79YX2FHTZQ,orange,style_0
TSHFU7EYWHZYESVJ,white,style_0
TSHFU7DG2UZDBGGE,white,style_0
TSHFSA79AEFGWCZW,orange,style_0
TSHFSA79GMYZCR8Q,orange,style_0
TSHFPVNZ2RTCCJYU,white,style_0
TSHFSA79PFCF3HNF,orange,style_0
TSHFSA79X2YHFERJ,white,style_0
TSHFS2GDKAWGFFZG,white,style_0
TSHFSA79D6KUWHPB,white,style_0
TSHFSA79NTX8XDBG,orange,style_0
TSHFS2GDYYGVMHHG,orange,style_0
TSHFSA79HNWGJKFG,white,style_0
TSHFPVNP3DXT8SPP,white,style_0
TSHFSA79Z7GZPSJA,orange,style_0
TSHFU7CAEX6SRYZD,white,style_0
TSHFSA79RZFYHKDK,white,style_0
TSHFPVNZGVFUAFYS,white,style_0
TSHFS2GCCJHJTKJ9,white,style_0
TSHFSA79QZGXMJAU,white,style_0
TSHFSA79ZHNYNYYG,orange,style_0
TSHFPVNZVHZHRUFY,white,style_0
TSHFPVNNSFNXMJMF,white,style_0
TSHFU7DMCCBNYHDN,white,style_0
TSHFSA79FSZTDUZY,orange,style_0
TSHFU7DMDDWFPMUF,white,style_0
TSHFSA79P329XHKR,yellow,style_0
TSHFU7CCVDA5A83H,white,style_0
TSHFPVNPQZPFFZWF,white,style_0
TSHFPZY7N7YHNDQF,white,style_0
TSHFPVNSZ2RHWEWB,white,style_0
TSHFPVNNZ3SZJX6Q,white,style_0
TSHFSA79GZFEZMFJ,orange,style_0
TSHFSA79ZH5ZR6VF,orange,style_0
TSHFS2GDZDG87RYW,orange,style_0
TSHFSA79CDHUDRVZ,orange,style_0
TSHFSA79N4GKNGB6,yellow,style_0
TSHFU7DKPTHA6DWZ,white,style_0
TSHFSA79QUAYXXAT,orange,style_0
TSHFPVNNY38DRFHH,white,style_0
TSHFPZY7R4NFSHBE,white,style_0
TSHFPVNRFXFKMYB4,white,style_0
TSHFSA796PFSCARD,orange,style_0
TSHFU7E4GFHTEXPE,white,style_0
TSHFS2GDEWJZ6Q8S,white,style_0
TSHFPZY7MSVZHW2C,white,style_0
TSHFPVNNF5UBAHZG,white,style_0
TSHFPVNSNTTFVNGZ,white,style_0
TSHFGBYQVHTRSMT8,gray,style_0
TSHFSA79BXZUERYB,orange,style_0
TSHFS2GDBZHWCGB5,orange,style_0
TSHFPVNRFTHHWFDG,white,style_0
TSHFSA79AVG9SUSY,white,style_0
TSHFS2GDHHGKGBEV,white,style_0
TSHFS2GDKCMMYHY3,orange,style_0
TSHFPVNSYY4V6GQH,white,style_0
TSHFSA792KVNRMCJ,white,style_0
TSHFPVNZRFR5RZWZ,white,style_0
TSHFFWRFXUK7BQFT,white,style_0
TSHFGHV84HJXVHMD,gray,style_0
TSHFPVNT4AEH2NHG,white,style_0
TSHFPVNNBTYZQC4E,white,style_0
TSHFU7DFED76UYGW,white,style_0
TSHFFWRGAUUFBE6R,pink,style_0
TSHFQ3E6CZFUZ675,white,style_0
TSHFPVNNEBX5RG9V,white,style_0
TSHFHBNT4HAKCDBF,pink,style_0
TSHFPVNNGXJR8YBU,white,style_0
TSHFUDQRKJFQRANR,white,style_0
TSHFFWR5YSHPHNKQ,black,style_0
TSHFGBYQ7CVNTFAG,gray,style_0
TSHFFWR5RGN7DTUC,pink,style_0
TSHFFWR5QCKMM74E,gray,style_0
TSHFPZY7ZNFBHM3U,white,style_0
TSHFFWRGDM8JZBYK,gray,style_0
TSHFSA79SBHUUKPX,yellow,style_0
TSHFFWRFMCWNX7QN,white,style_0
TSHFGBY7JRGFHUUG,gray,style_0
TSHFGDDWQJ4WJYQH,gray,style_0
TSHFFWR5FSDAQYZN,pink,style_0
TSHFGDDXMKKHZCRS,gray,style_0
TSHFPVNNQF8PAEAY,white,style_0
TSHFGBY8HNEBMR48,gray,style_0
TSHFU7DHPE8TA9GQ,white,style_0
TSHFGDDWY9ZKYMNC,gray,style_0
TSHFSA79NFYWPMWT,orange,style_0
TSHFGHWUQN3BHY5G,gray,style_0
TSHFFWRG8S9BUUQK,gray,style_0
TSHFFWRFRCHYR7SV,pink,style_0
TSHFHBNTYFCCHZTU,gray,style_0
TSHFHBNTHZB6Z6DN,pink,style_0
TSHFHHRKZTMCUUGK,pink,style_0
TSHFHHRKZAYHRTEZ,pink,style_0
TSHFHBNTYFCCHZTU,gray,style_0
TSHFHBNTHZB6Z6DN,pink,style_0
TSHFHHRKZTMCUUGK,pink,style_0
TSHFHHRKSYBQKPYF,pink,style_0
TSHFGDEYAGYNKSF8,gray,style_0
TSHFGDDWKZWY2FJH,pink,style_0
TSHFHBNTHGA85ESW,white,style_0
TSHFGDDXAEJSUHYG,gray,style_0
TSHFHHRKKHMXAZ4P,pink,style_0
TSHFFWRFDHQDQE3H,pink,style_0
TSHFFWRF9FGGAVY5,white,style_0
TSHFGDDWQ4RJZDHM,gray,style_0
TSHFHHRK5ZBGPHCG,pink,style_0
TSHFHBNTJCCGDG6F,pink,style_0
TSHFPZY7ZEFMZJZ6,white,style_0
TSHFFWR5RSTNBGS6,pink,style_0
TSHFHHRKK9F9MRCW,pink,style_0
TSHFPZY7KPWUXG7N,white,style_0
TSHFFWRFDVAYNB6Z,white,style_0
TSHFHHRKFYN8ECZU,pink,style_0
TSHFHBNT8TVE7ZHZ,gray,style_0
TSHFGDDWFPGN3YHN,gray,style_0
TSHFSA79XKT58FVY,white,style_0
TSHFGDDYGPZDUQWH,gray,style_0
TSHFFWRFZXK8BW5V,white,style_0
TSHFFWRGSPHAB2GS,gray,style_0
TSHFHBNTHZ7EQYSM,pink,style_0
TSHFGDDWF3UYPSJR,gray,style_0
TSHFGDEYCHFV3RGC,gray,style_0
TSHFFWRGZYBKWZRC,gray,style_0
TSHFHHRKXJY2YPRG,pink,style_0
TSHFGDEYERVXKQPJ,pink,style_0
TSHFGDEYB9RUVZCD,gray,style_0
TSHFGDEYATSGJG6K,pink,style_0
TSHFGZJAXHKTKWFY,pink,style_0
TSHFFWR5HG6WM8CG,white,style_0
TSHFGDDWKZFFGATC,gray,style_0
TSHFSA793Z8BQ4XP,yellow,style_0
TSHFFWRFCYKWWEZF,gray,style_0
TSHFFWRGZ8SPTZJN,gray,style_0
TSHFHHRKHZFKYF48,white,style_0
TSHFGDEYXWGTRXWA,gray,style_0
TSHFFWRFUABQED3X,white,style_0
TSHFGDEYDK7VV3DM,gray,style_0
TSHFHBNTFMXFGZYG,pink,style_0
TSHFHBNTMRV8PZ9Y,pink,style_0
TSHFHHRKHMVAJE4E,white,style_0
TSHFHBNTVEMPRQFP,pink,style_0
TSHFGBY7ZHWGZRFK,gray,style_0
TSHFGDDXGWXY68KR,gray,style_0
TSHFGZJBBDXJXPGH,pink,style_0
TSHFGBY7KEXTMFFF,gray,style_0
TSHFGBYKFZHSCGGW,purple,style_0
TSHFFWR55KSZHU5C,gray,style_0
TSHFGBYKFQUMFKKU,gray,style_0
TSHFGBYKCDAEBHT7,gray,style_0
TSHFGDDXDGRABT5X,pink,style_0
TSHFGBYKEJC36UJF,purple,style_0
TSHFGDDXYMNCGJPG,pink,style_0
TSHFGHWUHGBJGGUM,gray,style_0
TSHFGBYKPP3JUBS5,gray,style_0
TSHFGBYKTH4TYAB4,purple,style_0
TSHFGBY893V52EGW,gray,style_0
TSHFGBY8WRHGXF9G,gray,style_0
TSHFGZJAZPH4GHMP,pink,style_0
TSHFFWR5JMCDBZQZ,gray,style_0
TSHFFWRGFFQ9CTJN,gray,style_0
TSHFGBY7MTBRY7GY,gray,style_0
TSHFGBYHGDJZVQGA,purple,style_0
TSHFGBY8AB8ZQVUM,purple,style_0
TSHFGZJAWUKGZCGZ,pink,style_0
TSHFGBY7G8GZFYBM,gray,style_0
TSHFGBYHCE3BVHR2,gray,style_0
TSHFGHV3KS3M7ZFF,gray,style_0
TSHFGHUZZPXQQPZK,gray,style_0
TSHFGBYHPUSRJKHT,gray,style_0
TSHFGHVYAZHQESSK,gray,style_0
TSHFGBY8H7KF4ADY,gray,style_0
TSHFGBYHVCC5JFQU,gray,style_0
TSHFGHVYGCGGJCNZ,gray,style_0
TSHFHHRHH8THU3VZ,pink,style_0
TSHFGDDYQQ7BUNQN,gray,style_0
TSHFGHUPGSRGCNHV,gray,style_0
TSHFGDEYGRTC7ZED,gray,style_0
TSHFGDEYFZQMKHFA,gray,style_0
TSHFHHRHCXJTPRCT,pink,style_0
TSHFGHVYM7YCARHG,gray,style_0
TSHFFWRG2UVHSXKX,gray,style_0
TSHFHHRKRSHYB6XG,pink,style_0
TSHFFWRGH3AGQYGJ,pink,style_0
TSHFHHRKNDRZRVGP,pink,style_0
TSHFHHRHGAMRS5YS,pink,style_0
TSHFHHRHYEFGGPGH,pink,style_0
TSHFHHRHJFGEEFNK,pink,style_0
TSHFHBNTGDGKQJ4B,pink,style_0
TSHFHHRHAD2DCHNX,pink,style_0
TSHFGDEYNZQJ3HBK,gray,style_0
TSHFHBNT7PMKUZWT,pink,style_0
TSHFGZJA5EFDJFUB,gray,style_0
TSHFGDDWMZFNXH5S,gray,style_0
TSHFGHWURGUSQGT8,gray,style_0
TSHFHHRKBMNPFGVS,pink,style_0
TSHFGHV8TJHRVMUR,gray,style_0
TSHFGHUPHKJ5TUWN,gray,style_0
TSHFHHRK5YQ6VJNX,pink,style_0
TSHFGHV8EXTH8CZ8,gray,style_0
TSHFFNR3GVTRGTGG,pink,style_0
TSHFFNR3PEJ373HM,gray,style_0
TSHFGZJAT5WKHN4Z,white,style_0
TSHFGDDYKSSEWMWX,gray,style_0
TSHFHHRHJNGHGGZ5,pink,style_0
TSHFFNXH7FUNKBDZ,brown,style_0
TSHFGDDYKKGHGJUY,gray,style_0
TSHFHHRHWYSNPZRF,pink,style_0
TSHFGDEYBQEV5JEN,gray,style_0
TSHFGDDW3MTUJKDC,pink,style_0
TSHFGDDWKQ26GGFV,gray,style_0
TSHFGDDWHQNYQVC9,pink,style_0
TSHFGHWUFEFA8HCA,white,style_0
TSHFGZJAKUAH28FY,white,style_0
TSHFGHV3X28PRUZB,white,style_0
TSHFGDDWUVQHBZDY,gray,style_0
TSHFHBNTNH7XJVH7,pink,style_0
TSHFGHV3GBYJHZHN,white,style_0
TSHFHBNTGDGMVWKB,pink,style_0
TSHFSA79GB8UF3VV,yellow,style_0
TSHFGBYHHGR4XBX9,white,style_0
TSHFGBYHHR96EJCG,white,style_0
TSHFGBYHFUZMJBZH,gray,style_0
TSHFGBYEB9UPQUYB,white,style_0
TSHFGBYHYTA9J3F9,gray,style_0
TSHFGBYEMRP5M2WG,gray,style_0
TSHFPVNMR6H3TJUG,white,style_0
TSHFSA79AAGF5R3P,yellow,style_0
TSHFGHV3TZFVNNYH,gray,style_0
TSHFGBYEEXUKFGRE,gray,style_0
TSHFGBYHTE3BWGMZ,pink,style_0
TSHFGBYHKCNSAFZC,gray,style_0
TSHFGBYHCPZWXRPT,pink,style_0
TSHFGHV35EZZZH4V,white,style_0
TSHFGHV39TGJHDQE,pink,style_0
TSHFZRMMJYGQCHDC,pink,style_0
TSHFZRMMXVGVQ5DZ,pink,style_0
TSHFZRMMNZPNX467,pink,style_0
TSHFZRMMZ66GGDFJ,pink,style_0
TSHFZRMMGBVXXAGG,pink,style_0
TSHFZRMMUV6NA9VH,pink,style_0
TSHFZSH7ZEQH2YGY,pink,style_0
TSHFZRMMUTRFBGYT,pink,style_0
TSHFZRMMG2YXUEEM,pink,style_0
TSHFZRMMKQPSZXFE,pink,style_0
TSHFZRMM5G3MFVGK,pink,style_0
TSHFZRMMZZFGUN6Y,pink,style_0
TSHFZRMMYCATKXG2,pink,style_0
TSHFZRMMPBFJEE9R,pink,style_0
TSHFZRMMGZHQKY9F,pink,style_0
TSHFZRMMBUHTPRAZ,pink,style_0
TSHFZRMMPJCBU4E4,pink,style_0
TSHFZRMMDH2NNVG4,pink,style_0
TSHFZRMM9JRGVHR5,pink,style_0
TSHFZRMMKGV7FEJQ,pink,style_0
TSHFZRMMBYKUH7HT,pink,style_0
TSHFZRMMCZDM3ZS8,pink,style_0
TSHFZSH7TK9ZC5Y8,pink,style_0
TSHFZRMMD8CHWHMQ,pink,style_0
TSHFZRMMVTMBKMMY,pink,style_0
TSHFZRMMZAGZEPFK,pink,style_0
TSHFZRMMGKSA3GCZ,pink,style_0
TSHFZSH7ZFACVF2Q,pink,style_0
TSHFZRMMHUCHQRQH,pink,style_0
BRFFWSBGQPHHA58M,pink,style_1
BRFFWNX5Y3TP8YPU,gray,style_1
BRFFWNX59ZTWCQND,gray,style_1
BRFFWNX5G6JVNYHZ,pink,style_1
BRFFWNX5TPR9NGJY,gray,style_1
BRFFWR8P9V8PE7YP,gray,style_1
BRFFWQCHKM37GYZU,gray,style_1
BRFFWVHFKXCNNFGZ,pink,style_1
BRFFWNX5PGF9HFZT,gray,style_1
BRFFWZ6AKWJGFHGW,pink,style_1
BRFFWZ6AGC8FXFWK,pink,style_1
BRFFWGFJ5ZMZUNQ5,white,style_1
BRFFWGFJYHWXVCRZ,gray,style_1
BRFFWGFJAZZSKN6X,pink,style_1
BRFFWNX54ZDMBYGG,gray,style_1
BRFFWSBGJKYN2ARH,pink,style_1
BRFFWZ6ACJNF72YF,pink,style_1
BRFFWZ6AEA5N2TQA,white,style_1
BRFFWQDGUCXZWG2K,gray,style_1
BRFFWRGFFFHYAURX,white,style_1
BRFFWRGFEZ6SGPHT,white,style_1
BRFFWQFPCJQGNRXP,white,style_1
BRFFWQFPKPFP4QRG,white,style_1
BRFFWVHFKXCNNFGZ,pink,style_1
SWLFJFFHNBZ7WSJH,gray,style_0
SWLFJGU8TU6BU7B2,gray,style_0
SWLFZC8RAB5TGTK2,white,style_0
SWLFZC9YJ2GKCTHE,gray,style_0
SWLFZC9FYKU4EQ8V,white,style_1
SWLFJGTZRJW7DNYP,white,style_0
SWLFZC94PPHPGKZF,white,style_0
SWLFHWRAG5EY9XXD,pink,style_1
SWLFZC9BMKAMCPST,gray,style_1
SWLFZC9E6NMS2AZG,white,style_1
SWLFJFFTRYBKYWGB,gray,style_1
SWLFGT9ASZPHVGVU,white,style_1
SWLFZBFRVDWQSFYS,white,style_1
SWLFJFFTCQYQ2FD3,white,style_1
SWLFJGTWX6GYGMHV,pink,style_0
SWLFGT9KGFU32KY2,white,style_0
JCKFWTPCTDH3RJ4B,white,style_0
TSHFWNWFTFNYC8AY,white,style_0
TSHFJJHNZBNJJEXR,pink,style_0
TKPFPHKFPNHGPHJW,white,style_1
JCKFWZZMXEDQTDHG,white,style_0
TSHFT4FANFZBHGEB,pink,style_0
TSHFVZB9UDJ6HHXT,white,style_0
TSHFVZB9V2UW96MK,white,style_0
TKPFPUMH5RYSQ9V2,white,style_1
TKPFHH63WUVPZGTK,white,style_1
TKPFJH2YVWVVRWFT,white,style_1
TKPFJH22YM62WGVG,gray,style_1
TKPFJHKTXH7HPMJE,white,style_1
TKPFT2WH5KTUU9HR,white,style_1
TKPFVKWHCXFHKBDX,white,style_1
TKPFVF7Z2DERMSJE,white,style_1
TKPFVKWHF5YQYZCR,white,style_1
TKPFT2WHFGWA24SV,white,style_1
TKPFUVM3BKZCQYY8,white,style_1
TKPFVKWHKBRHWZAW,white,style_1
TKPFPUMHUMEYZ9ZV,pink,style_1
JCKFZ5RHBFZ7PQRY,white,style_0
TKPFJH2FEGHEBQHY,black,style_1
TKPFT2WHSWYQFURJ,white,style_1
TKPFUVM6AWZ8HQAH,white,style_1
TKPFT2WHY4DPXEXG,brown,style_1
TKPFV7WVZYKCRPME,white,style_1
TKPFPHKFAGFE3PJD,white,style_1
TKPFVKWH82EHZZGG,white,style_1
TKPFUVM3KGVJ5AFP,white,style_1
TKPFUVM39JRYMCQD,white,style_1
TKPFUVM3JFGUYASE,white,style_1
TKPFPHKFZ4FU4KUF,white,style_1
TKPFUVM3MDS4YZFR,white,style_1
TKPFUVM3GDYGKZ7R,white,style_1
TKPFPHKFGUKVFGWF,pink,style_1
TKPFT2WHZR2UMK8V,white,style_1
TKPFPHKFHDQVZFSM,white,style_1
TKPFUVM3W64BD64C,white,style_1
TSHFHG6GGHQE9NKP,gray,style_0
TKPFPHKFJGXGM2PK,white,style_1
TKPFPHKF5DUJBTPS,gray,style_1
TSHFHG6GWCZCEQKJ,white,style_0
TKPFUVM3E4RFGJ4D,white,style_1
TKPFPHKFMQQN7TDH,white,style_1
JCKFYPHVAQTFQHFG,pink,style_0
TSHFT4FACYSYVNZU,white,style_0
TSHFHWRYCSNSZCAF,white,style_0
TSHFT4FADVQNWH57,pink,style_0
TKPFVN4ZQQZZG3BD,white,style_1
JCKFY7BHXDJTCKEG,white,style_0
TKPFUVM3VRGSKJCB,white,style_1
TSHFT4FAN3DQWZGA,white,style_0
TKPFT2WHXZGRF9ZK,white,style_1
TKPFJH2YNEMYAFHS,pink,style_1
TKPFPHK2Z4HW4ZXG,white,style_1
TSHFWNWFXHK6EPFW,white,style_0
TSHFHG6GKVFXJPEG,white,style_0
TSHFHG6HTKX8JP6D,pink,style_0
TSHFHG6JPCAFTKWA,white,style_0
TSHFS2CJNXPM8ZHS,gray,style_0
SWSFY9VB2GYUQZRY,white,style_0
TKPFJH2FAN5YMCWZ,gray,style_1
TSHFHG6GWTM7C7RY,white,style_0
TKPFPHKFMSA4S3ZC,pink,style_1
SWSFY9XKVUMCZCPE,white,style_0
SWSFY8GQ9GZHZGAT,pink,style_0
JCKFVQRHMZBEMH6Y,white,style_0
TSHFHG6G7PN3NTHA,brown,style_0
TSHFS2CJFSB2CPF6,brown,style_0
TSHFHG6GCWGHFRZF,black,style_0
TSHFV8ZHKCGJEFB3,white,style_0
TSHFS2CJZP4ZFVVR,white,style_0
TSHFHG6G7HZGPSG4,black,style_0
TSHFS2CJSWP7GFEE,black,style_0
TSHFJK3QJRFUSHGF,gray,style_0
TSHFS2CJVGHJ2HG4,brown,style_0
TSHFV8TYWBVBKHH2,white,style_0
TSHFJK7ZHZ96UCZF,gray,style_0
TSHFHG6GZTFQHPQV,brown,style_0
TSHFS2CJNV369GZY,brown,style_0
TSHFW88MK5CYDRPS,white,style_0
TSHFS2CJHDRHGZQR,white,style_0
TSHFHG6G6EKGGPFF,white,style_0
TSHFJK92KHTJS3YP,pink,style_0
TSHFHG6GJ362ZEJV,white,style_0
TSHFHWQZ8XVQXH8E,gray,style_0
TSHFS2CJGMTGQH3H,gray,style_0
TSHFS2CJZDH8JK8H,pink,style_0
TSHFHG6GQFGMRZYV,gray,style_0
TSHFS2CJHHWEND5V,white,style_0
TSHFTPMKUFPHYWZH,white,style_0
TSHFHWQZVFBPKHUW,white,style_0
TSHFS2CJVCRRBEGY,white,style_0
TSHFHG6GSNG9T2NC,white,style_0
TSHFHG6GHQFFPEBF,white,style_0
TSHFS2CJS7QV49AD,pink,style_0
TSHFHG6JWGHGUHYU,white,style_0
TSHFHG6GXQMCZFPZ,white,style_0
TSHFV8ZKPE7WVEC3,white,style_0
TSHFV8ZVSAZG4PKD,white,style_0
TSHFHWQXMZYH4DPE,gray,style_0
TSHFS2CJTZFBFGJF,white,style_0
TSHFHG6G6CTZYDDH,white,style_0
TSHFT4FAWVHHJVHK,brown,style_0
TSHFHG6GEBEN5B4F,white,style_0
TSHFHG6GF6BQSHTH,black,style_0
TSHFHWQZHB5HXYG2,pink,style_0
TSHFS2CJRTRQYZTZ,black,style_0
TSHFTPMVY2ATZCKM,gray,style_0
TSHFV8SVGPZGV38J,white,style_0
TSHFTPMZKQ7NCMYJ,pink,style_0
TSHFS2CJSBNX8JRK,pink,style_0
TSHFS2CJ3YKBPJNP,pink,style_0
TSHFHWQXNVQGVJD5,white,style_0
TSHFHG6GKHCC2WZ7,white,style_0
TSHFHG6GUNG2Z4UB,black,style_0
TSHFHWQYSWVBTQSE,pink,style_0
TSHFJJHNSNKGUYHG,gray,style_0
TSHFHG6GRQCGFFGS,white,style_0
TSHFS2CJ4JUYWHQ7,black,style_0
TSHFV8Z7AZF5FZZP,white,style_0
TSHFS2CJBZY6DNR7,brown,style_0
TSHFTPMKGAGR8SNJ,white,style_0
TSHFS2CJGGA6AYYC,black,style_0
TSHFHG6GYZDU9W5V,white,style_0
TSHFS2CJ4UGYZHQ2,gray,style_0
TSHFHGEY3FZTT3TT,white,style_0
TSHFTPN3Z87QBJFP,white,style_0
SWSFY8JHZDGMHWDP,white,style_0
TSHFS2CJSGVMNV8C,purple,style_0
TSHFS2CJQMJSKFVD,pink,style_0
TSHFHG6JE39GUQW5,white,style_0
TSHFJKPYZQ8YDZDP,brown,style_0
TSHFS2CJWHC7A9B9,gray,style_0
TSHFV8VFXKBQNUBV,white,style_0
TSHFV8SBDFYHDXZH,white,style_0
TSHFT4FA3HDY42UM,black,style_0
TSHFV8TFQGMQRMEN,white,style_0
TSHFT4FAFW9ZEFZC,white,style_0
TSHFTAZ7PZMMSTAK,white,style_0
TSHFHG6GZ4YZWWJS,white,style_0
TSHFT4FAJC6GYU4G,brown,style_0
TSHFT4FASDGHGWC2,gray,style_0
TSHFS2CJ3HWYWDJU,gray,style_0
TSHFS2CJHYGZAXSE,gray,style_0
TSHFTXRFBWRVBCTF,gray,style_0
TSHFT4FAHHFFUSG7,pink,style_0
TSHFJK57JKH8XS83,white,style_0
TSHFT4FAYZGTSBGE,pink,style_0
TSHFV8YMEQJAHFNT,white,style_0
SRTFJ7PMXGAZHDP8,white,style_1
TSHFHG6GVTZVQKJH,white,style_0
TSHFJK3RFZWYNKGX,white,style_0
TSHFVZB9FZYQGZUT,white,style_0
TSHFVZB9JAGVHUM3,white,style_0
TSHFV8S9NBUYGFZG,white,style_0
JCKFYPHZGGKZGFPQ,white,style_0
TSHFJK3KMFSQWDNW,white,style_0
TSHFHGEYDG2ZTBM2,white,style_0
TSHFV8S9NBUYGFZG,white,style_0
TSHFJK3KMFSQWDNW,white,style_0
TSHFHGEYDG2ZTBM2,white,style_0
TKPFHH64HFP4BGT5,white,style_1
TSHFV8YFF2P56RZB,white,style_0
TSHFHG6GWCU8AAFK,gray,style_0
TSHFTQ8FP3YGUXSG,white,style_0
SWSFUZYBAHAGMCBH,pink,style_0
TKPFVKWGQKERTCVR,white,style_1
TKPFJH2YTHEX6FTN,white,style_1
TKPFVKWGYAMZHYZH,white,style_1
JCKFWTPCGA6WDZEU,white,style_0
JCKFX4V78YKGVHU7,white,style_0
TKPFJHGZ6BGGWVRE,gray,style_1
TSHFKZFKA69GAGRJ,pink,style_0
JCKFX4VFKMJCHYHG,white,style_0
TKPFJH2YFKEUQSVH,white,style_1
TKPFHH64QACFAJQW,white,style_1
TSHFTQ8FUD7PZ9FA,pink,style_0
TKPFPHKFPPFWDB4K,white,style_1
TSHFKNYNM7Y7GZFU,pink,style_0
TKPFT2WHWRNVPVBC,gray,style_1
TKPFVKWGMRAAJWQ4,white,style_1
JCKFX4VD6HZ5B6UB,black,style_0
JCKFYKYKUER8WBMH,white,style_0
TSHFS2CJJBVQYJSF,brown,style_0
TSHFV8ZGVPKBSRRN,white,style_0
TSHFT4FAJ3CGKFCV,pink,style_0
TSHFVZBAB4BMYBCC,pink,style_0
TSHFW88MJG9RSMHH,white,style_0
TSHFVZB9T8GPDHZG,pink,style_0
TSHFS2CJTDGMUZEE,pink,style_0
JCKFYPMBT7JMVCJ2,white,style_0
TSHFT4FAVYUAGUNU,white,style_0
TSHFT4FA7A4MRTNY,brown,style_0
TSHFTPMRHERS3PHC,brown,style_0
TSHFVZBAZMEGNEGS,white,style_0
TSHFKNYKRWJHQPC3,pink,style_0
TSHFKZYAJHSEHGTH,gray,style_0
TSHFTPM6NXFY8SEY,black,style_0
TSHFW88MYFGWMFHG,white,style_0
TSHFVZBAVEHV6EGW,white,style_0
SRTFJ7PNXGH9RZWP,white,style_1
TSHFKZY3QYYZ5FMF,brown,style_0
TSHFKZFGHRPZA5E2,brown,style_0
TSHFVZB9JRMVGZBY,pink,style_0
TSHFKZY7FBMSWGTZ,black,style_0
JCKFX4X7Q4WSFAQF,white,style_0
TSHFWNWFZTHKZGBA,white,style_0
TSHFWNWFNXQGDSZK,white,style_0
SRTFUVMRCF5BESGZ,white,style_1
JCKFX4VGMNTYYZVU,gray,style_0
JCKFYPHWHHBCSJPK,white,style_0
JCKFYPHSN7XZY9CJ,white,style_0
JCKFYPHGHQENJQAG,white,style_0
TSHFVZBAGXFXG75Z,pink,style_0
TSHFKNYUJC5CHCTV,black,style_0
JCKFYPM9RDD6HWBQ,white,style_0
TKPFHH65KJ92PU6H,white,style_1
TKPFHH64JTJC5BGV,gray,style_1
JCKFY7BH5GXDPRMC,white,style_0
TSHFKZF6QYJR7ZRP,brown,style_0
JCKFYPHZTFYYEZGZ,white,style_0
TSHFJK3X6FEGNBQD,white,style_0
TSHFKNYJYDV4GT6E,gray,style_0
TSHFKZYA3BGX7GGX,pink,style_0
SRTFJ7PMYZ3F2HZ2,white,style_1
JCKFX4VDGNUHGFUN,white,style_0
SRTFPUM5C2RJRZJR,white,style_1
SRTFTD8JGQDAQ5AF,pink,style_1
SRTFTD8JWG6DPXKZ,pink,style_1
SRTFJ7PNS8Y6XMSY,white,style_1
JCKFWTPCWNQSFAH3,white,style_0
